signal_date,buy_date,target_exit_date,actual_exit_date,exit_delay_days,ts_code,name,industry,stage,source_rank,d_close,buy_open,auction_vwap,auction_amount,auction_truth_source,exit_open,actual_buy_gap,gross_return,net_return,profit_hit,big_loss_hit,continuation_limit_up_hit,exit_on_time,market_fill,mechanism_limit_pct,fill_reason,exit_reason,exit_policy_version,take_profit_pct,stop_loss_pct,latest_exit_time,history_source,history_contract_version,prior_probability,strength_score,theme_boost,final_score,intraday_quality,intraday_risk,intraday_hard_risk,auction_strength,intraday_confidence,stage_quality,stage_risk,stage_prior,limit_times,open_board_count,reseal_score,late_withdraw,d_return,d_range,d_turnover_proxy,d_amount_log,limit_open_times,limit_first_time_minutes,limit_last_time_minutes,limit_fd_amount_log,limit_seal_to_amount,limit_seal_to_float_mv,d_turnover_rate,d_volume_ratio,d_float_mv_log,order_to_d_amount,order_to_float_mv,is_hot_board,board_rank,board_limit_up_count,d_amount_percentile,market_median_return,market_up_ratio,market_return_dispersion,market_equal_weight_return,market_down_ratio,market_strong_up_ratio,market_strong_down_ratio,market_limit_up_count_log,market_limit_down_count_log,market_limit_up_down_log_ratio,market_failed_limit_up_rate,market_reseal_rate,market_prev_limit_up_mean_return,market_prev_limit_up_positive_rate,market_prev_limit_up_open_gap_mean,market_focus_promotion_rate,market_limit_up_industry_concentration,market_limit_up_amount_top3_share,market_amount_ratio_5d,market_sentiment_score,market_sentiment_delta,market_sentiment_coverage,market_sentiment_acceleration,market_sentiment_regime_code,market_sentiment_regime_label,market_sentiment_breadth_score,market_sentiment_limit_ecology_score,market_sentiment_promotion_score,market_sentiment_profit_effect_score,market_sentiment_liquidity_score,market_eligible_stock_count,market_limit_up_count,market_limit_down_count,market_touched_up_count,market_failed_limit_up_count,market_reseal_count,market_prev_limit_up_sample,market_2_to_3_promotion_rate,market_2_to_3_promotion_samples,market_3_to_4_promotion_rate,market_3_to_4_promotion_samples,market_focus_promotion_samples,market_max_streak,relative_d_return,minute_available,minute_realized_vol,minute_first_30m_return,minute_last_30m_return,minute_vwap_deviation,minute_opening_volume_share,minute_closing_volume_share,minute_close_location,limit_ratio,proposed_gap,path_days_observed,path_data_coverage,path_strength_latest,path_strength_delta,path_gap_slope,path_first_seal_slope,path_open_times_slope,path_turnover_slope,path_amount_log_slope,path_seal_ratio_slope,path_one_price_ratio,path_weak_to_strong,path_strong_to_weak,path_acceleration_consensus,path_divergence_reseal,path_label_code,path_label,path_explanation,stage_pool_size,focus_pool_size,market_max_limit_times,same_industry_stage_count,stage_pool_share,stage_recent_promotion_rate,stage_recent_promotion_samples,backfill_generated_at_utc,diagnostic_gap,predicted_net_return,predicted_return_lcb,predicted_return_ucb,predicted_mean_return_lcb,predicted_mean_return_ucb,predicted_outcome_q10,predicted_outcome_q90,predicted_profit_probability,predicted_big_loss_probability,predicted_continuation_limit_up_probability,predicted_fill_probability,predicted_exit_probability,conservative_ev,selection_score,stage_focus,gate_policy_ready,gate_stage_focus,gate_exit_probability,gate_fill_probability,gate_big_loss_probability,gate_mean_return_lcb,gate_conservative_ev,gate_selection_score,risk_gate_pass,recommended_max_gap,selection_policy_version,policy_max_big_loss_probability,policy_min_mean_return_lcb,policy_min_fill_probability,policy_min_exit_probability,policy_min_conservative_ev,policy_min_selection_score,policy_max_positions,model_reason,shadow_rank,shadow_selected,selected,oos_train_end,oos_train_dates,oos_refit_index,oos_block_dates,cap_accepted,strategy_filled,strategy_weight,shadow_cap_accepted,shadow_market_filled,shadow_limit_filled,strategy_net_return,strategy_portfolio_return,shadow_market_net_return,shadow_limit_net_return,forecast_error,direction_success,within_prediction_interval
20260714,20260715,20260716,20260720,2,603137.SH,恒尚节能,装修装饰,2→3,74.0,32.37,32.88,,48428952.0,market_repo_auction,27.6,0.0157553290083412,-0.16058394160583944,-0.16508394160583945,0,1,1,0,1,10.0,market_proxy_buyable,delayed_first_tradable_open,tplus1_first_touch_tp15_sl5_time1100_v2,0.15,-0.05,11:00,repository_market_raw,decision_v10_tp15_sl5_time1100_strict_intraday_no_future,0.0914640444194204,58.182927,0.01,0.172335,0.730512,0.0,0.0,0.7700815494393474,0.0,0.92,0.015,0.35,2.0,0.0,0.5,0.0,0.09989806320081551,0.14780835881753307,0.04655113829425747,13.938995277859899,0.0,876.7166666666667,,17.476750279743513,0.03438965744668822,0.006570836304097533,0.201848,1.45,22.50186441745918,8.83835930524104e-05,1.6887464576105812e-05,0.0,,,0.9109341057204924,0.015508000000000001,0.7623099203475743,0.03358237735415789,0.015663220878421386,0.20305537873965626,0.08943348185868873,0.030553787396562698,4.330733340286331,3.295836866004329,1.034896474282002,0.2857142857142857,0.5492957746478874,0.022212785714285716,0.6785714285714286,0.006455909435201892,0.18181818181818182,0.04741122793096609,0.45254801974929215,0.9661137600561527,0.5444740540897814,0.24769420812508036,1.0,0.4309705958256861,REPAIR,修复,0.7772046042860175,0.6208975716911523,0.18181818181818182,0.7047052857142857,0.43222752011230536,3142.0,75.0,26.0,105.0,30.0,39.0,28.0,0.2857142857142857,7.0,0.0,4.0,11.0,3.0,0.08439006320081552,0.0,,,,,,,,0.09989806320081551,0.0157553290083412,2.0,1.0,0.5333578888529902,0.011843197985437981,0.09895440154207191,299.6,-6.0,0.05010700000000001,0.3690511677732573,-0.023322833171272185,0.0,0.0,0.0,0.0,0.0,MIXED,路径混合,路径强度0.52→0.53；竞价斜率+9.90pct/板；首封每板推迟300分钟；炸板变化-6.0/板,1.0,1.0,2.0,1.0,1.0,0.3655913978494624,93.0,,0.04999999999999995,-0.029225274725274704,-0.14037649530070415,0.14539725425029695,-0.04116481988119482,-0.017285729569354594,-0.14037649530070415,0.14539725425029695,0.3707953671547646,0.43264558054730223,0.14546228085414314,0.26073740759281233,1.0,-0.011004328980407593,-0.04121659332983024,1,0,1,1,1,1,1,1,0,0,,nested_temporal_utility_v1,0.45,-0.05,0.05,0.9,-0.02,-0.04052724954966155,1,selection_policy_not_ready,1.0,1,0,20230704,120,6,12,0,0,0.0,1,1,1,,0.0,-0.16508394160583945,-0.16508394160583945,,,
20260715,20260716,20260717,20260720,1,603137.SH,恒尚节能,装修装饰,3→4,50.0,35.61,32.05,,47962825.0,market_repo_auction,27.6,-0.09997191800056171,-0.1388455538221528,-0.1433455538221528,0,1,0,0,1,10.0,market_proxy_buyable,delayed_first_tradable_open,tplus1_first_touch_tp15_sl5_time1100_v2,0.15,-0.05,11:00,repository_market_raw,decision_v10_tp15_sl5_time1100_strict_intraday_no_future,0.1230151810905575,58.873239,0.01,0.214626,0.69668,0.0,0.0,0.5445319740500473,0.0,1.1,0.0,0.43,3.0,0.0,0.5,0.0,0.1000926784059315,0.13685511275872722,0.08433734939759027,13.857543955080027,3.0,850.2833333333333,857.8833333333333,17.449426886828007,0.036302400514772105,0.005811991555447517,0.168028,0.94,22.597258846795352,9.588386815897558e-05,1.535094715890326e-05,0.0,,,0.9089592760180996,0.007692,0.6065158371040724,0.03710625156748941,0.0063258218135700695,0.3069118579581484,0.05485098287888396,0.0653138871274572,4.204692619390966,3.828641396489095,0.3760512229018711,0.30526315789473685,0.46153846153846156,0.016276225352112674,0.5915492957746479,0.021686430445833974,0.5,0.03857988165680474,0.35172687892250687,0.9420217602938108,0.558341400010145,0.013867345920363539,1.0,-0.23382686220471682,NEUTRAL,震荡,0.6448763638765589,0.5369625378521861,0.5,0.6342770704225351,0.3840435205876216,3154.0,66.0,45.0,95.0,29.0,30.0,71.0,0.5,4.0,0.5,2.0,6.0,4.0,0.0924006784059315,0.0,,,,,,,,0.1000926784059315,-0.09997191800056171,3.0,1.0,0.3364653204290926,-0.19689256842389757,0.030681402821927606,136.58333333333331,-1.5,0.008143500000000012,0.14379988440342828,-0.010705045051594149,0.0,0.0,0.0,0.0,0.0,MIXED,路径混合,路径强度0.53→0.34；竞价斜率+3.07pct/板；首封每板推迟137分钟；炸板变化-1.5/板,1.0,1.0,3.0,1.0,1.0,0.4782608695652174,46.0,,0.04999999999999995,-0.029225274725274704,-0.10623931650727395,0.14558446125911367,-0.04116481988119482,-0.017285729569354594,-0.10623931650727395,0.14558446125911367,0.3707953671547646,0.43264558054730223,0.19201806115104159,0.24648177235666419,1.0,-0.01040267499676344,-0.040998070063581894,1,0,1,1,1,1,1,1,0,0,,nested_temporal_utility_v1,0.45,-0.05,0.05,0.9,-0.02,-0.04052724954966155,1,selection_policy_not_ready,1.0,1,0,20230704,120,6,12,0,0,0.0,1,1,1,,0.0,-0.1433455538221528,-0.1433455538221528,,,
20260717,20260720,20260721,20260722,1,002632.SZ,道明光学,塑料,2→3,16.0,10.59,9.53,,37459571.0,market_repo_auction,8.1,-0.10009442870632679,-0.15005246589716692,-0.15455246589716692,0,1,0,0,1,10.0,market_proxy_buyable,delayed_first_tradable_open,tplus1_first_touch_tp15_sl5_time1100_v2,0.15,-0.05,11:00,repository_market_raw,decision_v10_tp15_sl5_time1100_strict_intraday_no_future,0.1347813915803231,61.23212,0.679305707944409,0.26024,0.861606,0.0853314,0.0,0.7989096573208718,1.0,0.92,0.015,0.35,2.0,1.0,0.8233429999999999,0.0,0.09968847352024901,0.05088265835929389,0.04153686396677054,13.543748039848026,2.0,570.15,621.6,17.85462721817934,0.07450606075678955,0.009333320968521118,0.126328,2.88,22.52879158300793,0.00013122770467543105,1.643880075335328e-05,1.0,2.0,2.0,0.8719666787395871,-0.041209,0.08728721477725462,0.041677504856255744,-0.03554706097173706,0.889171165449349,0.015878056525881232,0.29977770720863767,3.4965075614664802,5.351858133476067,-1.8553505720095862,0.36,0.6333333333333333,-0.010886951219512197,0.36585365853658536,0.013337996479207566,0.3333333333333333,0.11777777777777773,0.36117916809895767,0.9374621257615362,0.30258862595292274,-0.08266540640087039,1.0,0.09042196125548146,EBB,退潮,0.04987297554779293,0.3826666666666667,0.3333333333333333,0.38101975609756095,0.3749242515230724,3149.0,32.0,210.0,50.0,18.0,19.0,41.0,0.25,8.0,1.0,1.0,9.0,4.0,0.140897473520249,0.0,,,,,,,,0.09968847352024901,-0.10009442870632679,2.0,1.0,0.7557085810192101,-0.24429141898078988,-0.04241981901795011,5.149999999999977,2.0,0.099988,1.6544115022793875,-0.8463399762648505,0.5,0.0,0.0,0.0,1.0,DIVERGENCE_RESEAL,分歧回封,路径强度1.00→0.76；竞价斜率-4.24pct/板；首封每板推迟5分钟；炸板变化+2.0/板,4.0,6.0,4.0,1.0,0.13333333333333333,0.3695652173913043,92.0,,0.04999999999999995,-0.029225274725274704,-0.14037649530070415,0.14541142985330915,-0.04116481988119482,-0.017285729569354594,-0.14037649530070415,0.14541142985330915,0.3707953671547646,0.43264558054730223,0.2987184867765335,0.3136851857809117,1.0,-0.013238971011034105,-0.04039736452203019,1,0,1,1,1,1,1,1,1,0,,nested_temporal_utility_v1,0.45,-0.05,0.05,0.9,-0.02,-0.04052724954966155,1,selection_policy_not_ready,1.0,1,0,20230704,120,6,12,0,0,0.0,1,1,1,,0.0,-0.15455246589716692,-0.15455246589716692,,,
20260717,20260720,20260721,20260721,0,001258.SZ,立新能源,电力,2→3,6.0,8.27,8.84,,50113076.0,market_repo_auction,10.01,0.06892382103990324,0.13235294117647056,0.12785294117647056,1,0,1,1,1,10.0,market_proxy_buyable,time_exit,tplus1_first_touch_tp15_sl5_time1100_v2,0.15,-0.05,11:00,repository_market_raw,decision_v10_tp15_sl5_time1100_strict_intraday_no_future,0.1706899452817208,55.98448,0.8363999999999999,0.286965,0.706724,0.109178,0.0,0.3702127659574473,1.0,0.92,0.015,0.35,2.0,0.0,0.454111,0.0,0.0997340425531914,0.12499999999999994,0.11303191489361698,13.039758916038295,1.0,586.0,586.4,18.205966057242385,0.17524926066883312,0.010452323467698851,0.061497,2.66,22.766897028855773,0.0002172228980461026,1.2955740790595091e-05,1.0,1.0,9.0,0.7921043100325968,-0.041209,0.08728721477725462,0.041677504856255744,-0.03554706097173706,0.889171165449349,0.015878056525881232,0.29977770720863767,3.4965075614664802,5.351858133476067,-1.8553505720095862,0.36,0.6333333333333333,-0.010886951219512197,0.36585365853658536,0.013337996479207566,0.3333333333333333,0.11777777777777773,0.36117916809895767,0.9374621257615362,0.30258862595292274,-0.08266540640087039,1.0,0.09042196125548146,EBB,退潮,0.04987297554779293,0.3826666666666667,0.3333333333333333,0.38101975609756095,0.3749242515230724,3149.0,32.0,210.0,50.0,18.0,19.0,41.0,0.25,8.0,1.0,1.0,9.0,4.0,0.1409430425531914,0.0,,,,,,,,0.0997340425531914,0.06892382103990324,2.0,1.0,0.6587878787878789,0.2177279967164567,-0.0016019659076769166,-194.0,-1.0,0.008263,0.23938101575465254,0.08642344289739061,0.0,1.0,0.0,0.0,0.0,WEAK_TO_STRONG,弱转强,路径强度0.44→0.66；竞价斜率-0.16pct/板；首封每板提前194分钟；炸板变化-1.0/板,4.0,6.0,4.0,1.0,0.13333333333333333,0.3695652173913043,92.0,,0.04999999999999995,-0.029225274725274704,-0.14037649530070415,0.14541142985330915,-0.04116481988119482,-0.017285729569354594,-0.14037649530070415,0.14541142985330915,0.3707953671547646,0.43264558054730223,0.30290845599844934,0.25987597515077393,1.0,-0.010967972532462116,-0.04043022388655075,1,0,1,1,1,1,1,1,1,0,,nested_temporal_utility_v1,0.45,-0.05,0.05,0.9,-0.02,-0.04052724954966155,1,selection_policy_not_ready,2.0,1,0,20230704,120,6,12,0,0,0.0,0,1,0,,0.0,0.12785294117647056,,,,
20260720,20260721,20260722,20260722,0,600644.SH,乐山电力,电力,2→3,10.0,9.91,9.85,,25366705.0,market_repo_auction,9.3,-0.006054490413723523,-0.055837563451776595,-0.06033756345177659,0,1,0,1,1,10.0,market_proxy_buyable,stop_gap_at_open,tplus1_first_touch_tp15_sl5_time1100_v2,0.15,-0.05,11:00,repository_market_raw,decision_v10_tp15_sl5_time1100_strict_intraday_no_future,0.1744097533652667,61.907407,0.8363999999999999,0.301415,0.69149,0.0,0.0,0.5099334073251935,0.0,0.92,0.015,0.35,2.0,0.0,0.5,0.0,0.09988901220865709,0.0943396226415094,0.0899001109877914,13.415834729590644,2.0,572.75,30.5,17.690122370469457,0.07182905827225029,0.0084038838261542,0.11967499999999999,3.38,22.46918366961353,0.00014913433839855585,1.7448476766066984e-05,1.0,1.0,17.0,0.8477552498189718,-0.021022,0.3149891383055757,0.050309821605931324,-0.014434841002856236,0.586163122818153,0.05426848619485877,0.19961916851793082,3.9512437185814275,5.53338948872752,-1.5821457701460928,0.49,0.673469387755102,0.006436406250000001,0.53125,0.009379565239960856,0.14285714285714285,0.15368596418159094,0.2702756611627872,1.0327280943734964,0.3635597332486522,0.060971107295729465,1.0,0.14363651369659985,REPAIR,修复,0.32890721887231567,0.33869387755102043,0.14285714285714285,0.5511184375,0.5654561887469929,3151.0,51.0,252.0,100.0,49.0,33.0,32.0,0.2,5.0,0.0,2.0,7.0,3.0,0.12091101220865709,0.0,,,,,,,,0.09988901220865709,-0.006054490413723523,2.0,1.0,0.6533221221802007,-0.0009099546860228402,0.025861917093881304,-12.716666666666697,1.0,0.04408999999999999,0.5482352382371758,-0.09212504419146601,0.0,0.0,0.0,0.0,1.0,DIVERGENCE_RESEAL,分歧回封,路径强度0.65→0.65；竞价斜率+2.59pct/板；首封每板提前13分钟；炸板变化+1.0/板,7.0,8.0,3.0,5.0,0.14285714285714285,0.3626373626373626,91.0,,0.04999999999999995,-0.029225274725274704,-0.14037649530070415,0.14539725425029695,-0.04116481988119482,-0.017285729569354594,-0.14037649530070415,0.14539725425029695,0.3707953671547646,0.43264558054730223,0.32713303807152216,0.16329965840611388,1.0,-0.006892003644890871,-0.04040567729293004,1,0,1,1,1,1,1,1,1,0,,nested_temporal_utility_v1,0.45,-0.05,0.05,0.9,-0.02,-0.04052724954966155,1,selection_policy_not_ready,1.0,1,0,20230704,120,6,12,0,0,0.0,1,1,1,,0.0,-0.06033756345177659,-0.06033756345177659,,,
20260720,20260721,20260722,20260722,0,600722.SH,金牛化工,化学原料,2→3,34.0,9.38,9.56,,29654164.0,market_repo_auction,8.77,0.019189765458422103,-0.08263598326359833,-0.08713598326359834,0,1,0,1,1,10.0,market_proxy_buyable,stop_gap_at_open,tplus1_first_touch_tp15_sl5_time1100_v2,0.15,-0.05,11:00,repository_market_raw,decision_v10_tp15_sl5_time1100_strict_intraday_no_future,0.1213699287786848,53.611111,0.4322611773793213,0.216607,0.750026,0.0,0.0,0.9001758499413842,0.0,0.92,0.015,0.35,2.0,0.0,0.5,0.0,0.09964830011723347,0.06447831184056281,0.024618991793669505,13.02059012647837,0.0,575.7666666666667,,18.313099319456796,0.19884216680493746,0.014072203474408353,0.072157,0.87,22.576653120606057,0.0002214269667789756,1.5670546048170656e-05,1.0,4.0,3.0,0.7856625633598842,-0.021022,0.3149891383055757,0.050309821605931324,-0.014434841002856236,0.586163122818153,0.05426848619485877,0.19961916851793082,3.9512437185814275,5.53338948872752,-1.5821457701460928,0.49,0.673469387755102,0.006436406250000001,0.53125,0.009379565239960856,0.14285714285714285,0.15368596418159094,0.2702756611627872,1.0327280943734964,0.3635597332486522,0.060971107295729465,1.0,0.14363651369659985,REPAIR,修复,0.32890721887231567,0.33869387755102043,0.14285714285714285,0.5511184375,0.5654561887469929,3151.0,51.0,252.0,100.0,49.0,33.0,32.0,0.2,5.0,0.0,2.0,7.0,3.0,0.12067030011723347,0.0,,,,,,,,0.09964830011723347,0.019189765458422103,2.0,1.0,0.9453458110516935,0.11489942410530674,0.05567446961388667,-3.050000000000068,0.0,-0.00027099999999999347,0.09558691300707522,-0.025682718968255525,0.0,0.0,0.0,0.0,0.0,STABLE_STRONG,持续强势,路径强度0.83→0.95；竞价斜率+5.57pct/板；首封每板提前3分钟；炸板变化+0.0/板,7.0,8.0,3.0,1.0,0.14285714285714285,0.3626373626373626,91.0,,0.03999999999999995,-0.029225274725274704,-0.14037649530070415,0.14539725425029695,-0.04116481988119482,-0.017285729569354594,-0.14037649530070415,0.14539725425029695,0.3707953671547646,0.43264558054730223,0.3219678313115364,0.1807690431117585,1.0,-0.007629292774828181,-0.04041403394202432,1,0,1,1,1,1,1,1,1,0,,nested_temporal_utility_v1,0.45,-0.05,0.05,0.9,-0.02,-0.04052724954966155,1,selection_policy_not_ready,2.0,1,0,20230704,120,6,12,0,0,0.0,1,1,1,,0.0,-0.08713598326359834,-0.08713598326359834,,,
20260721,20260722,20260723,20260723,0,000889.SZ,中嘉博创,通信服务,2→3,31.0,3.8,4.16,,27201824.0,market_repo_auction,3.88,0.09473684210526323,-0.06730769230769229,-0.0718076923076923,0,1,0,1,1,10.0,market_proxy_buyable,stop_gap_at_open,tplus1_first_touch_tp15_sl5_time1100_v2,0.15,-0.05,11:00,repository_market_raw,decision_v10_tp15_sl5_time1100_strict_intraday_no_future,0.1638387843552334,57.727273,0.01,0.222086,0.70337,0.0,0.0,0.5891304347826075,0.0,0.92,0.015,0.35,2.0,0.0,0.5,0.0,0.10144927536231862,0.09855072463768111,0.0782608695652174,12.46062611132195,1.0,574.7,575.25,17.802111415135435,0.20882345059689503,0.016297958395459045,0.08032,1.33,21.91882682770168,0.0003876328033376022,3.0253418777696104e-05,0.0,,,0.6570135746606335,0.0059,0.5623529411764706,0.053149572354577776,0.004321110650510204,0.5051020408163265,0.1090561224489796,0.03188775510204082,4.442651256490317,3.332204510175204,1.1104467463151124,0.13402061855670103,0.5060240963855421,0.007224519999999999,0.48,0.009003364734243052,0.2222222222222222,0.05095079111627231,0.31557917981414957,1.1289659105737322,0.5085756267170334,0.14501589346838117,1.0,0.08404478617265171,REPAIR,修复,0.5373142625956633,0.6796362826379936,0.2222222222222222,0.53534712,0.7579318211474644,3136.0,84.0,27.0,97.0,13.0,42.0,50.0,0.125,8.0,1.0,1.0,9.0,4.0,0.09554927536231862,1.0,0.003672730485379364,0.0764872521246458,0.0,0.02393983204053418,0.8341630500521604,0.007042030257399803,1.0,0.10144927536231862,0.09473684210526323,2.0,1.0,0.7414415584415581,-0.10521679932970285,-0.0022893012092681797,-0.75,1.0,0.03153000000000001,0.5834661765294946,-0.3826776455253258,0.0,0.0,0.0,0.0,1.0,DIVERGENCE_RESEAL,分歧回封,路径强度0.85→0.74；竞价斜率-0.23pct/板；首封每板提前1分钟；炸板变化+1.0/板,2.0,3.0,4.0,1.0,0.02531645569620253,0.32967032967032966,91.0,,0.04999999999999995,-0.029225274725274704,-0.14037649530070415,0.14539725425029695,-0.04116481988119482,-0.017285729569354594,-0.14037649530070415,0.14539725425029695,0.3707953671547646,0.43264558054730223,0.42576631341385157,0.1644040623262049,1.0,-0.006938614617118195,-0.039911406512298304,1,0,1,1,1,1,1,1,1,0,,nested_temporal_utility_v1,0.45,-0.05,0.05,0.9,-0.02,-0.04052724954966155,1,selection_policy_not_ready,1.0,1,0,20230704,120,6,12,0,0,0.0,0,1,0,,0.0,-0.0718076923076923,,,,
20260721,20260722,20260723,20260723,0,000815.SZ,美利云,IT服务Ⅱ,2→3,42.0,14.66,16.13,,187850802.63,market_repo_auction,17.74,0.10027285129604357,0.09981401115933042,0.09531401115933041,1,0,1,1,0,10.0,opening_auction_limit_up_unconfirmed,time_exit,tplus1_first_touch_tp15_sl5_time1100_v2,0.15,-0.05,11:00,repository_market_raw,decision_v10_tp15_sl5_time1100_strict_intraday_no_future,0.1509092596402276,46.231405,0.0573942950693908,0.193689,0.765,0.0,0.0,1.0,0.0,0.92,0.015,0.35,2.0,0.0,0.5,0.0,0.0997749437359341,0.004501125281320367,0.0007501875468867057,13.004489152100296,0.0,570.0,570.0,19.187854297979808,0.4846211268750642,0.02112983613068324,0.043606,1.13,23.044923496110776,0.0002250210277650026,9.811081644936588e-06,1.0,9.0,3.0,0.7759276018099548,0.0059,0.5623529411764706,0.053149572354577776,0.004321110650510204,0.5051020408163265,0.1090561224489796,0.03188775510204082,4.442651256490317,3.332204510175204,1.1104467463151124,0.13402061855670103,0.5060240963855421,0.007224519999999999,0.48,0.009003364734243052,0.2222222222222222,0.05095079111627231,0.31557917981414957,1.1289659105737322,0.5085756267170334,0.14501589346838117,1.0,0.08404478617265171,REPAIR,修复,0.5373142625956633,0.6796362826379936,0.2222222222222222,0.53534712,0.7579318211474644,3136.0,84.0,27.0,97.0,13.0,42.0,50.0,0.125,8.0,1.0,1.0,9.0,4.0,0.0938749437359341,1.0,0.0,0.0006825938566552558,0.0,0.0,0.8858976358297552,0.00440557462456567,1.0,0.0997749437359341,0.10027285129604357,2.0,1.0,0.9984962406015038,-0.0015037593984962294,-0.0008102273093024692,5.0,0.0,0.020991,0.7515753654003312,-0.37059587807986627,0.5,0.0,0.0,0.0,0.0,STABLE_STRONG,持续强势,路径强度1.00→1.00；竞价斜率-0.08pct/板；首封每板推迟5分钟；炸板变化+0.0/板,2.0,3.0,4.0,1.0,0.02531645569620253,0.32967032967032966,91.0,,0.04999999999999995,-0.029225274725274704,-0.14037649530070415,0.14539725425029695,-0.04116481988119482,-0.017285729569354594,-0.14037649530070415,0.14539725425029695,0.3707953671547646,0.43264558054730223,0.30653825106578547,0.13533036763185402,1.0,-0.005711569736806256,-0.04053662051873299,1,0,1,1,1,1,1,1,0,0,,nested_temporal_utility_v1,0.45,-0.05,0.05,0.9,-0.02,-0.04052724954966155,1,selection_policy_not_ready,2.0,1,0,20230704,120,6,12,0,0,0.0,0,1,0,,0.0,0.09531401115933041,,,,
20260722,20260723,20260724,20260724,0,002213.SZ,大为股份,半导体,2→3,26.0,27.49,27.95,,12898925.0,market_repo_auction,27.23,0.01673335758457628,-0.025760286225402385,-0.030260286225402385,0,1,0,1,1,10.0,market_proxy_buyable,time_exit,tplus1_first_touch_tp15_sl5_time1100_v2,0.15,-0.05,11:00,repository_market_raw,decision_v10_tp15_sl5_time1100_strict_intraday_no_future,0.1298560650985868,60.714529,0.5394931282264485,0.245003,0.796596,0.08004,0.0,0.6876950780312125,1.0,0.92,0.015,0.35,2.0,0.0,0.5998,0.0,0.10004001600640255,0.06962785114045612,0.060424169667867074,12.38918752959848,0.0,573.5,573.5,18.36633194415369,0.3943144028035134,0.016666476311744314,0.04294800000000001,0.65,22.4606879173538,0.00041633797824129463,1.7597346185438983e-05,1.0,3.0,3.0,0.6880202678248281,-0.0127705,0.2768729641693811,0.03056464333354096,-0.005364629252782195,0.6413354531001589,0.04038155802861685,0.025119236883942766,3.8066624897703196,2.3978952727983707,1.4087672169719492,0.47619047619047616,0.6097560975609756,0.017800238095238095,0.6071428571428571,0.01724238683292174,0.5,0.07792980368828079,0.36419989304605227,1.0102660383015831,0.5349189291061578,0.026343302389124412,1.0,-0.11867259107925676,NEUTRAL,震荡,0.38722327795442507,0.5900321149890668,0.5,0.6496585714285713,0.5205320766031662,3145.0,44.0,10.0,84.0,40.0,25.0,84.0,0.3333333333333333,3.0,1.0,1.0,4.0,5.0,0.11281051600640256,1.0,0.0023226059942863695,0.05812163202463427,0.0,0.01197983018814508,0.815087022013077,0.02852543708685283,1.0,0.10004001600640255,0.01673335758457628,2.0,1.0,0.8760181818181818,0.09737601121345585,0.006165142113183197,-93.64999999999998,0.0,-0.038139,-0.4729783717523972,0.11132860734236405,0.0,0.0,0.0,1.0,0.0,ACCELERATION_CONSENSUS,加速一致,路径强度0.78→0.88；竞价斜率+0.62pct/板；首封每板提前94分钟；炸板变化+0.0/板,8.0,9.0,5.0,1.0,0.1951219512195122,0.34444444444444444,90.0,,0.04999999999999995,-0.029225274725274704,-0.14037649530070415,0.14558446125911367,-0.04116481988119482,-0.017285729569354594,-0.14037649530070415,0.14558446125911367,0.3707953671547646,0.43264558054730223,0.30819160720874333,0.35251858889784576,1.0,-0.014877920892728443,-0.040311165516752206,1,0,1,1,1,1,1,1,1,0,,nested_temporal_utility_v1,0.45,-0.05,0.05,0.9,-0.02,-0.04052724954966155,1,selection_policy_not_ready,1.0,1,0,20230704,120,6,12,0,0,0.0,1,1,1,,0.0,-0.030260286225402385,-0.030260286225402385,,,
20260722,20260723,20260724,20260724,0,002197.SZ,证通电子,计算机设,2→3,15.0,6.97,7.0,,66302600.0,market_repo_auction,6.9,0.004304160688665792,-0.014285714285714346,-0.018785714285714347,0,0,1,1,1,10.0,market_proxy_buyable,time_exit,tplus1_first_touch_tp15_sl5_time1100_v2,0.15,-0.05,11:00,repository_market_raw,decision_v10_tp15_sl5_time1100_strict_intraday_no_future,0.1548045268314059,53.57631,0.0164,0.207952,0.825772,0.087217,0.0,0.9515772870662468,1.0,0.92,0.015,0.35,2.0,0.0,0.563917,0.0,0.09936908517350163,0.01577287066246051,0.01577287066246051,11.81657931283664,0.0,570.05,570.05,18.833734571420674,1.1156167072711143,0.04060812621334245,0.036560999999999996,0.51,22.037521644437486,0.0007381217698822565,2.686741942536205e-05,0.0,,,0.5566413318856316,-0.0127705,0.2768729641693811,0.03056464333354096,-0.005364629252782195,0.6413354531001589,0.04038155802861685,0.025119236883942766,3.8066624897703196,2.3978952727983707,1.4087672169719492,0.47619047619047616,0.6097560975609756,0.017800238095238095,0.6071428571428571,0.01724238683292174,0.5,0.07792980368828079,0.36419989304605227,1.0102660383015831,0.5349189291061578,0.026343302389124412,1.0,-0.11867259107925676,NEUTRAL,震荡,0.38722327795442507,0.5900321149890668,0.5,0.6496585714285713,0.5205320766031662,3145.0,44.0,10.0,84.0,40.0,25.0,84.0,0.3333333333333333,3.0,1.0,1.0,4.0,5.0,0.11213958517350163,1.0,0.00046375364798278734,0.01455604075691408,0.0,0.0033559563912610724,0.8718318162657036,0.014467759474395098,1.0,0.09936908517350163,0.004304160688665792,2.0,1.0,0.9682085137085139,0.3340846944877227,0.09054065895548558,-7.900000000000091,-2.0,-0.08875000000000001,-1.115055134430932,1.0271260544722554,0.0,0.0,0.0,1.0,0.0,ACCELERATION_CONSENSUS,加速一致,路径强度0.63→0.97；竞价斜率+9.05pct/板；首封每板提前8分钟；炸板变化-2.0/板,8.0,9.0,5.0,1.0,0.1951219512195122,0.34444444444444444,90.0,,0.04999999999999995,-0.029225274725274704,-0.14037649530070415,0.14558446125911367,-0.04116481988119482,-0.017285729569354594,-0.14037649530070415,0.14558446125911367,0.3707953671547646,0.43264558054730223,0.2792317587096197,0.3089672909069875,1.0,-0.013039853946218002,-0.040499516057238685,1,0,1,1,1,1,1,1,1,0,,nested_temporal_utility_v1,0.45,-0.05,0.05,0.9,-0.02,-0.04052724954966155,1,selection_policy_not_ready,2.0,1,0,20230704,120,6,12,0,0,0.0,1,1,1,,0.0,-0.018785714285714347,-0.018785714285714347,,,
20260723,20260724,20260727,20260727,0,002879.SZ,长缆科技,电网设备,3→4,4.0,16.41,18.05,,44916703.0,market_repo_auction,17.15,0.09993906154783683,-0.049861495844875425,-0.05436149584487542,0,1,1,1,0,10.0,opening_auction_limit_up_unconfirmed,stop_loss_first_touch,tplus1_first_touch_tp15_sl5_time1100_v2,0.15,-0.05,11:00,repository_market_raw,decision_v10_tp15_sl5_time1100_strict_intraday_no_future,0.2500881242380092,63.598291,0.8363999999999999,0.376597,0.69939,0.0,0.0,0.5626005361930296,0.0,1.1,0.0,0.43,3.0,0.0,0.5,0.0,0.09986595174262747,0.08109919571045582,0.08109919571045582,12.949804316730633,2.0,574.75,,18.779754383718636,0.3403424889629385,0.06363177990019339,0.19166699999999998,2.58,21.534396626650977,0.00023766896409529255,4.4435530980868714e-05,1.0,1.0,29.0,0.8139703221136446,0.0182355,0.7709011943539631,0.03189826404138097,0.021609645222929935,0.15700636942675159,0.10923566878980892,0.009872611464968152,4.727387818712341,1.3862943611198906,3.34109345759245,0.18840579710144928,0.41346153846153844,0.04210861363636364,0.7727272727272727,0.026264431392728858,0.5555555555555556,0.07470414201183434,0.19389116516696156,0.8709350065977163,0.7104646453663478,0.17554571626019,1.0,0.1492024138710656,EXPANSION,发酵,0.8524355483014863,0.807329988851728,0.5555555555555556,0.8617425909090909,0.24187001319543255,3140.0,112.0,3.0,138.0,26.0,43.0,44.0,0.5,8.0,1.0,1.0,9.0,6.0,0.08163045174262747,1.0,0.003325136448206204,0.07960526315789473,0.0,0.0246885570175841,0.9402435189783989,0.005543082246671725,1.0,0.09986595174262747,0.09993906154783683,3.0,1.0,0.6999323774659345,0.09926458653072756,-0.03887290746647709,2.375,1.0,0.08525049999999999,1.1848516807456875,-0.7541236770913086,0.0,0.0,0.0,0.0,1.0,DIVERGENCE_RESEAL,分歧回封,路径强度0.60→0.70；竞价斜率-3.89pct/板；首封每板推迟2分钟；炸板变化+1.0/板,4.0,11.0,6.0,1.0,0.05063291139240506,0.475,40.0,,0.04999999999999995,-0.029225274725274704,-0.1232952229105152,0.14539725425029695,-0.04116481988119482,-0.017285729569354594,-0.1232952229105152,0.14539725425029695,0.3707953671547646,0.43264558054730223,0.4059110455197403,0.15713145763849842,1.0,-0.00663167693883554,-0.04001795545645657,1,0,1,1,1,1,1,1,1,0,,nested_temporal_utility_v1,0.45,-0.05,0.05,0.9,-0.02,-0.04052724954966155,1,selection_policy_not_ready,1.0,1,0,20230704,120,6,12,0,0,0.0,0,1,0,,0.0,-0.05436149584487542,,,,
20260723,20260724,20260727,20260727,0,603619.SH,中曼石油,油服工程,2→3,12.0,23.47,25.52,,70447960.0,market_repo_auction,20.43,0.08734554750745627,-0.19945141065830718,-0.2039514106583072,0,1,0,1,1,10.0,market_proxy_buyable,stop_gap_at_open,tplus1_first_touch_tp15_sl5_time1100_v2,0.15,-0.05,11:00,repository_market_raw,decision_v10_tp15_sl5_time1100_strict_intraday_no_future,0.1820076462734287,44.196581,0.0164,0.208235,0.741966,0.0,0.0,0.8464386129334589,0.0,0.92,0.015,0.35,2.0,0.0,0.5,0.0,0.09981255857544502,0.03748828491096519,0.03373945641986874,12.837227681515529,0.0,571.1833333333333,,18.1803419735967,0.209163647901958,0.00724684679626316,0.034961,0.4,23.10753079034813,0.0002659892070517016,9.215669416258817e-06,0.0,,,0.7971407889974665,0.0182355,0.7709011943539631,0.03189826404138097,0.021609645222929935,0.15700636942675159,0.10923566878980892,0.009872611464968152,4.727387818712341,1.3862943611198906,3.34109345759245,0.18840579710144928,0.41346153846153844,0.04210861363636364,0.7727272727272727,0.026264431392728858,0.5555555555555556,0.07470414201183434,0.19389116516696156,0.8709350065977163,0.7104646453663478,0.17554571626019,1.0,0.1492024138710656,EXPANSION,发酵,0.8524355483014863,0.807329988851728,0.5555555555555556,0.8617425909090909,0.24187001319543255,3140.0,112.0,3.0,138.0,26.0,43.0,44.0,0.5,8.0,1.0,1.0,9.0,6.0,0.08157705857544502,0.0,,,,,,,,0.09981255857544502,0.08734554750745627,2.0,1.0,0.931318608621426,0.38450955529219666,0.03617619493908153,-10.533333333333417,-17.0,-0.06826399999999999,-0.9779672386630551,0.18210989588305546,0.0,1.0,0.0,0.0,0.0,WEAK_TO_STRONG,弱转强,路径强度0.55→0.93；竞价斜率+3.62pct/板；首封每板提前11分钟；炸板变化-17.0/板,7.0,11.0,6.0,1.0,0.08860759493670886,0.34782608695652173,92.0,,0.04999999999999995,-0.029225274725274704,-0.14037649530070415,0.14539725425029695,-0.04116481988119482,-0.017285729569354594,-0.14037649530070415,0.14539725425029695,0.3707953671547646,0.43264558054730223,0.2780492244535203,0.3833168314995962,1.0,-0.016177749700328387,-0.04043107918792657,1,0,1,1,1,1,1,1,1,0,,nested_temporal_utility_v1,0.45,-0.05,0.05,0.9,-0.02,-0.04052724954966155,1,selection_policy_not_ready,2.0,1,0,20230704,120,6,12,0,0,0.0,0,1,0,,0.0,-0.2039514106583072,,,,
