prediction_id,signal_date,expected_buy_date,expected_exit_date,ts_code,name,industry,stage,stage_transition,stage_focus,path_label_code,path_label,path_explanation,path_days_observed,path_data_coverage,path_strength_latest,path_strength_delta,path_gap_slope,path_first_seal_slope,path_open_times_slope,path_turnover_slope,path_amount_log_slope,path_seal_ratio_slope,path_one_price_ratio,path_weak_to_strong,path_strong_to_weak,path_acceleration_consensus,path_divergence_reseal,stage_pool_size,focus_pool_size,market_max_limit_times,same_industry_stage_count,stage_pool_share,stage_recent_promotion_rate,stage_recent_promotion_samples,market_median_return,market_up_ratio,market_return_dispersion,market_equal_weight_return,market_down_ratio,market_strong_up_ratio,market_strong_down_ratio,market_limit_up_count_log,market_limit_down_count_log,market_limit_up_down_log_ratio,market_failed_limit_up_rate,market_reseal_rate,market_prev_limit_up_mean_return,market_prev_limit_up_positive_rate,market_prev_limit_up_open_gap_mean,market_focus_promotion_rate,market_limit_up_industry_concentration,market_limit_up_amount_top3_share,market_amount_ratio_5d,market_sentiment_score,market_sentiment_delta,market_sentiment_coverage,market_sentiment_acceleration,market_sentiment_regime_code,market_sentiment_regime_label,market_sentiment_breadth_score,market_sentiment_limit_ecology_score,market_sentiment_promotion_score,market_sentiment_profit_effect_score,market_sentiment_liquidity_score,market_eligible_stock_count,market_limit_up_count,market_limit_down_count,market_touched_up_count,market_failed_limit_up_count,market_reseal_count,market_prev_limit_up_sample,market_2_to_3_promotion_rate,market_2_to_3_promotion_samples,market_3_to_4_promotion_rate,market_3_to_4_promotion_samples,market_focus_promotion_samples,market_max_streak,source_rank,d_close,estimated_up_limit,recommended_max_price,max_auction_change_pct,observation_max_price,observation_auction_change_pct,observation_price_basis,observation_price_is_formal,observation_rank,observation_risk_tier,observation_risk_label,observation_selected,observation_pool_size,take_profit_pct,stop_loss_pct,take_profit_price,stop_loss_price,latest_exit_time,exit_policy_version,predicted_net_return,predicted_return_lcb,predicted_return_ucb,predicted_mean_return_lcb,predicted_mean_return_ucb,predicted_outcome_q10,predicted_outcome_q90,predicted_fill_probability,predicted_exit_probability,predicted_profit_probability,predicted_big_loss_probability,predicted_continuation_limit_up_probability,max_big_loss_probability,big_loss_threshold,min_return_lcb,conservative_ev,selection_score,risk_gate_pass,selected,action,price_action,entry_rule,exit_rule,guidance_only,broker_connected,order_type,market_order_allowed,mechanism_limit_pct,decision_universe_rule,decision_universe_reason,minute_available,model_ready,model_promoted,model_reason,model_version,model_artifact_sha256,generated_at_utc,source_snapshot_sha256,feature_contract,actual_buy_date,actual_buy_price,actual_exit_date,actual_exit_price,actual_gross_return,actual_net_return,truth_source,verification_status,actual_fill,actual_fill_reason,price_guidance_success,direction_success,trade_success,risk_prediction_success,forecast_error,correct_rejection,missed_opportunity,exit_reason
20260724-000668.SZ-auction_v8_calibrated_auction_truth_oos_2,20260724,20260727,20260728,000668.SZ,荣丰控股,房地产开发,2→3,2→3,1.0,WEAK_TO_STRONG,弱转强,路径强度0.50→0.73；竞价斜率+6.60pct/板；首封每板推迟1分钟；炸板变化-1.0/板,2.0,1.0,0.7332224731789948,0.230995200451722,0.0660024906600249,0.75,-1.0,0.0176109999999999,0.5916318736088968,0.0576773944154805,0.0,1.0,0.0,0.0,0.0,14.0,15.0,4.0,2.0,0.3888888888888889,,0.0,-0.0285815,0.1004343105320304,0.0392629109575186,-0.0261589847473784,0.9091197966317128,0.0177947251350492,0.1105815061963775,3.6635616461296463,3.332204510175204,0.3313571359544424,0.2962962962962963,0.5833333333333334,-0.0058112293577981,0.3486238532110092,0.0170332008512914,0.25,0.0586419753086419,0.2214311814458193,0.7697758387146507,0.2950088784513278,-0.41545576691502,1.0,-0.59100148317521,EBB,退潮,0.0761053979980934,0.5609354491218764,0.25,0.4045821651376147,0.0395516774293014,3147.0,38.0,27.0,54.0,16.0,21.0,109.0,0.125,8.0,0.5,4.0,12.0,4.0,32.0,17.67,19.44,,,16.79,-4.9802,model_diagnostic_cap,0,,,,0,15,0.03,-0.025,,,14:50,tplus1_first_touch_tp3_sl2p5_time1450_v1,-0.037358053235205,-0.0996171984234306,0.0306134902319753,-0.0396649026038322,-0.0350512038665778,-0.0996171984234306,0.0306134902319753,0.0066143788397646,0.9970453667081316,0.3522451642885318,0.536389679567576,0.3249331274698139,0.15,-0.03,0.0,-0.0003545140064019,0.001270151630947,0.0,0,REJECT,没有安全买入价格，放弃,系统仅供人工参考：T日9:25前仅用限价单参与集合竞价；不得使用无上限市价单，高于上限或未成交均放弃,T+1按实际成交价计算止盈/止损，首次触发即人工退出；均未触发则14:50退出；一字跌停顺延,1,0,LIMIT_ONLY_MANUAL,0,10.0,a_share_price_limit_le_10_v2,eligible_limit_le_10:10.00%:main_board_10pct,0.0,1,0,big_loss_probability_exceeds_cap,auction_v8_calibrated_auction_truth_oos_2,f7d0b942e6a602c7ad76ca25db6cdc8dcb01aef7b4b824368843cf50350c4c27,2026-07-26T23:16:04+00:00,f78e04e45d154f7fd7a2a48995bbd50b8c19032cb032515117afe3daba85289a,D_CLOSE_STREAK_PATH_SENTIMENT_V8_CALIBRATED_NO_T_LEAKAGE,20260727,17.67,20260728,19.2,0.08658743633276722,0.08208743633276722,market_repo_auction,COUNTERFACTUAL_READY,0,price_above_cap,1,0,,1,0.11944548956797221,0,1,fixed_open_0930
20260724-002199.SZ-auction_v8_calibrated_auction_truth_oos_2,20260724,20260727,20260728,002199.SZ,东晶电子,元件,2→3,2→3,1.0,DIVERGENCE_RESEAL,分歧回封,路径强度1.00→0.81；竞价斜率-4.74pct/板；首封每板推迟6分钟；炸板变化+1.0/板,2.0,1.0,0.8051784197111299,-0.1948215802888701,-0.0473907329079743,6.5,1.0,0.013228,0.5062098223672749,-0.4505805913559845,0.5,0.0,0.0,0.0,1.0,14.0,15.0,4.0,1.0,0.3888888888888889,,0.0,-0.0285815,0.1004343105320304,0.0392629109575186,-0.0261589847473784,0.9091197966317128,0.0177947251350492,0.1105815061963775,3.6635616461296463,3.332204510175204,0.3313571359544424,0.2962962962962963,0.5833333333333334,-0.0058112293577981,0.3486238532110092,0.0170332008512914,0.25,0.0586419753086419,0.2214311814458193,0.7697758387146507,0.2950088784513278,-0.41545576691502,1.0,-0.59100148317521,EBB,退潮,0.0761053979980934,0.5609354491218764,0.25,0.4045821651376147,0.0395516774293014,3147.0,38.0,27.0,54.0,16.0,21.0,109.0,0.125,8.0,0.5,4.0,12.0,4.0,29.0,11.8,12.98,,,11.21,-5.0,model_diagnostic_cap,0,9.0,2.0,高风险观察,1,15,0.03,-0.025,,,14:50,tplus1_first_touch_tp3_sl2p5_time1450_v1,-0.0272777045562048,-0.0895368497444304,0.0406938389109755,-0.029584553924832,-0.0249708551875775,-0.0895368497444304,0.0406938389109755,0.0146446349262225,0.9970453667081316,0.3522451642885318,0.4744691767807542,0.3229741416120978,0.15,-0.03,0.0,-0.0006100883374769,0.0010047823705835,0.0,0,REJECT,没有安全买入价格，放弃,系统仅供人工参考：T日9:25前仅用限价单参与集合竞价；不得使用无上限市价单，高于上限或未成交均放弃,T+1按实际成交价计算止盈/止损，首次触发即人工退出；均未触发则14:50退出；一字跌停顺延,1,0,LIMIT_ONLY_MANUAL,0,10.0,a_share_price_limit_le_10_v2,eligible_limit_le_10:10.00%:main_board_10pct,1.0,1,0,big_loss_probability_exceeds_cap,auction_v8_calibrated_auction_truth_oos_2,f7d0b942e6a602c7ad76ca25db6cdc8dcb01aef7b4b824368843cf50350c4c27,2026-07-26T23:16:04+00:00,f78e04e45d154f7fd7a2a48995bbd50b8c19032cb032515117afe3daba85289a,D_CLOSE_STREAK_PATH_SENTIMENT_V8_CALIBRATED_NO_T_LEAKAGE,20260727,11.81,20260728,10.82,-0.083827265029636,-0.088327265029636,tushare_stk_auction_o,COUNTERFACTUAL_READY,0,price_above_cap,1,1,,0,-0.0610495604734312,1,0,fixed_open_0930
20260724-603956.SH-auction_v8_calibrated_auction_truth_oos_2,20260724,20260727,20260728,603956.SH,威派格,专用设备,2→3,2→3,1.0,DIVERGENCE_RESEAL,分歧回封,路径强度0.70→0.70；竞价斜率+1.15pct/板；首封每板提前12分钟；炸板变化+1.0/板,2.0,1.0,0.69859649122807,0.0007421788737574,0.0115009278171598,-11.949999999999932,1.0,0.016636,0.5646484922587689,-0.4290024961410124,0.0,0.0,0.0,0.0,1.0,14.0,15.0,4.0,1.0,0.3888888888888889,,0.0,-0.0285815,0.1004343105320304,0.0392629109575186,-0.0261589847473784,0.9091197966317128,0.0177947251350492,0.1105815061963775,3.6635616461296463,3.332204510175204,0.3313571359544424,0.2962962962962963,0.5833333333333334,-0.0058112293577981,0.3486238532110092,0.0170332008512914,0.25,0.0586419753086419,0.2214311814458193,0.7697758387146507,0.2950088784513278,-0.41545576691502,1.0,-0.59100148317521,EBB,退潮,0.0761053979980934,0.5609354491218764,0.25,0.4045821651376147,0.0395516774293014,3147.0,38.0,27.0,54.0,16.0,21.0,109.0,0.125,8.0,0.5,4.0,12.0,4.0,10.0,6.31,6.94,,,5.99,-5.0713,model_diagnostic_cap,0,5.0,2.0,高风险观察,1,15,0.03,-0.025,,,14:50,tplus1_first_touch_tp3_sl2p5_time1450_v1,-0.0225469240427865,-0.0848060692310121,0.0454246194243938,-0.0248537734114137,-0.0202400746741592,-0.0848060692310121,0.0454246194243938,0.0206983824698204,0.9970453667081316,0.3522451642885318,0.4373552933707698,0.3318738069930907,0.15,-0.03,0.0,-0.0007413190779739,0.0009180499569915,0.0,0,REJECT,没有安全买入价格，放弃,系统仅供人工参考：T日9:25前仅用限价单参与集合竞价；不得使用无上限市价单，高于上限或未成交均放弃,T+1按实际成交价计算止盈/止损，首次触发即人工退出；均未触发则14:50退出；一字跌停顺延,1,0,LIMIT_ONLY_MANUAL,0,10.0,a_share_price_limit_le_10_v2,eligible_limit_le_10:10.00%:main_board_10pct,1.0,1,0,big_loss_probability_exceeds_cap,auction_v8_calibrated_auction_truth_oos_2,f7d0b942e6a602c7ad76ca25db6cdc8dcb01aef7b4b824368843cf50350c4c27,2026-07-26T23:16:04+00:00,f78e04e45d154f7fd7a2a48995bbd50b8c19032cb032515117afe3daba85289a,D_CLOSE_STREAK_PATH_SENTIMENT_V8_CALIBRATED_NO_T_LEAKAGE,20260727,6.12,20260728,6.05,-0.011437908496732097,-0.015937908496732097,tushare_stk_auction_o,COUNTERFACTUAL_READY,0,price_above_cap,1,1,,1,0.006609015546054402,1,0,fixed_open_0930
20260724-000533.SZ-auction_v8_calibrated_auction_truth_oos_2,20260724,20260727,20260728,000533.SZ,顺钠股份,电网设备,2→3,2→3,1.0,ACCELERATION_CONSENSUS,加速一致,路径强度0.69→1.00；竞价斜率+10.02pct/板；首封每板提前14分钟；炸板变化-1.0/板,2.0,1.0,1.0,0.3085909090909091,0.1002304147465438,-14.450000000000044,-1.0,-0.029747,-1.1258745784653286,2.2487978419457053,0.5,0.0,0.0,1.0,0.0,14.0,15.0,4.0,4.0,0.3888888888888889,,0.0,-0.0285815,0.1004343105320304,0.0392629109575186,-0.0261589847473784,0.9091197966317128,0.0177947251350492,0.1105815061963775,3.6635616461296463,3.332204510175204,0.3313571359544424,0.2962962962962963,0.5833333333333334,-0.0058112293577981,0.3486238532110092,0.0170332008512914,0.25,0.0586419753086419,0.2214311814458193,0.7697758387146507,0.2950088784513278,-0.41545576691502,1.0,-0.59100148317521,EBB,退潮,0.0761053979980934,0.5609354491218764,0.25,0.4045821651376147,0.0395516774293014,3147.0,38.0,27.0,54.0,16.0,21.0,109.0,0.125,8.0,0.5,4.0,12.0,4.0,3.0,9.55,10.51,,,9.07,-5.0262,model_diagnostic_cap,0,,,,0,15,0.03,-0.025,,,14:50,tplus1_first_touch_tp3_sl2p5_time1450_v1,-0.0391065431609135,-0.1013656883491391,0.0288650003062668,-0.0414133925295407,-0.0367996937922862,-0.1013656883491391,0.0288650003062668,0.0192098090115851,0.9970453667081316,0.3522451642885318,0.5226257719855506,0.314629969777334,0.15,-0.03,0.0,-0.0010552533602175,0.0005178964886691,0.0,0,REJECT,没有安全买入价格，放弃,系统仅供人工参考：T日9:25前仅用限价单参与集合竞价；不得使用无上限市价单，高于上限或未成交均放弃,T+1按实际成交价计算止盈/止损，首次触发即人工退出；均未触发则14:50退出；一字跌停顺延,1,0,LIMIT_ONLY_MANUAL,0,10.0,a_share_price_limit_le_10_v2,eligible_limit_le_10:10.00%:main_board_10pct,1.0,1,0,big_loss_probability_exceeds_cap,auction_v8_calibrated_auction_truth_oos_2,f7d0b942e6a602c7ad76ca25db6cdc8dcb01aef7b4b824368843cf50350c4c27,2026-07-26T23:16:04+00:00,f78e04e45d154f7fd7a2a48995bbd50b8c19032cb032515117afe3daba85289a,D_CLOSE_STREAK_PATH_SENTIMENT_V8_CALIBRATED_NO_T_LEAKAGE,20260727,10.1,20260728,11.55,0.1435643564356437,0.1390643564356437,tushare_stk_auction_o,COUNTERFACTUAL_READY,0,price_above_cap,1,0,,1,0.1781708995965572,0,1,fixed_open_0930
20260724-000011.SZ-auction_v8_calibrated_auction_truth_oos_2,20260724,20260727,20260728,000011.SZ,深物业A,房地产开发,2→3,2→3,1.0,ACCELERATION_CONSENSUS,加速一致,路径强度0.66→0.88；竞价斜率+5.19pct/板；首封每板推迟21分钟；炸板变化-2.0/板,2.0,1.0,0.8812727272727273,0.217969696969697,0.051930758988016,21.299999999999955,-2.0,0.023238,0.7637303262147945,0.234498866935213,0.0,0.0,0.0,1.0,0.0,14.0,15.0,4.0,2.0,0.3888888888888889,,0.0,-0.0285815,0.1004343105320304,0.0392629109575186,-0.0261589847473784,0.9091197966317128,0.0177947251350492,0.1105815061963775,3.6635616461296463,3.332204510175204,0.3313571359544424,0.2962962962962963,0.5833333333333334,-0.0058112293577981,0.3486238532110092,0.0170332008512914,0.25,0.0586419753086419,0.2214311814458193,0.7697758387146507,0.2950088784513278,-0.41545576691502,1.0,-0.59100148317521,EBB,退潮,0.0761053979980934,0.5609354491218764,0.25,0.4045821651376147,0.0395516774293014,3147.0,38.0,27.0,54.0,16.0,21.0,109.0,0.125,8.0,0.5,4.0,12.0,4.0,28.0,8.26,9.08,,,7.85,-4.9637,model_diagnostic_cap,0,,,,0,15,0.03,-0.025,,,14:50,tplus1_first_touch_tp3_sl2p5_time1450_v1,-0.037530973055943,-0.0997901182441686,0.0304405704112373,-0.0398378224245702,-0.0352241236873157,-0.0997901182441686,0.0304405704112373,0.0204604539827427,0.9970453667081316,0.3522451642885318,0.5002117107878089,0.307269782243626,0.15,-0.03,0.0,-0.0010779601647699,0.0004583887464481,0.0,0,REJECT,没有安全买入价格，放弃,系统仅供人工参考：T日9:25前仅用限价单参与集合竞价；不得使用无上限市价单，高于上限或未成交均放弃,T+1按实际成交价计算止盈/止损，首次触发即人工退出；均未触发则14:50退出；一字跌停顺延,1,0,LIMIT_ONLY_MANUAL,0,10.0,a_share_price_limit_le_10_v2,eligible_limit_le_10:10.00%:main_board_10pct,1.0,1,0,big_loss_probability_exceeds_cap,auction_v8_calibrated_auction_truth_oos_2,f7d0b942e6a602c7ad76ca25db6cdc8dcb01aef7b4b824368843cf50350c4c27,2026-07-26T23:16:04+00:00,f78e04e45d154f7fd7a2a48995bbd50b8c19032cb032515117afe3daba85289a,D_CLOSE_STREAK_PATH_SENTIMENT_V8_CALIBRATED_NO_T_LEAKAGE,20260727,8.46,20260728,8.26,-0.023640661938534424,-0.028140661938534425,tushare_stk_auction_o,COUNTERFACTUAL_READY,0,price_above_cap,1,1,,1,0.009390311117408578,1,0,fixed_open_0930
20260724-600698.SH-auction_v8_calibrated_auction_truth_oos_2,20260724,20260727,20260728,600698.SH,湖南天雁,汽车零部件,2→3,2→3,1.0,WEAK_TO_STRONG,弱转强,路径强度0.53→0.67；竞价斜率+3.06pct/板；首封每板提前243分钟；炸板变化+2.0/板,2.0,1.0,0.6712408935063843,0.1390861885622059,0.0305608513786531,-242.85,2.0,0.035129,0.6596921911073288,-0.0708666843657962,0.0,1.0,0.0,0.0,0.0,14.0,15.0,4.0,1.0,0.3888888888888889,,0.0,-0.0285815,0.1004343105320304,0.0392629109575186,-0.0261589847473784,0.9091197966317128,0.0177947251350492,0.1105815061963775,3.6635616461296463,3.332204510175204,0.3313571359544424,0.2962962962962963,0.5833333333333334,-0.0058112293577981,0.3486238532110092,0.0170332008512914,0.25,0.0586419753086419,0.2214311814458193,0.7697758387146507,0.2950088784513278,-0.41545576691502,1.0,-0.59100148317521,EBB,退潮,0.0761053979980934,0.5609354491218764,0.25,0.4045821651376147,0.0395516774293014,3147.0,38.0,27.0,54.0,16.0,21.0,109.0,0.125,8.0,0.5,4.0,12.0,4.0,30.0,6.84,7.52,,,6.5,-4.9708,model_diagnostic_cap,0,8.0,2.0,高风险观察,1,15,0.03,-0.025,,,14:50,tplus1_first_touch_tp3_sl2p5_time1450_v1,-0.0248510023915987,-0.0871101475798243,0.0431205410755816,-0.0271578517602259,-0.0225441530229714,-0.0871101475798243,0.0431205410755816,0.03674739449418,0.9970453667081316,0.3522451642885318,0.4693256097808772,0.2934027277310225,0.15,-0.03,0.0,-0.0014360331420831,3.0980496571940365e-05,0.0,0,REJECT,没有安全买入价格，放弃,系统仅供人工参考：T日9:25前仅用限价单参与集合竞价；不得使用无上限市价单，高于上限或未成交均放弃,T+1按实际成交价计算止盈/止损，首次触发即人工退出；均未触发则14:50退出；一字跌停顺延,1,0,LIMIT_ONLY_MANUAL,0,10.0,a_share_price_limit_le_10_v2,eligible_limit_le_10:10.00%:main_board_10pct,0.0,1,0,big_loss_probability_exceeds_cap,auction_v8_calibrated_auction_truth_oos_2,f7d0b942e6a602c7ad76ca25db6cdc8dcb01aef7b4b824368843cf50350c4c27,2026-07-26T23:16:04+00:00,f78e04e45d154f7fd7a2a48995bbd50b8c19032cb032515117afe3daba85289a,D_CLOSE_STREAK_PATH_SENTIMENT_V8_CALIBRATED_NO_T_LEAKAGE,20260727,6.5,20260728,6.76,0.040000000000000036,0.03550000000000004,tushare_stk_auction_o,COUNTERFACTUAL_READY,0,price_above_cap,1,0,,1,0.06035100239159874,0,1,fixed_open_0930
20260724-603221.SH-auction_v8_calibrated_auction_truth_oos_2,20260724,20260727,20260728,603221.SH,爱丽家居,家居用品,4→5,4→5,0.0,STABLE_STRONG,持续强势,路径强度1.00→1.00；竞价斜率-0.02pct/板；首封每板推迟0分钟；炸板变化+0.0/板,4.0,1.0,1.0,0.0,-0.0002180246093907,0.0,0.0,0.000975,0.5173880445038351,-17.18152434207028,1.0,0.0,0.0,0.0,0.0,2.0,15.0,4.0,1.0,0.0555555555555555,,0.0,-0.0285815,0.1004343105320304,0.0392629109575186,-0.0261589847473784,0.9091197966317128,0.0177947251350492,0.1105815061963775,3.6635616461296463,3.332204510175204,0.3313571359544424,0.2962962962962963,0.5833333333333334,-0.0058112293577981,0.3486238532110092,0.0170332008512914,0.25,0.0586419753086419,0.2214311814458193,0.7697758387146507,0.2950088784513278,-0.41545576691502,1.0,-0.59100148317521,EBB,退潮,0.0761053979980934,0.5609354491218764,0.25,0.4045821651376147,0.0395516774293014,3147.0,38.0,27.0,54.0,16.0,21.0,109.0,0.125,8.0,0.5,4.0,12.0,4.0,6.0,14.0,15.4,,,13.3,-5.0,model_diagnostic_cap,0,,,,0,15,0.03,-0.025,,,14:50,tplus1_first_touch_tp3_sl2p5_time1450_v1,-0.0805802106816456,-0.1326893026504558,-0.0187358772908984,-0.0828870600502729,-0.0782733613130184,-0.1326893026504558,-0.0187358772908984,0.0002523761683241,0.9970453667081316,0.3522451642885318,0.579365397835423,0.3744121687913226,0.15,-0.03,0.0,-2.4760349340992125e-05,-2.4760349340992125e-05,0.0,0,REJECT,没有安全买入价格，放弃,系统仅供人工参考：T日9:25前仅用限价单参与集合竞价；不得使用无上限市价单，高于上限或未成交均放弃,T+1按实际成交价计算止盈/止损，首次触发即人工退出；均未触发则14:50退出；一字跌停顺延,1,0,LIMIT_ONLY_MANUAL,0,10.0,a_share_price_limit_le_10_v2,eligible_limit_le_10:10.00%:main_board_10pct,1.0,1,0,outside_stage_2_to_3_3_to_4_focus,auction_v8_calibrated_auction_truth_oos_2,f7d0b942e6a602c7ad76ca25db6cdc8dcb01aef7b4b824368843cf50350c4c27,2026-07-26T23:16:04+00:00,f78e04e45d154f7fd7a2a48995bbd50b8c19032cb032515117afe3daba85289a,D_CLOSE_STREAK_PATH_SENTIMENT_V8_CALIBRATED_NO_T_LEAKAGE,20260727,15.4,20260728,16.94,0.10000000000000009,0.09550000000000008,tushare_stk_auction_o,COUNTERFACTUAL_READY,0,price_above_cap,1,0,,1,0.1760802106816457,0,1,fixed_open_0930
20260724-002012.SZ-auction_v8_calibrated_auction_truth_oos_2,20260724,20260727,20260728,002012.SZ,凯恩股份,造纸,1→2,1→2,0.0,INSUFFICIENT,路径数据不足,连续涨停路径数据不足,1.0,1.0,0.7947727272727273,,,,,,,,0.0,0.0,0.0,0.0,0.0,19.0,15.0,4.0,1.0,0.5277777777777778,,0.0,-0.0285815,0.1004343105320304,0.0392629109575186,-0.0261589847473784,0.9091197966317128,0.0177947251350492,0.1105815061963775,3.6635616461296463,3.332204510175204,0.3313571359544424,0.2962962962962963,0.5833333333333334,-0.0058112293577981,0.3486238532110092,0.0170332008512914,0.25,0.0586419753086419,0.2214311814458193,0.7697758387146507,0.2950088784513278,-0.41545576691502,1.0,-0.59100148317521,EBB,退潮,0.0761053979980934,0.5609354491218764,0.25,0.4045821651376147,0.0395516774293014,3147.0,38.0,27.0,54.0,16.0,21.0,109.0,0.125,8.0,0.5,4.0,12.0,4.0,41.0,5.73,6.3,,,5.44,-5.0611,model_diagnostic_cap,0,,,,0,15,0.03,-0.025,,,14:50,tplus1_first_touch_tp3_sl2p5_time1450_v1,-0.0305770788039299,-0.0826861707727401,0.0312672545868172,-0.0328839281725571,-0.0282702294353027,-0.0826861707727401,0.0312672545868172,0.0063015945324809,0.9970453667081316,0.3522451642885318,0.4540748940316285,0.3310388523402887,0.15,-0.03,0.0,-0.0002794571737469,-0.0002794571737469,0.0,0,REJECT,没有安全买入价格，放弃,系统仅供人工参考：T日9:25前仅用限价单参与集合竞价；不得使用无上限市价单，高于上限或未成交均放弃,T+1按实际成交价计算止盈/止损，首次触发即人工退出；均未触发则14:50退出；一字跌停顺延,1,0,LIMIT_ONLY_MANUAL,0,10.0,a_share_price_limit_le_10_v2,eligible_limit_le_10:10.00%:main_board_10pct,0.0,1,0,outside_stage_2_to_3_3_to_4_focus,auction_v8_calibrated_auction_truth_oos_2,f7d0b942e6a602c7ad76ca25db6cdc8dcb01aef7b4b824368843cf50350c4c27,2026-07-26T23:16:04+00:00,f78e04e45d154f7fd7a2a48995bbd50b8c19032cb032515117afe3daba85289a,D_CLOSE_STREAK_PATH_SENTIMENT_V8_CALIBRATED_NO_T_LEAKAGE,20260727,5.9,20260728,5.63,-0.045762711864406946,-0.05026271186440694,market_repo_auction,COUNTERFACTUAL_READY,0,price_above_cap,1,1,,0,-0.019685633060477045,1,0,fixed_open_0930
20260724-002374.SZ-auction_v8_calibrated_auction_truth_oos_2,20260724,20260727,20260728,002374.SZ,中锐股份,包装印刷,1→2,1→2,0.0,INSUFFICIENT,路径数据不足,连续涨停路径数据不足,1.0,1.0,0.8485909090909093,,,,,,,,0.0,0.0,0.0,0.0,0.0,19.0,15.0,4.0,2.0,0.5277777777777778,,0.0,-0.0285815,0.1004343105320304,0.0392629109575186,-0.0261589847473784,0.9091197966317128,0.0177947251350492,0.1105815061963775,3.6635616461296463,3.332204510175204,0.3313571359544424,0.2962962962962963,0.5833333333333334,-0.0058112293577981,0.3486238532110092,0.0170332008512914,0.25,0.0586419753086419,0.2214311814458193,0.7697758387146507,0.2950088784513278,-0.41545576691502,1.0,-0.59100148317521,EBB,退潮,0.0761053979980934,0.5609354491218764,0.25,0.4045821651376147,0.0395516774293014,3147.0,38.0,27.0,54.0,16.0,21.0,109.0,0.125,8.0,0.5,4.0,12.0,4.0,40.0,3.09,3.4,,,2.94,-4.8544,model_diagnostic_cap,0,,,,0,15,0.03,-0.025,,,14:50,tplus1_first_touch_tp3_sl2p5_time1450_v1,-0.0281070983056869,-0.0802161902744971,0.0337372350850602,-0.0304139476743142,-0.0258002489370597,-0.0802161902744971,0.0337372350850602,0.0098493746581513,0.9970453667081316,0.3522451642885318,0.4226283807644258,0.3053365309158138,0.15,-0.03,0.0,-0.0004031711641791,-0.0004031711641791,0.0,0,REJECT,没有安全买入价格，放弃,系统仅供人工参考：T日9:25前仅用限价单参与集合竞价；不得使用无上限市价单，高于上限或未成交均放弃,T+1按实际成交价计算止盈/止损，首次触发即人工退出；均未触发则14:50退出；一字跌停顺延,1,0,LIMIT_ONLY_MANUAL,0,10.0,a_share_price_limit_le_10_v2,eligible_limit_le_10:10.00%:main_board_10pct,0.0,1,0,outside_stage_2_to_3_3_to_4_focus,auction_v8_calibrated_auction_truth_oos_2,f7d0b942e6a602c7ad76ca25db6cdc8dcb01aef7b4b824368843cf50350c4c27,2026-07-26T23:16:04+00:00,f78e04e45d154f7fd7a2a48995bbd50b8c19032cb032515117afe3daba85289a,D_CLOSE_STREAK_PATH_SENTIMENT_V8_CALIBRATED_NO_T_LEAKAGE,20260727,3.07,20260728,3.0,-0.02280130293159599,-0.02730130293159599,market_repo_auction,COUNTERFACTUAL_READY,0,price_above_cap,1,1,,1,0.0008057953740909091,1,0,fixed_open_0930
20260724-002298.SZ-auction_v8_calibrated_auction_truth_oos_2,20260724,20260727,20260728,002298.SZ,中电鑫龙,电网设备,2→3,2→3,1.0,DIVERGENCE_RESEAL,分歧回封,路径强度0.79→0.80；竞价斜率+5.03pct/板；首封每板提前12分钟；炸板变化+1.0/板,2.0,1.0,0.7985909090909094,0.0110000000000002,0.0502717391304348,-12.100000000000025,1.0,0.0380619999999999,0.7203219421246878,-0.271444269751072,0.0,0.0,0.0,0.0,1.0,14.0,15.0,4.0,4.0,0.3888888888888889,,0.0,-0.0285815,0.1004343105320304,0.0392629109575186,-0.0261589847473784,0.9091197966317128,0.0177947251350492,0.1105815061963775,3.6635616461296463,3.332204510175204,0.3313571359544424,0.2962962962962963,0.5833333333333334,-0.0058112293577981,0.3486238532110092,0.0170332008512914,0.25,0.0586419753086419,0.2214311814458193,0.7697758387146507,0.2950088784513278,-0.41545576691502,1.0,-0.59100148317521,EBB,退潮,0.0761053979980934,0.5609354491218764,0.25,0.4045821651376147,0.0395516774293014,3147.0,38.0,27.0,54.0,16.0,21.0,109.0,0.125,8.0,0.5,4.0,12.0,4.0,8.0,8.1,8.91,,,7.7,-4.9383,model_diagnostic_cap,0,6.0,2.0,高风险观察,1,15,0.03,-0.025,,,14:50,tplus1_first_touch_tp3_sl2p5_time1450_v1,-0.0278245563051339,-0.0900837014933595,0.0401469871620463,-0.0301314056737612,-0.0255177069365067,-0.0900837014933595,0.0401469871620463,0.0444057418273911,0.9970453667081316,0.3522451642885318,0.4416243835643871,0.2834167775119229,0.15,-0.03,0.0,-0.0018304499487423,-0.0004133660611827,0.0,0,REJECT,没有安全买入价格，放弃,系统仅供人工参考：T日9:25前仅用限价单参与集合竞价；不得使用无上限市价单，高于上限或未成交均放弃,T+1按实际成交价计算止盈/止损，首次触发即人工退出；均未触发则14:50退出；一字跌停顺延,1,0,LIMIT_ONLY_MANUAL,0,10.0,a_share_price_limit_le_10_v2,eligible_limit_le_10:10.00%:main_board_10pct,1.0,1,0,big_loss_probability_exceeds_cap,auction_v8_calibrated_auction_truth_oos_2,f7d0b942e6a602c7ad76ca25db6cdc8dcb01aef7b4b824368843cf50350c4c27,2026-07-26T23:16:04+00:00,f78e04e45d154f7fd7a2a48995bbd50b8c19032cb032515117afe3daba85289a,D_CLOSE_STREAK_PATH_SENTIMENT_V8_CALIBRATED_NO_T_LEAKAGE,20260727,8.0,20260728,8.26,0.03249999999999997,0.027999999999999973,tushare_stk_auction_o,COUNTERFACTUAL_READY,0,price_above_cap,1,0,,1,0.055824556305133874,0,1,fixed_open_0930
20260724-002300.SZ-auction_v8_calibrated_auction_truth_oos_2,20260724,20260727,20260728,002300.SZ,太阳电缆,电网设备,2→3,2→3,1.0,DIVERGENCE_RESEAL,分歧回封,路径强度0.76→0.65；竞价斜率+2.00pct/板；首封每板推迟3分钟；炸板变化+2.0/板,2.0,1.0,0.6457548983158464,-0.1130894776471734,0.0199989417149508,2.8500000000000227,2.0,0.0747019999999999,1.1026308856966267,-0.0581626366839054,0.0,0.0,0.0,0.0,1.0,14.0,15.0,4.0,4.0,0.3888888888888889,,0.0,-0.0285815,0.1004343105320304,0.0392629109575186,-0.0261589847473784,0.9091197966317128,0.0177947251350492,0.1105815061963775,3.6635616461296463,3.332204510175204,0.3313571359544424,0.2962962962962963,0.5833333333333334,-0.0058112293577981,0.3486238532110092,0.0170332008512914,0.25,0.0586419753086419,0.2214311814458193,0.7697758387146507,0.2950088784513278,-0.41545576691502,1.0,-0.59100148317521,EBB,退潮,0.0761053979980934,0.5609354491218764,0.25,0.4045821651376147,0.0395516774293014,3147.0,38.0,27.0,54.0,16.0,21.0,109.0,0.125,8.0,0.5,4.0,12.0,4.0,7.0,7.1,7.82,,,6.75,-4.9296,model_diagnostic_cap,0,2.0,2.0,高风险观察,1,15,0.03,-0.025,,,14:50,tplus1_first_touch_tp3_sl2p5_time1450_v1,-0.0163852782218511,-0.0786444234100767,0.0515862652453291,-0.0186921275904784,-0.0140784288532239,-0.0786444234100767,0.0515862652453291,0.0653036726929751,0.9970453667081316,0.3522451642885318,0.4114660120531498,0.2681044032394517,0.15,-0.03,0.0,-0.0018857735195161,-0.0005452515033189,0.0,0,REJECT,没有安全买入价格，放弃,系统仅供人工参考：T日9:25前仅用限价单参与集合竞价；不得使用无上限市价单，高于上限或未成交均放弃,T+1按实际成交价计算止盈/止损，首次触发即人工退出；均未触发则14:50退出；一字跌停顺延,1,0,LIMIT_ONLY_MANUAL,0,10.0,a_share_price_limit_le_10_v2,eligible_limit_le_10:10.00%:main_board_10pct,1.0,1,0,big_loss_probability_exceeds_cap,auction_v8_calibrated_auction_truth_oos_2,f7d0b942e6a602c7ad76ca25db6cdc8dcb01aef7b4b824368843cf50350c4c27,2026-07-26T23:16:04+00:00,f78e04e45d154f7fd7a2a48995bbd50b8c19032cb032515117afe3daba85289a,D_CLOSE_STREAK_PATH_SENTIMENT_V8_CALIBRATED_NO_T_LEAKAGE,20260727,6.9,20260728,7.31,0.05942028985507242,0.05492028985507242,tushare_stk_auction_o,COUNTERFACTUAL_READY,0,price_above_cap,1,0,,1,0.07130556807692352,0,1,fixed_open_0930
20260724-605198.SH-auction_v8_calibrated_auction_truth_oos_2,20260724,20260727,20260728,605198.SH,安德利,农产品加,1→2,1→2,0.0,INSUFFICIENT,路径数据不足,连续涨停路径数据不足,1.0,1.0,0.5122871166392295,,,,,,,,0.0,0.0,0.0,0.0,0.0,19.0,15.0,4.0,1.0,0.5277777777777778,,0.0,-0.0285815,0.1004343105320304,0.0392629109575186,-0.0261589847473784,0.9091197966317128,0.0177947251350492,0.1105815061963775,3.6635616461296463,3.332204510175204,0.3313571359544424,0.2962962962962963,0.5833333333333334,-0.0058112293577981,0.3486238532110092,0.0170332008512914,0.25,0.0586419753086419,0.2214311814458193,0.7697758387146507,0.2950088784513278,-0.41545576691502,1.0,-0.59100148317521,EBB,退潮,0.0761053979980934,0.5609354491218764,0.25,0.4045821651376147,0.0395516774293014,3147.0,38.0,27.0,54.0,16.0,21.0,109.0,0.125,8.0,0.5,4.0,12.0,4.0,39.0,54.63,60.1,,,51.9,-4.9973,model_diagnostic_cap,0,,,,0,15,0.03,-0.025,,,14:50,tplus1_first_touch_tp3_sl2p5_time1450_v1,-0.0248010171147722,-0.0769101090835824,0.0370433162759749,-0.0271078664833995,-0.022494167746145,-0.0769101090835824,0.0370433162759749,0.0229455599377413,0.9970453667081316,0.3522451642885318,0.3498649696253431,0.2697316751537745,0.15,-0.03,0.0,-0.0008132984394082,-0.0008132984394082,0.0,0,REJECT,没有安全买入价格，放弃,系统仅供人工参考：T日9:25前仅用限价单参与集合竞价；不得使用无上限市价单，高于上限或未成交均放弃,T+1按实际成交价计算止盈/止损，首次触发即人工退出；均未触发则14:50退出；一字跌停顺延,1,0,LIMIT_ONLY_MANUAL,0,10.0,a_share_price_limit_le_10_v2,eligible_limit_le_10:10.00%:main_board_10pct,0.0,1,0,outside_stage_2_to_3_3_to_4_focus,auction_v8_calibrated_auction_truth_oos_2,f7d0b942e6a602c7ad76ca25db6cdc8dcb01aef7b4b824368843cf50350c4c27,2026-07-26T23:16:04+00:00,f78e04e45d154f7fd7a2a48995bbd50b8c19032cb032515117afe3daba85289a,D_CLOSE_STREAK_PATH_SENTIMENT_V8_CALIBRATED_NO_T_LEAKAGE,20260727,55.49,20260728,56.25,0.013696161470535095,0.009196161470535095,market_repo_auction,COUNTERFACTUAL_READY,0,price_above_cap,1,0,,1,0.03399717858530729,0,1,fixed_open_0930
20260724-002189.SZ-auction_v8_calibrated_auction_truth_oos_2,20260724,20260727,20260728,002189.SZ,中光学,军工电子,1→2,1→2,0.0,INSUFFICIENT,路径数据不足,连续涨停路径数据不足,1.0,1.0,0.5054911180773249,,,,,,,,0.0,0.0,0.0,0.0,0.0,19.0,15.0,4.0,1.0,0.5277777777777778,,0.0,-0.0285815,0.1004343105320304,0.0392629109575186,-0.0261589847473784,0.9091197966317128,0.0177947251350492,0.1105815061963775,3.6635616461296463,3.332204510175204,0.3313571359544424,0.2962962962962963,0.5833333333333334,-0.0058112293577981,0.3486238532110092,0.0170332008512914,0.25,0.0586419753086419,0.2214311814458193,0.7697758387146507,0.2950088784513278,-0.41545576691502,1.0,-0.59100148317521,EBB,退潮,0.0761053979980934,0.5609354491218764,0.25,0.4045821651376147,0.0395516774293014,3147.0,38.0,27.0,54.0,16.0,21.0,109.0,0.125,8.0,0.5,4.0,12.0,4.0,36.0,19.1,21.01,,,18.15,-4.9738,model_diagnostic_cap,0,,,,0,15,0.03,-0.025,,,14:50,tplus1_first_touch_tp3_sl2p5_time1450_v1,-0.0231476302610255,-0.0752567222298357,0.0386967031297216,-0.0254544796296528,-0.0208407808923983,-0.0752567222298357,0.0386967031297216,0.0234230471099697,0.9970453667081316,0.3522451642885318,0.3974609636653228,0.2619308444337206,0.15,-0.03,0.0,-0.0008249407661167,-0.0008249407661167,0.0,0,REJECT,没有安全买入价格，放弃,系统仅供人工参考：T日9:25前仅用限价单参与集合竞价；不得使用无上限市价单，高于上限或未成交均放弃,T+1按实际成交价计算止盈/止损，首次触发即人工退出；均未触发则14:50退出；一字跌停顺延,1,0,LIMIT_ONLY_MANUAL,0,10.0,a_share_price_limit_le_10_v2,eligible_limit_le_10:10.00%:main_board_10pct,0.0,1,0,outside_stage_2_to_3_3_to_4_focus,auction_v8_calibrated_auction_truth_oos_2,f7d0b942e6a602c7ad76ca25db6cdc8dcb01aef7b4b824368843cf50350c4c27,2026-07-26T23:16:04+00:00,f78e04e45d154f7fd7a2a48995bbd50b8c19032cb032515117afe3daba85289a,D_CLOSE_STREAK_PATH_SENTIMENT_V8_CALIBRATED_NO_T_LEAKAGE,20260727,18.5,20260728,19.43,0.05027027027027042,0.045770270270270426,market_repo_auction,COUNTERFACTUAL_READY,0,price_above_cap,1,0,,1,0.06891790053129593,0,1,fixed_open_0930
20260724-600617.SH-auction_v8_calibrated_auction_truth_oos_2,20260724,20260727,20260728,600617.SH,国新能源,燃气Ⅱ,1→2,1→2,0.0,INSUFFICIENT,路径数据不足,连续涨停路径数据不足,1.0,1.0,0.7471999022482892,,,,,,,,0.0,0.0,0.0,0.0,0.0,19.0,15.0,4.0,1.0,0.5277777777777778,,0.0,-0.0285815,0.1004343105320304,0.0392629109575186,-0.0261589847473784,0.9091197966317128,0.0177947251350492,0.1105815061963775,3.6635616461296463,3.332204510175204,0.3313571359544424,0.2962962962962963,0.5833333333333334,-0.0058112293577981,0.3486238532110092,0.0170332008512914,0.25,0.0586419753086419,0.2214311814458193,0.7697758387146507,0.2950088784513278,-0.41545576691502,1.0,-0.59100148317521,EBB,退潮,0.0761053979980934,0.5609354491218764,0.25,0.4045821651376147,0.0395516774293014,3147.0,38.0,27.0,54.0,16.0,21.0,109.0,0.125,8.0,0.5,4.0,12.0,4.0,20.0,3.39,3.73,,,3.22,-5.0147,model_diagnostic_cap,0,,,,0,15,0.03,-0.025,,,14:50,tplus1_first_touch_tp3_sl2p5_time1450_v1,-0.030344446176036,-0.0824535381448461,0.0314998872147112,-0.0326512955446632,-0.0280375968074087,-0.0824535381448461,0.0314998872147112,0.0228662023354531,0.9970453667081316,0.3522451642885318,0.4320780641689927,0.3133216529329305,0.15,-0.03,0.0,-0.0009936398413524,-0.0009936398413524,0.0,0,REJECT,没有安全买入价格，放弃,系统仅供人工参考：T日9:25前仅用限价单参与集合竞价；不得使用无上限市价单，高于上限或未成交均放弃,T+1按实际成交价计算止盈/止损，首次触发即人工退出；均未触发则14:50退出；一字跌停顺延,1,0,LIMIT_ONLY_MANUAL,0,10.0,a_share_price_limit_le_10_v2,eligible_limit_le_10:10.00%:main_board_10pct,0.0,1,0,outside_stage_2_to_3_3_to_4_focus,auction_v8_calibrated_auction_truth_oos_2,f7d0b942e6a602c7ad76ca25db6cdc8dcb01aef7b4b824368843cf50350c4c27,2026-07-26T23:16:04+00:00,f78e04e45d154f7fd7a2a48995bbd50b8c19032cb032515117afe3daba85289a,D_CLOSE_STREAK_PATH_SENTIMENT_V8_CALIBRATED_NO_T_LEAKAGE,20260727,3.5,20260728,4.1,0.17142857142857104,0.16692857142857104,market_repo_auction,COUNTERFACTUAL_READY,0,price_above_cap,1,0,,1,0.19727301760460703,0,1,fixed_open_0930
20260724-002498.SZ-auction_v8_calibrated_auction_truth_oos_2,20260724,20260727,20260728,002498.SZ,汉缆股份,电网设备,2→3,2→3,1.0,ACCELERATION_CONSENSUS,加速一致,路径强度0.68→1.00；竞价斜率+9.98pct/板；首封每板提前18分钟；炸板变化-1.0/板,2.0,1.0,0.9991363636363636,0.3166818181818182,0.0998307952622672,-18.34999999999991,-1.0,-0.0005519999999999,0.0976554699645042,-0.0521160661795603,0.0,0.0,0.0,1.0,0.0,14.0,15.0,4.0,4.0,0.3888888888888889,,0.0,-0.0285815,0.1004343105320304,0.0392629109575186,-0.0261589847473784,0.9091197966317128,0.0177947251350492,0.1105815061963775,3.6635616461296463,3.332204510175204,0.3313571359544424,0.2962962962962963,0.5833333333333334,-0.0058112293577981,0.3486238532110092,0.0170332008512914,0.25,0.0586419753086419,0.2214311814458193,0.7697758387146507,0.2950088784513278,-0.41545576691502,1.0,-0.59100148317521,EBB,退潮,0.0761053979980934,0.5609354491218764,0.25,0.4045821651376147,0.0395516774293014,3147.0,38.0,27.0,54.0,16.0,21.0,109.0,0.125,8.0,0.5,4.0,12.0,4.0,38.0,6.5,7.15,,,6.18,-4.9231,model_diagnostic_cap,0,,,,0,15,0.03,-0.025,,,14:50,tplus1_first_touch_tp3_sl2p5_time1450_v1,-0.0312288106857422,-0.0934879558739678,0.0367427327814381,-0.0335356600543694,-0.028921961317115,-0.0934879558739678,0.0367427327814381,0.0509968127358399,0.9970453667081316,0.3522451642885318,0.4972373562151051,0.2708462819481637,0.15,-0.03,0.0,-0.0023608292647431,-0.0010065978550023,0.0,0,REJECT,没有安全买入价格，放弃,系统仅供人工参考：T日9:25前仅用限价单参与集合竞价；不得使用无上限市价单，高于上限或未成交均放弃,T+1按实际成交价计算止盈/止损，首次触发即人工退出；均未触发则14:50退出；一字跌停顺延,1,0,LIMIT_ONLY_MANUAL,0,10.0,a_share_price_limit_le_10_v2,eligible_limit_le_10:10.00%:main_board_10pct,1.0,1,0,big_loss_probability_exceeds_cap,auction_v8_calibrated_auction_truth_oos_2,f7d0b942e6a602c7ad76ca25db6cdc8dcb01aef7b4b824368843cf50350c4c27,2026-07-26T23:16:04+00:00,f78e04e45d154f7fd7a2a48995bbd50b8c19032cb032515117afe3daba85289a,D_CLOSE_STREAK_PATH_SENTIMENT_V8_CALIBRATED_NO_T_LEAKAGE,20260727,6.4,20260728,6.74,0.05312499999999987,0.04862499999999987,tushare_stk_auction_o,COUNTERFACTUAL_READY,0,price_above_cap,1,0,,1,0.07985381068574207,0,1,fixed_open_0930
20260724-002303.SZ-auction_v8_calibrated_auction_truth_oos_2,20260724,20260727,20260728,002303.SZ,美盈森,包装印刷,1→2,1→2,0.0,INSUFFICIENT,路径数据不足,连续涨停路径数据不足,1.0,1.0,0.791,,,,,,,,0.0,0.0,0.0,0.0,0.0,19.0,15.0,4.0,2.0,0.5277777777777778,,0.0,-0.0285815,0.1004343105320304,0.0392629109575186,-0.0261589847473784,0.9091197966317128,0.0177947251350492,0.1105815061963775,3.6635616461296463,3.332204510175204,0.3313571359544424,0.2962962962962963,0.5833333333333334,-0.0058112293577981,0.3486238532110092,0.0170332008512914,0.25,0.0586419753086419,0.2214311814458193,0.7697758387146507,0.2950088784513278,-0.41545576691502,1.0,-0.59100148317521,EBB,退潮,0.0761053979980934,0.5609354491218764,0.25,0.4045821651376147,0.0395516774293014,3147.0,38.0,27.0,54.0,16.0,21.0,109.0,0.125,8.0,0.5,4.0,12.0,4.0,22.0,4.57,5.03,,,4.34,-5.0328,model_diagnostic_cap,0,,,,0,15,0.03,-0.025,,,14:50,tplus1_first_touch_tp3_sl2p5_time1450_v1,-0.0334480519079758,-0.0855571438767859,0.0283962814827714,-0.035754901276603,-0.0311412025393485,-0.0855571438767859,0.0283962814827714,0.0218502849625469,0.9970453667081316,0.3522451642885318,0.4592795189512841,0.3140018087279252,0.15,-0.03,0.0,-0.0010351390955971,-0.0010351390955971,0.0,0,REJECT,没有安全买入价格，放弃,系统仅供人工参考：T日9:25前仅用限价单参与集合竞价；不得使用无上限市价单，高于上限或未成交均放弃,T+1按实际成交价计算止盈/止损，首次触发即人工退出；均未触发则14:50退出；一字跌停顺延,1,0,LIMIT_ONLY_MANUAL,0,10.0,a_share_price_limit_le_10_v2,eligible_limit_le_10:10.00%:main_board_10pct,0.0,1,0,outside_stage_2_to_3_3_to_4_focus,auction_v8_calibrated_auction_truth_oos_2,f7d0b942e6a602c7ad76ca25db6cdc8dcb01aef7b4b824368843cf50350c4c27,2026-07-26T23:16:04+00:00,f78e04e45d154f7fd7a2a48995bbd50b8c19032cb032515117afe3daba85289a,D_CLOSE_STREAK_PATH_SENTIMENT_V8_CALIBRATED_NO_T_LEAKAGE,20260727,4.57,20260728,4.55,-0.004376367614879806,-0.008876367614879806,market_repo_auction,COUNTERFACTUAL_READY,0,price_above_cap,1,1,,1,0.024571684293095992,1,0,fixed_open_0930
20260724-603976.SH-auction_v8_calibrated_auction_truth_oos_2,20260724,20260727,20260728,603976.SH,正川股份,医疗器械,1→2,1→2,0.0,INSUFFICIENT,路径数据不足,连续涨停路径数据不足,1.0,1.0,0.7047121212121211,,,,,,,,0.0,0.0,0.0,0.0,0.0,19.0,15.0,4.0,1.0,0.5277777777777778,,0.0,-0.0285815,0.1004343105320304,0.0392629109575186,-0.0261589847473784,0.9091197966317128,0.0177947251350492,0.1105815061963775,3.6635616461296463,3.332204510175204,0.3313571359544424,0.2962962962962963,0.5833333333333334,-0.0058112293577981,0.3486238532110092,0.0170332008512914,0.25,0.0586419753086419,0.2214311814458193,0.7697758387146507,0.2950088784513278,-0.41545576691502,1.0,-0.59100148317521,EBB,退潮,0.0761053979980934,0.5609354491218764,0.25,0.4045821651376147,0.0395516774293014,3147.0,38.0,27.0,54.0,16.0,21.0,109.0,0.125,8.0,0.5,4.0,12.0,4.0,35.0,25.2,27.72,,,23.94,-5.0,model_diagnostic_cap,0,,,,0,15,0.03,-0.025,,,14:50,tplus1_first_touch_tp3_sl2p5_time1450_v1,-0.0239811507331081,-0.0760902427019183,0.037863182657639,-0.0262880001017353,-0.0216743013644808,-0.0760902427019183,0.037863182657639,0.0302327925927562,0.9970453667081316,0.3522451642885318,0.3864198529645991,0.2957796834950372,0.15,-0.03,0.0,-0.0010799600350767,-0.0010799600350767,0.0,0,REJECT,没有安全买入价格，放弃,系统仅供人工参考：T日9:25前仅用限价单参与集合竞价；不得使用无上限市价单，高于上限或未成交均放弃,T+1按实际成交价计算止盈/止损，首次触发即人工退出；均未触发则14:50退出；一字跌停顺延,1,0,LIMIT_ONLY_MANUAL,0,10.0,a_share_price_limit_le_10_v2,eligible_limit_le_10:10.00%:main_board_10pct,0.0,1,0,outside_stage_2_to_3_3_to_4_focus,auction_v8_calibrated_auction_truth_oos_2,f7d0b942e6a602c7ad76ca25db6cdc8dcb01aef7b4b824368843cf50350c4c27,2026-07-26T23:16:04+00:00,f78e04e45d154f7fd7a2a48995bbd50b8c19032cb032515117afe3daba85289a,D_CLOSE_STREAK_PATH_SENTIMENT_V8_CALIBRATED_NO_T_LEAKAGE,20260727,25.07,20260728,25.8,0.0291184682887915,0.0246184682887915,market_repo_auction,COUNTERFACTUAL_READY,0,price_above_cap,1,0,,1,0.048599619021899604,0,1,fixed_open_0930
20260724-600178.SH-auction_v8_calibrated_auction_truth_oos_2,20260724,20260727,20260728,600178.SH,东安动力,汽车零部件,1→2,1→2,0.0,INSUFFICIENT,路径数据不足,连续涨停路径数据不足,1.0,1.0,0.6556166655474654,,,,,,,,0.0,0.0,0.0,0.0,0.0,19.0,15.0,4.0,2.0,0.5277777777777778,,0.0,-0.0285815,0.1004343105320304,0.0392629109575186,-0.0261589847473784,0.9091197966317128,0.0177947251350492,0.1105815061963775,3.6635616461296463,3.332204510175204,0.3313571359544424,0.2962962962962963,0.5833333333333334,-0.0058112293577981,0.3486238532110092,0.0170332008512914,0.25,0.0586419753086419,0.2214311814458193,0.7697758387146507,0.2950088784513278,-0.41545576691502,1.0,-0.59100148317521,EBB,退潮,0.0761053979980934,0.5609354491218764,0.25,0.4045821651376147,0.0395516774293014,3147.0,38.0,27.0,54.0,16.0,21.0,109.0,0.125,8.0,0.5,4.0,12.0,4.0,31.0,9.5,10.45,,,9.03,-4.9474,model_diagnostic_cap,0,,,,0,15,0.03,-0.025,,,14:50,tplus1_first_touch_tp3_sl2p5_time1450_v1,-0.021899754828332,-0.0740088467971422,0.0399445785624151,-0.0242066041969592,-0.0195929054597047,-0.0740088467971422,0.0399445785624151,0.0362720724872516,0.9970453667081316,0.3522451642885318,0.3685318473828557,0.2937826072911081,0.15,-0.03,0.0,-0.001200730444697,-0.001200730444697,0.0,0,REJECT,没有安全买入价格，放弃,系统仅供人工参考：T日9:25前仅用限价单参与集合竞价；不得使用无上限市价单，高于上限或未成交均放弃,T+1按实际成交价计算止盈/止损，首次触发即人工退出；均未触发则14:50退出；一字跌停顺延,1,0,LIMIT_ONLY_MANUAL,0,10.0,a_share_price_limit_le_10_v2,eligible_limit_le_10:10.00%:main_board_10pct,0.0,1,0,outside_stage_2_to_3_3_to_4_focus,auction_v8_calibrated_auction_truth_oos_2,f7d0b942e6a602c7ad76ca25db6cdc8dcb01aef7b4b824368843cf50350c4c27,2026-07-26T23:16:04+00:00,f78e04e45d154f7fd7a2a48995bbd50b8c19032cb032515117afe3daba85289a,D_CLOSE_STREAK_PATH_SENTIMENT_V8_CALIBRATED_NO_T_LEAKAGE,20260727,9.31,20260728,9.3,-0.0010741138560687036,-0.005574113856068703,market_repo_auction,COUNTERFACTUAL_READY,0,price_above_cap,1,1,,1,0.016325640972263297,1,0,fixed_open_0930
20260724-002218.SZ-auction_v8_calibrated_auction_truth_oos_2,20260724,20260727,20260728,002218.SZ,拓日新能,电力,2→3,2→3,1.0,STRONG_TO_WEAK,强转弱,路径强度0.71→0.52；竞价斜率+1.49pct/板；首封每板推迟116分钟；炸板变化+0.0/板,2.0,0.875,0.5200063795853271,-0.1948637502848026,0.0149146762828735,115.60000000000002,0.0,0.141507,1.6234505724794452,,0.0,0.0,1.0,0.0,0.0,14.0,15.0,4.0,1.0,0.3888888888888889,,0.0,-0.0285815,0.1004343105320304,0.0392629109575186,-0.0261589847473784,0.9091197966317128,0.0177947251350492,0.1105815061963775,3.6635616461296463,3.332204510175204,0.3313571359544424,0.2962962962962963,0.5833333333333334,-0.0058112293577981,0.3486238532110092,0.0170332008512914,0.25,0.0586419753086419,0.2214311814458193,0.7697758387146507,0.2950088784513278,-0.41545576691502,1.0,-0.59100148317521,EBB,退潮,0.0761053979980934,0.5609354491218764,0.25,0.4045821651376147,0.0395516774293014,3147.0,38.0,27.0,54.0,16.0,21.0,109.0,0.125,8.0,0.5,4.0,12.0,4.0,25.0,4.2,4.62,,,3.99,-5.0,model_diagnostic_cap,0,1.0,2.0,高风险观察,1,15,0.03,-0.025,,,14:50,tplus1_first_touch_tp3_sl2p5_time1450_v1,-0.0203335019343393,-0.0825926471225649,0.047638041532841,-0.0226403513029665,-0.018026652565712,-0.0825926471225649,0.047638041532841,0.0778188329612103,0.9970453667081316,0.3522451642885318,0.4072881404524534,0.2643338956086987,0.15,-0.03,0.0,-0.0025446663293434,-0.0012229968512999,0.0,0,REJECT,没有安全买入价格，放弃,系统仅供人工参考：T日9:25前仅用限价单参与集合竞价；不得使用无上限市价单，高于上限或未成交均放弃,T+1按实际成交价计算止盈/止损，首次触发即人工退出；均未触发则14:50退出；一字跌停顺延,1,0,LIMIT_ONLY_MANUAL,0,10.0,a_share_price_limit_le_10_v2,eligible_limit_le_10:10.00%:main_board_10pct,1.0,1,0,big_loss_probability_exceeds_cap,auction_v8_calibrated_auction_truth_oos_2,f7d0b942e6a602c7ad76ca25db6cdc8dcb01aef7b4b824368843cf50350c4c27,2026-07-26T23:16:04+00:00,f78e04e45d154f7fd7a2a48995bbd50b8c19032cb032515117afe3daba85289a,D_CLOSE_STREAK_PATH_SENTIMENT_V8_CALIBRATED_NO_T_LEAKAGE,20260727,3.89,20260728,4.12,0.059125964010282805,0.05462596401028281,tushare_stk_auction_o,COUNTERFACTUAL_READY,0,price_above_cap,1,0,,1,0.0749594659446221,0,1,fixed_open_0930
20260724-601606.SH-auction_v8_calibrated_auction_truth_oos_2,20260724,20260727,20260728,601606.SH,长城军工,地面兵装,2→3,2→3,1.0,ACCELERATION_CONSENSUS,加速一致,路径强度0.60→0.90；竞价斜率+5.08pct/板；首封每板提前218分钟；炸板变化+0.0/板,2.0,1.0,0.89693580131209,0.3000447206945944,0.0507549630233032,-218.23333333333332,0.0,-0.0002819999999999,0.1156236480744823,0.101055475609946,0.0,0.0,0.0,1.0,0.0,14.0,15.0,4.0,1.0,0.3888888888888889,,0.0,-0.0285815,0.1004343105320304,0.0392629109575186,-0.0261589847473784,0.9091197966317128,0.0177947251350492,0.1105815061963775,3.6635616461296463,3.332204510175204,0.3313571359544424,0.2962962962962963,0.5833333333333334,-0.0058112293577981,0.3486238532110092,0.0170332008512914,0.25,0.0586419753086419,0.2214311814458193,0.7697758387146507,0.2950088784513278,-0.41545576691502,1.0,-0.59100148317521,EBB,退潮,0.0761053979980934,0.5609354491218764,0.25,0.4045821651376147,0.0395516774293014,3147.0,38.0,27.0,54.0,16.0,21.0,109.0,0.125,8.0,0.5,4.0,12.0,4.0,4.0,32.05,35.25,,,30.45,-4.9922,model_diagnostic_cap,0,7.0,2.0,高风险观察,1,15,0.03,-0.025,,,14:50,tplus1_first_touch_tp3_sl2p5_time1450_v1,-0.0302188164636753,-0.0924779616519009,0.0377527270035049,-0.0325256658323026,-0.0279119670950481,-0.0924779616519009,0.0377527270035049,0.0744992293517559,0.9970453667081316,0.3522451642885318,0.4533103201889674,0.2619152237897623,0.15,-0.03,0.0,-0.0032754225189673,-0.0019658464000184,0.0,0,REJECT,没有安全买入价格，放弃,系统仅供人工参考：T日9:25前仅用限价单参与集合竞价；不得使用无上限市价单，高于上限或未成交均放弃,T+1按实际成交价计算止盈/止损，首次触发即人工退出；均未触发则14:50退出；一字跌停顺延,1,0,LIMIT_ONLY_MANUAL,0,10.0,a_share_price_limit_le_10_v2,eligible_limit_le_10:10.00%:main_board_10pct,0.0,1,0,big_loss_probability_exceeds_cap,auction_v8_calibrated_auction_truth_oos_2,f7d0b942e6a602c7ad76ca25db6cdc8dcb01aef7b4b824368843cf50350c4c27,2026-07-26T23:16:04+00:00,f78e04e45d154f7fd7a2a48995bbd50b8c19032cb032515117afe3daba85289a,D_CLOSE_STREAK_PATH_SENTIMENT_V8_CALIBRATED_NO_T_LEAKAGE,20260727,32.26,20260728,37.5,0.16243025418474888,0.15793025418474888,market_repo_auction,COUNTERFACTUAL_READY,0,price_above_cap,1,0,,1,0.18814907064842418,0,1,fixed_open_0930
20260724-000417.SZ-auction_v8_calibrated_auction_truth_oos_2,20260724,20260727,20260728,000417.SZ,合百集团,一般零售,1→2,1→2,0.0,INSUFFICIENT,路径数据不足,连续涨停路径数据不足,1.0,1.0,0.4881222570532915,,,,,,,,0.0,0.0,0.0,0.0,0.0,19.0,15.0,4.0,1.0,0.5277777777777778,,0.0,-0.0285815,0.1004343105320304,0.0392629109575186,-0.0261589847473784,0.9091197966317128,0.0177947251350492,0.1105815061963775,3.6635616461296463,3.332204510175204,0.3313571359544424,0.2962962962962963,0.5833333333333334,-0.0058112293577981,0.3486238532110092,0.0170332008512914,0.25,0.0586419753086419,0.2214311814458193,0.7697758387146507,0.2950088784513278,-0.41545576691502,1.0,-0.59100148317521,EBB,退潮,0.0761053979980934,0.5609354491218764,0.25,0.4045821651376147,0.0395516774293014,3147.0,38.0,27.0,54.0,16.0,21.0,109.0,0.125,8.0,0.5,4.0,12.0,4.0,33.0,6.36,7.0,,,6.04,-5.0314,model_diagnostic_cap,0,,,,0,15,0.03,-0.025,,,14:50,tplus1_first_touch_tp3_sl2p5_time1450_v1,-0.0284072215805118,-0.080516313549322,0.0334371118102353,-0.0307140709491391,-0.0261003722118846,-0.080516313549322,0.0334371118102353,0.0498056166345922,0.9970453667081316,0.3522451642885318,0.4298523128714072,0.2345969749758905,0.15,-0.03,0.0,-0.0020644688394754,-0.0020644688394754,0.0,0,REJECT,没有安全买入价格，放弃,系统仅供人工参考：T日9:25前仅用限价单参与集合竞价；不得使用无上限市价单，高于上限或未成交均放弃,T+1按实际成交价计算止盈/止损，首次触发即人工退出；均未触发则14:50退出；一字跌停顺延,1,0,LIMIT_ONLY_MANUAL,0,10.0,a_share_price_limit_le_10_v2,eligible_limit_le_10:10.00%:main_board_10pct,0.0,1,0,outside_stage_2_to_3_3_to_4_focus,auction_v8_calibrated_auction_truth_oos_2,f7d0b942e6a602c7ad76ca25db6cdc8dcb01aef7b4b824368843cf50350c4c27,2026-07-26T23:16:04+00:00,f78e04e45d154f7fd7a2a48995bbd50b8c19032cb032515117afe3daba85289a,D_CLOSE_STREAK_PATH_SENTIMENT_V8_CALIBRATED_NO_T_LEAKAGE,20260727,6.25,20260728,5.82,-0.06879999999999997,-0.07329999999999998,market_repo_auction,COUNTERFACTUAL_READY,0,price_above_cap,1,1,,0,-0.044892778419488175,1,0,fixed_open_0930
20260724-603726.SH-auction_v8_calibrated_auction_truth_oos_2,20260724,20260727,20260728,603726.SH,朗迪集团,家电零部,1→2,1→2,0.0,INSUFFICIENT,路径数据不足,连续涨停路径数据不足,1.0,1.0,0.6464319183019622,,,,,,,,0.0,0.0,0.0,0.0,0.0,19.0,15.0,4.0,1.0,0.5277777777777778,,0.0,-0.0285815,0.1004343105320304,0.0392629109575186,-0.0261589847473784,0.9091197966317128,0.0177947251350492,0.1105815061963775,3.6635616461296463,3.332204510175204,0.3313571359544424,0.2962962962962963,0.5833333333333334,-0.0058112293577981,0.3486238532110092,0.0170332008512914,0.25,0.0586419753086419,0.2214311814458193,0.7697758387146507,0.2950088784513278,-0.41545576691502,1.0,-0.59100148317521,EBB,退潮,0.0761053979980934,0.5609354491218764,0.25,0.4045821651376147,0.0395516774293014,3147.0,38.0,27.0,54.0,16.0,21.0,109.0,0.125,8.0,0.5,4.0,12.0,4.0,15.0,25.0,27.5,,,23.75,-5.0,model_diagnostic_cap,0,,,,0,15,0.03,-0.025,,,14:50,tplus1_first_touch_tp3_sl2p5_time1450_v1,-0.0267788652342667,-0.0788879572030769,0.0350654681564805,-0.0290857146028939,-0.0244720158656394,-0.0788879572030769,0.0350654681564805,0.0546376462480811,0.9970453667081316,0.3522451642885318,0.413199074703131,0.2894542494435077,0.15,-0.03,0.0,-0.0021484926222345,-0.0021484926222345,0.0,0,REJECT,没有安全买入价格，放弃,系统仅供人工参考：T日9:25前仅用限价单参与集合竞价；不得使用无上限市价单，高于上限或未成交均放弃,T+1按实际成交价计算止盈/止损，首次触发即人工退出；均未触发则14:50退出；一字跌停顺延,1,0,LIMIT_ONLY_MANUAL,0,10.0,a_share_price_limit_le_10_v2,eligible_limit_le_10:10.00%:main_board_10pct,0.0,1,0,outside_stage_2_to_3_3_to_4_focus,auction_v8_calibrated_auction_truth_oos_2,f7d0b942e6a602c7ad76ca25db6cdc8dcb01aef7b4b824368843cf50350c4c27,2026-07-26T23:16:04+00:00,f78e04e45d154f7fd7a2a48995bbd50b8c19032cb032515117afe3daba85289a,D_CLOSE_STREAK_PATH_SENTIMENT_V8_CALIBRATED_NO_T_LEAKAGE,20260727,22.5,20260728,23.06,0.02488888888888874,0.020388888888888738,market_repo_auction,COUNTERFACTUAL_READY,0,price_above_cap,1,0,,1,0.047167754123155436,0,1,fixed_open_0930
20260724-002265.SZ-auction_v8_calibrated_auction_truth_oos_2,20260724,20260727,20260728,002265.SZ,建设工业,汽车零部件,1→2,1→2,0.0,INSUFFICIENT,路径数据不足,连续涨停路径数据不足,1.0,1.0,0.7575000000000003,,,,,,,,0.0,0.0,0.0,0.0,0.0,19.0,15.0,4.0,2.0,0.5277777777777778,,0.0,-0.0285815,0.1004343105320304,0.0392629109575186,-0.0261589847473784,0.9091197966317128,0.0177947251350492,0.1105815061963775,3.6635616461296463,3.332204510175204,0.3313571359544424,0.2962962962962963,0.5833333333333334,-0.0058112293577981,0.3486238532110092,0.0170332008512914,0.25,0.0586419753086419,0.2214311814458193,0.7697758387146507,0.2950088784513278,-0.41545576691502,1.0,-0.59100148317521,EBB,退潮,0.0761053979980934,0.5609354491218764,0.25,0.4045821651376147,0.0395516774293014,3147.0,38.0,27.0,54.0,16.0,21.0,109.0,0.125,8.0,0.5,4.0,12.0,4.0,27.0,19.34,21.28,,,18.37,-5.0155,model_diagnostic_cap,0,,,,0,15,0.03,-0.025,,,14:50,tplus1_first_touch_tp3_sl2p5_time1450_v1,-0.0304682367478373,-0.0825773287166475,0.0313760966429098,-0.0327750861164646,-0.0281613873792101,-0.0825773287166475,0.0313760966429098,0.0500812642028426,0.9995060311915276,0.3522451642885318,0.4191203470444805,0.2691206169115459,0.15,-0.03,0.0,-0.0021568270484771,-0.0021568270484771,0.0,0,REJECT,没有安全买入价格，放弃,系统仅供人工参考：T日9:25前仅用限价单参与集合竞价；不得使用无上限市价单，高于上限或未成交均放弃,T+1按实际成交价计算止盈/止损，首次触发即人工退出；均未触发则14:50退出；一字跌停顺延,1,0,LIMIT_ONLY_MANUAL,0,10.0,a_share_price_limit_le_10_v2,eligible_limit_le_10:10.00%:main_board_10pct,0.0,1,0,outside_stage_2_to_3_3_to_4_focus,auction_v8_calibrated_auction_truth_oos_2,f7d0b942e6a602c7ad76ca25db6cdc8dcb01aef7b4b824368843cf50350c4c27,2026-07-26T23:16:04+00:00,f78e04e45d154f7fd7a2a48995bbd50b8c19032cb032515117afe3daba85289a,D_CLOSE_STREAK_PATH_SENTIMENT_V8_CALIBRATED_NO_T_LEAKAGE,20260727,18.93,20260728,19.01,0.004226096143687297,-0.00027390385631270286,market_repo_auction,COUNTERFACTUAL_READY,0,price_above_cap,1,1,,1,0.030194332891524595,1,0,fixed_open_0930
20260724-002879.SZ-auction_v8_calibrated_auction_truth_oos_2,20260724,20260727,20260728,002879.SZ,长缆科技,电网设备,4→5,4→5,0.0,DIVERGENCE_RESEAL,分歧回封,路径强度0.70→0.87；竞价斜率+0.11pct/板；首封每板提前2分钟；炸板变化+0.7/板,4.0,1.0,0.8666666666666667,0.1667342892007322,0.0011421635275703,-1.6666666666666667,0.6666666666666666,0.0426423333333333,0.7460501257726442,-0.5507099002636299,0.0,0.0,0.0,0.0,1.0,2.0,15.0,4.0,1.0,0.0555555555555555,,0.0,-0.0285815,0.1004343105320304,0.0392629109575186,-0.0261589847473784,0.9091197966317128,0.0177947251350492,0.1105815061963775,3.6635616461296463,3.332204510175204,0.3313571359544424,0.2962962962962963,0.5833333333333334,-0.0058112293577981,0.3486238532110092,0.0170332008512914,0.25,0.0586419753086419,0.2214311814458193,0.7697758387146507,0.2950088784513278,-0.41545576691502,1.0,-0.59100148317521,EBB,退潮,0.0761053979980934,0.5609354491218764,0.25,0.4045821651376147,0.0395516774293014,3147.0,38.0,27.0,54.0,16.0,21.0,109.0,0.125,8.0,0.5,4.0,12.0,4.0,5.0,18.05,19.85,,,17.15,-4.9861,model_diagnostic_cap,0,,,,0,15,0.03,-0.025,,,14:50,tplus1_first_touch_tp3_sl2p5_time1450_v1,-0.0744311040586624,-0.1265401960274726,-0.0125867706679152,-0.0767379534272896,-0.0721242546900352,-0.1265401960274726,-0.0125867706679152,0.0240292794765837,0.9820252020459352,0.3522451642885318,0.5421543042729958,0.3154926947670567,0.15,-0.03,0.0,-0.0022009491922592,-0.0022009491922592,0.0,0,REJECT,没有安全买入价格，放弃,系统仅供人工参考：T日9:25前仅用限价单参与集合竞价；不得使用无上限市价单，高于上限或未成交均放弃,T+1按实际成交价计算止盈/止损，首次触发即人工退出；均未触发则14:50退出；一字跌停顺延,1,0,LIMIT_ONLY_MANUAL,0,10.0,a_share_price_limit_le_10_v2,eligible_limit_le_10:10.00%:main_board_10pct,1.0,1,0,outside_stage_2_to_3_3_to_4_focus,auction_v8_calibrated_auction_truth_oos_2,f7d0b942e6a602c7ad76ca25db6cdc8dcb01aef7b4b824368843cf50350c4c27,2026-07-26T23:16:04+00:00,f78e04e45d154f7fd7a2a48995bbd50b8c19032cb032515117afe3daba85289a,D_CLOSE_STREAK_PATH_SENTIMENT_V8_CALIBRATED_NO_T_LEAKAGE,20260727,17.33,20260728,19.4,0.11944604731679176,0.11494604731679176,tushare_stk_auction_o,COUNTERFACTUAL_READY,0,price_above_cap,1,0,,1,0.18937715137545416,0,1,fixed_open_0930
20260724-000670.SZ-auction_v8_calibrated_auction_truth_oos_2,20260724,20260727,20260728,000670.SZ,盈方微,其他电子,1→2,1→2,0.0,INSUFFICIENT,路径数据不足,连续涨停路径数据不足,1.0,1.0,0.3813202716823407,,,,,,,,0.0,0.0,0.0,0.0,0.0,19.0,15.0,4.0,2.0,0.5277777777777778,,0.0,-0.0285815,0.1004343105320304,0.0392629109575186,-0.0261589847473784,0.9091197966317128,0.0177947251350492,0.1105815061963775,3.6635616461296463,3.332204510175204,0.3313571359544424,0.2962962962962963,0.5833333333333334,-0.0058112293577981,0.3486238532110092,0.0170332008512914,0.25,0.0586419753086419,0.2214311814458193,0.7697758387146507,0.2950088784513278,-0.41545576691502,1.0,-0.59100148317521,EBB,退潮,0.0761053979980934,0.5609354491218764,0.25,0.4045821651376147,0.0395516774293014,3147.0,38.0,27.0,54.0,16.0,21.0,109.0,0.125,8.0,0.5,4.0,12.0,4.0,11.0,6.34,6.98,,,6.02,-5.0473,model_diagnostic_cap,0,,,,0,15,0.03,-0.025,,,14:50,tplus1_first_touch_tp3_sl2p5_time1450_v1,-0.0304073901070354,-0.0825164820758456,0.0314369432837117,-0.0327142394756627,-0.0281005407384082,-0.0825164820758456,0.0314369432837117,0.0511451980797752,0.9970453667081316,0.3522451642885318,0.4283564886896049,0.2529589622975094,0.15,-0.03,0.0,-0.0022199990792452,-0.0022199990792452,0.0,0,REJECT,没有安全买入价格，放弃,系统仅供人工参考：T日9:25前仅用限价单参与集合竞价；不得使用无上限市价单，高于上限或未成交均放弃,T+1按实际成交价计算止盈/止损，首次触发即人工退出；均未触发则14:50退出；一字跌停顺延,1,0,LIMIT_ONLY_MANUAL,0,10.0,a_share_price_limit_le_10_v2,eligible_limit_le_10:10.00%:main_board_10pct,0.0,1,0,outside_stage_2_to_3_3_to_4_focus,auction_v8_calibrated_auction_truth_oos_2,f7d0b942e6a602c7ad76ca25db6cdc8dcb01aef7b4b824368843cf50350c4c27,2026-07-26T23:16:04+00:00,f78e04e45d154f7fd7a2a48995bbd50b8c19032cb032515117afe3daba85289a,D_CLOSE_STREAK_PATH_SENTIMENT_V8_CALIBRATED_NO_T_LEAKAGE,20260727,6.45,20260728,6.5,0.007751937984496138,0.003251937984496138,market_repo_auction,COUNTERFACTUAL_READY,0,price_above_cap,1,0,,1,0.03365932809153154,0,1,fixed_open_0930
20260724-600984.SH-auction_v8_calibrated_auction_truth_oos_2,20260724,20260727,20260728,600984.SH,建设机械,工程机械,2→3,2→3,1.0,STABLE_STRONG,持续强势,路径强度0.66→0.69；竞价斜率+3.24pct/板；首封每板推迟57分钟；炸板变化-1.0/板,2.0,1.0,0.6933333887471357,0.0338939948077418,0.0324192423890308,57.41666666666674,-1.0,0.031283,0.6905436756800611,-0.1452637716279959,0.0,0.0,0.0,0.0,0.0,14.0,15.0,4.0,1.0,0.3888888888888889,,0.0,-0.0285815,0.1004343105320304,0.0392629109575186,-0.0261589847473784,0.9091197966317128,0.0177947251350492,0.1105815061963775,3.6635616461296463,3.332204510175204,0.3313571359544424,0.2962962962962963,0.5833333333333334,-0.0058112293577981,0.3486238532110092,0.0170332008512914,0.25,0.0586419753086419,0.2214311814458193,0.7697758387146507,0.2950088784513278,-0.41545576691502,1.0,-0.59100148317521,EBB,退潮,0.0761053979980934,0.5609354491218764,0.25,0.4045821651376147,0.0395516774293014,3147.0,38.0,27.0,54.0,16.0,21.0,109.0,0.125,8.0,0.5,4.0,12.0,4.0,18.0,4.0,4.4,,,3.8,-5.0,model_diagnostic_cap,0,,,,0,15,0.03,-0.025,,,14:50,tplus1_first_touch_tp3_sl2p5_time1450_v1,-0.0355709830583003,-0.0978301282465259,0.03240056040888,-0.0378778324269275,-0.0332641336896731,-0.0978301282465259,0.03240056040888,0.0756876127406701,0.9970453667081316,0.3522451642885318,0.4903771943197781,0.2910764963818035,0.15,-0.03,0.0,-0.0038169286229568,-0.0023615461410477,0.0,0,REJECT,没有安全买入价格，放弃,系统仅供人工参考：T日9:25前仅用限价单参与集合竞价；不得使用无上限市价单，高于上限或未成交均放弃,T+1按实际成交价计算止盈/止损，首次触发即人工退出；均未触发则14:50退出；一字跌停顺延,1,0,LIMIT_ONLY_MANUAL,0,10.0,a_share_price_limit_le_10_v2,eligible_limit_le_10:10.00%:main_board_10pct,1.0,1,0,big_loss_probability_exceeds_cap,auction_v8_calibrated_auction_truth_oos_2,f7d0b942e6a602c7ad76ca25db6cdc8dcb01aef7b4b824368843cf50350c4c27,2026-07-26T23:16:04+00:00,f78e04e45d154f7fd7a2a48995bbd50b8c19032cb032515117afe3daba85289a,D_CLOSE_STREAK_PATH_SENTIMENT_V8_CALIBRATED_NO_T_LEAKAGE,20260727,3.88,20260728,4.0,0.030927835051546282,0.02642783505154628,tushare_stk_auction_o,COUNTERFACTUAL_READY,0,price_above_cap,1,0,,1,0.06199881810984659,0,1,fixed_open_0930
20260724-603690.SH-auction_v8_calibrated_auction_truth_oos_2,20260724,20260727,20260728,603690.SH,至纯科技,半导体,1→2,1→2,0.0,INSUFFICIENT,路径数据不足,连续涨停路径数据不足,1.0,1.0,0.6694694027655194,,,,,,,,0.0,0.0,0.0,0.0,0.0,19.0,15.0,4.0,2.0,0.5277777777777778,,0.0,-0.0285815,0.1004343105320304,0.0392629109575186,-0.0261589847473784,0.9091197966317128,0.0177947251350492,0.1105815061963775,3.6635616461296463,3.332204510175204,0.3313571359544424,0.2962962962962963,0.5833333333333334,-0.0058112293577981,0.3486238532110092,0.0170332008512914,0.25,0.0586419753086419,0.2214311814458193,0.7697758387146507,0.2950088784513278,-0.41545576691502,1.0,-0.59100148317521,EBB,退潮,0.0761053979980934,0.5609354491218764,0.25,0.4045821651376147,0.0395516774293014,3147.0,38.0,27.0,54.0,16.0,21.0,109.0,0.125,8.0,0.5,4.0,12.0,4.0,26.0,22.62,24.89,,,21.49,-4.9956,model_diagnostic_cap,0,,,,0,15,0.03,-0.025,,,14:50,tplus1_first_touch_tp3_sl2p5_time1450_v1,-0.0372115849990691,-0.0893206769678793,0.024632748391678,-0.0395184343676964,-0.0349047356304419,-0.0893206769678793,0.024632748391678,0.0504888919124598,0.9995060311915276,0.3522451642885318,0.468208331541798,0.2917872734667237,0.15,-0.03,0.0,-0.00258919828511,-0.00258919828511,0.0,0,REJECT,没有安全买入价格，放弃,系统仅供人工参考：T日9:25前仅用限价单参与集合竞价；不得使用无上限市价单，高于上限或未成交均放弃,T+1按实际成交价计算止盈/止损，首次触发即人工退出；均未触发则14:50退出；一字跌停顺延,1,0,LIMIT_ONLY_MANUAL,0,10.0,a_share_price_limit_le_10_v2,eligible_limit_le_10:10.00%:main_board_10pct,0.0,1,0,outside_stage_2_to_3_3_to_4_focus,auction_v8_calibrated_auction_truth_oos_2,f7d0b942e6a602c7ad76ca25db6cdc8dcb01aef7b4b824368843cf50350c4c27,2026-07-26T23:16:04+00:00,f78e04e45d154f7fd7a2a48995bbd50b8c19032cb032515117afe3daba85289a,D_CLOSE_STREAK_PATH_SENTIMENT_V8_CALIBRATED_NO_T_LEAKAGE,20260727,23.76,20260728,27.37,0.1519360269360268,0.1474360269360268,market_repo_auction,COUNTERFACTUAL_READY,0,price_above_cap,1,0,,1,0.1846476119350959,0,1,fixed_open_0930
20260724-002083.SZ-auction_v8_calibrated_auction_truth_oos_2,20260724,20260727,20260728,002083.SZ,孚日股份,纺织制造,2→3,2→3,1.0,DIVERGENCE_RESEAL,分歧回封,路径强度0.66→0.67；竞价斜率+5.69pct/板；首封每板提前28分钟；炸板变化+5.0/板,2.0,1.0,0.6712597568003412,0.0108458812022547,0.0569233424028635,-28.44999999999993,5.0,0.0480429999999999,0.7271199905309089,-0.147714303503897,0.0,0.0,0.0,0.0,1.0,14.0,15.0,4.0,1.0,0.3888888888888889,,0.0,-0.0285815,0.1004343105320304,0.0392629109575186,-0.0261589847473784,0.9091197966317128,0.0177947251350492,0.1105815061963775,3.6635616461296463,3.332204510175204,0.3313571359544424,0.2962962962962963,0.5833333333333334,-0.0058112293577981,0.3486238532110092,0.0170332008512914,0.25,0.0586419753086419,0.2214311814458193,0.7697758387146507,0.2950088784513278,-0.41545576691502,1.0,-0.59100148317521,EBB,退潮,0.0761053979980934,0.5609354491218764,0.25,0.4045821651376147,0.0395516774293014,3147.0,38.0,27.0,54.0,16.0,21.0,109.0,0.125,8.0,0.5,4.0,12.0,4.0,2.0,11.52,12.68,,,10.94,-5.0347,model_diagnostic_cap,0,3.0,2.0,高风险观察,1,15,0.03,-0.025,,,14:50,tplus1_first_touch_tp3_sl2p5_time1450_v1,-0.0184449274409411,-0.0807040726291667,0.0495266160262392,-0.0207517768095683,-0.0161380780723139,-0.0807040726291667,0.0495266160262392,0.1272799064531191,0.9970453667081316,0.3522451642885318,0.4199458697933176,0.2590963622020152,0.15,-0.03,0.0,-0.0039699920423471,-0.0026745102313371,0.0,0,REJECT,没有安全买入价格，放弃,系统仅供人工参考：T日9:25前仅用限价单参与集合竞价；不得使用无上限市价单，高于上限或未成交均放弃,T+1按实际成交价计算止盈/止损，首次触发即人工退出；均未触发则14:50退出；一字跌停顺延,1,0,LIMIT_ONLY_MANUAL,0,10.0,a_share_price_limit_le_10_v2,eligible_limit_le_10:10.00%:main_board_10pct,0.0,1,0,big_loss_probability_exceeds_cap,auction_v8_calibrated_auction_truth_oos_2,f7d0b942e6a602c7ad76ca25db6cdc8dcb01aef7b4b824368843cf50350c4c27,2026-07-26T23:16:04+00:00,f78e04e45d154f7fd7a2a48995bbd50b8c19032cb032515117afe3daba85289a,D_CLOSE_STREAK_PATH_SENTIMENT_V8_CALIBRATED_NO_T_LEAKAGE,20260727,12.52,20260728,11.8,-0.057507987220447254,-0.06200798722044725,tushare_stk_auction_o,COUNTERFACTUAL_READY,0,price_above_cap,1,1,,0,-0.043563059779506155,1,0,fixed_open_0930
20260724-001229.SZ-auction_v8_calibrated_auction_truth_oos_2,20260724,20260727,20260728,001229.SZ,魅视科技,计算机设,1→2,1→2,0.0,INSUFFICIENT,路径数据不足,连续涨停路径数据不足,1.0,1.0,0.3683979162793082,,,,,,,,0.0,0.0,0.0,0.0,0.0,19.0,15.0,4.0,1.0,0.5277777777777778,,0.0,-0.0285815,0.1004343105320304,0.0392629109575186,-0.0261589847473784,0.9091197966317128,0.0177947251350492,0.1105815061963775,3.6635616461296463,3.332204510175204,0.3313571359544424,0.2962962962962963,0.5833333333333334,-0.0058112293577981,0.3486238532110092,0.0170332008512914,0.25,0.0586419753086419,0.2214311814458193,0.7697758387146507,0.2950088784513278,-0.41545576691502,1.0,-0.59100148317521,EBB,退潮,0.0761053979980934,0.5609354491218764,0.25,0.4045821651376147,0.0395516774293014,3147.0,38.0,27.0,54.0,16.0,21.0,109.0,0.125,8.0,0.5,4.0,12.0,4.0,19.0,39.18,43.1,,,37.22,-5.0026,model_diagnostic_cap,0,,,,0,15,0.03,-0.025,,,14:50,tplus1_first_touch_tp3_sl2p5_time1450_v1,-0.0297072439420781,-0.0818163359108883,0.032137089448669,-0.0320140933107053,-0.0274003945734508,-0.0818163359108883,0.032137089448669,0.0656789704532087,0.9970453667081316,0.3522451642885318,0.3993228868684484,0.2588947249536458,0.15,-0.03,0.0,-0.0027476575433895,-0.0027476575433895,0.0,0,REJECT,没有安全买入价格，放弃,系统仅供人工参考：T日9:25前仅用限价单参与集合竞价；不得使用无上限市价单，高于上限或未成交均放弃,T+1按实际成交价计算止盈/止损，首次触发即人工退出；均未触发则14:50退出；一字跌停顺延,1,0,LIMIT_ONLY_MANUAL,0,10.0,a_share_price_limit_le_10_v2,eligible_limit_le_10:10.00%:main_board_10pct,0.0,1,0,outside_stage_2_to_3_3_to_4_focus,auction_v8_calibrated_auction_truth_oos_2,f7d0b942e6a602c7ad76ca25db6cdc8dcb01aef7b4b824368843cf50350c4c27,2026-07-26T23:16:04+00:00,f78e04e45d154f7fd7a2a48995bbd50b8c19032cb032515117afe3daba85289a,D_CLOSE_STREAK_PATH_SENTIMENT_V8_CALIBRATED_NO_T_LEAKAGE,20260727,39.0,20260728,37.19,-0.046410256410256534,-0.05091025641025653,market_repo_auction,COUNTERFACTUAL_READY,0,price_above_cap,1,1,,0,-0.02120301246817843,1,0,fixed_open_0930
20260724-002388.SZ-auction_v8_calibrated_auction_truth_oos_2,20260724,20260727,20260728,002388.SZ,新亚制程,其他电子,1→2,1→2,0.0,INSUFFICIENT,路径数据不足,连续涨停路径数据不足,1.0,1.0,0.6817121212121211,,,,,,,,0.0,0.0,0.0,0.0,0.0,19.0,15.0,4.0,2.0,0.5277777777777778,,0.0,-0.0285815,0.1004343105320304,0.0392629109575186,-0.0261589847473784,0.9091197966317128,0.0177947251350492,0.1105815061963775,3.6635616461296463,3.332204510175204,0.3313571359544424,0.2962962962962963,0.5833333333333334,-0.0058112293577981,0.3486238532110092,0.0170332008512914,0.25,0.0586419753086419,0.2214311814458193,0.7697758387146507,0.2950088784513278,-0.41545576691502,1.0,-0.59100148317521,EBB,退潮,0.0761053979980934,0.5609354491218764,0.25,0.4045821651376147,0.0395516774293014,3147.0,38.0,27.0,54.0,16.0,21.0,109.0,0.125,8.0,0.5,4.0,12.0,4.0,17.0,4.36,4.8,,,4.14,-5.0459,model_diagnostic_cap,0,,,,0,15,0.03,-0.025,,,14:50,tplus1_first_touch_tp3_sl2p5_time1450_v1,-0.0341642000554392,-0.0862732920242493,0.027680133335308,-0.0364710494240664,-0.0318573506868119,-0.0862732920242493,0.027680133335308,0.07595514856209,0.9970453667081316,0.3522451642885318,0.4491185127169353,0.2852474601713329,0.15,-0.03,0.0,-0.0036295537719093,-0.0036295537719093,0.0,0,REJECT,没有安全买入价格，放弃,系统仅供人工参考：T日9:25前仅用限价单参与集合竞价；不得使用无上限市价单，高于上限或未成交均放弃,T+1按实际成交价计算止盈/止损，首次触发即人工退出；均未触发则14:50退出；一字跌停顺延,1,0,LIMIT_ONLY_MANUAL,0,10.0,a_share_price_limit_le_10_v2,eligible_limit_le_10:10.00%:main_board_10pct,0.0,1,0,outside_stage_2_to_3_3_to_4_focus,auction_v8_calibrated_auction_truth_oos_2,f7d0b942e6a602c7ad76ca25db6cdc8dcb01aef7b4b824368843cf50350c4c27,2026-07-26T23:16:04+00:00,f78e04e45d154f7fd7a2a48995bbd50b8c19032cb032515117afe3daba85289a,D_CLOSE_STREAK_PATH_SENTIMENT_V8_CALIBRATED_NO_T_LEAKAGE,20260727,4.48,20260728,5.14,0.1473214285714286,0.1428214285714286,market_repo_auction,COUNTERFACTUAL_READY,0,price_above_cap,1,0,,1,0.17698562862686779,0,1,fixed_open_0930
20260724-600539.SH-auction_v8_calibrated_auction_truth_oos_2,20260724,20260727,20260728,600539.SH,狮头股份,互联网电,1→2,1→2,0.0,INSUFFICIENT,路径数据不足,连续涨停路径数据不足,1.0,1.0,0.2465100680119339,,,,,,,,0.0,0.0,0.0,0.0,0.0,19.0,15.0,4.0,1.0,0.5277777777777778,,0.0,-0.0285815,0.1004343105320304,0.0392629109575186,-0.0261589847473784,0.9091197966317128,0.0177947251350492,0.1105815061963775,3.6635616461296463,3.332204510175204,0.3313571359544424,0.2962962962962963,0.5833333333333334,-0.0058112293577981,0.3486238532110092,0.0170332008512914,0.25,0.0586419753086419,0.2214311814458193,0.7697758387146507,0.2950088784513278,-0.41545576691502,1.0,-0.59100148317521,EBB,退潮,0.0761053979980934,0.5609354491218764,0.25,0.4045821651376147,0.0395516774293014,3147.0,38.0,27.0,54.0,16.0,21.0,109.0,0.125,8.0,0.5,4.0,12.0,4.0,37.0,18.51,20.36,,,17.58,-5.0243,model_diagnostic_cap,0,,,,0,15,0.03,-0.025,,,14:50,tplus1_first_touch_tp3_sl2p5_time1450_v1,-0.0252164532785377,-0.0773255452473479,0.0366278801122094,-0.027523302647165,-0.0229096039099105,-0.0773255452473479,0.0366278801122094,0.1060796184990603,0.9970453667081316,0.3522451642885318,0.3471404422848007,0.2428629294664198,0.15,-0.03,0.0,-0.0037953588328019,-0.0037953588328019,0.0,0,REJECT,没有安全买入价格，放弃,系统仅供人工参考：T日9:25前仅用限价单参与集合竞价；不得使用无上限市价单，高于上限或未成交均放弃,T+1按实际成交价计算止盈/止损，首次触发即人工退出；均未触发则14:50退出；一字跌停顺延,1,0,LIMIT_ONLY_MANUAL,0,10.0,a_share_price_limit_le_10_v2,eligible_limit_le_10:10.00%:main_board_10pct,0.0,1,0,outside_stage_2_to_3_3_to_4_focus,auction_v8_calibrated_auction_truth_oos_2,f7d0b942e6a602c7ad76ca25db6cdc8dcb01aef7b4b824368843cf50350c4c27,2026-07-26T23:16:04+00:00,f78e04e45d154f7fd7a2a48995bbd50b8c19032cb032515117afe3daba85289a,D_CLOSE_STREAK_PATH_SENTIMENT_V8_CALIBRATED_NO_T_LEAKAGE,20260727,20.36,20260728,17.0,-0.16502946954813347,-0.16952946954813347,market_repo_auction,COUNTERFACTUAL_READY,0,price_above_cap,1,1,,0,-0.14431301626959578,1,0,fixed_open_0930
20260724-002208.SZ-auction_v8_calibrated_auction_truth_oos_2,20260724,20260727,20260728,002208.SZ,合肥城建,房地产开发,1→2,1→2,0.0,INSUFFICIENT,路径数据不足,连续涨停路径数据不足,1.0,1.0,0.7370395894428154,,,,,,,,0.0,0.0,0.0,0.0,0.0,19.0,15.0,4.0,1.0,0.5277777777777778,,0.0,-0.0285815,0.1004343105320304,0.0392629109575186,-0.0261589847473784,0.9091197966317128,0.0177947251350492,0.1105815061963775,3.6635616461296463,3.332204510175204,0.3313571359544424,0.2962962962962963,0.5833333333333334,-0.0058112293577981,0.3486238532110092,0.0170332008512914,0.25,0.0586419753086419,0.2214311814458193,0.7697758387146507,0.2950088784513278,-0.41545576691502,1.0,-0.59100148317521,EBB,退潮,0.0761053979980934,0.5609354491218764,0.25,0.4045821651376147,0.0395516774293014,3147.0,38.0,27.0,54.0,16.0,21.0,109.0,0.125,8.0,0.5,4.0,12.0,4.0,16.0,13.6,14.96,,,12.92,-5.0,model_diagnostic_cap,0,,,,0,15,0.03,-0.025,,,14:50,tplus1_first_touch_tp3_sl2p5_time1450_v1,-0.0373519118526941,-0.0894610038215043,0.024492421538053,-0.0396587612213213,-0.0350450624840668,-0.0894610038215043,0.024492421538053,0.0753033587152434,0.9970453667081316,0.3522451642885318,0.4912441111007885,0.2703585515747183,0.15,-0.03,0.0,-0.0039336190529252,-0.0039336190529252,0.0,0,REJECT,没有安全买入价格，放弃,系统仅供人工参考：T日9:25前仅用限价单参与集合竞价；不得使用无上限市价单，高于上限或未成交均放弃,T+1按实际成交价计算止盈/止损，首次触发即人工退出；均未触发则14:50退出；一字跌停顺延,1,0,LIMIT_ONLY_MANUAL,0,10.0,a_share_price_limit_le_10_v2,eligible_limit_le_10:10.00%:main_board_10pct,0.0,1,0,outside_stage_2_to_3_3_to_4_focus,auction_v8_calibrated_auction_truth_oos_2,f7d0b942e6a602c7ad76ca25db6cdc8dcb01aef7b4b824368843cf50350c4c27,2026-07-26T23:16:04+00:00,f78e04e45d154f7fd7a2a48995bbd50b8c19032cb032515117afe3daba85289a,D_CLOSE_STREAK_PATH_SENTIMENT_V8_CALIBRATED_NO_T_LEAKAGE,20260727,13.47,20260728,12.36,-0.08240534521158127,-0.08690534521158128,market_repo_auction,COUNTERFACTUAL_READY,0,price_above_cap,1,1,,0,-0.04955343335888718,1,0,fixed_open_0930
20260724-603068.SH-auction_v8_calibrated_auction_truth_oos_2,20260724,20260727,20260728,603068.SH,博通集成,半导体,1→2,1→2,0.0,INSUFFICIENT,路径数据不足,连续涨停路径数据不足,1.0,1.0,0.5918959332322854,,,,,,,,0.0,0.0,0.0,0.0,0.0,19.0,15.0,4.0,2.0,0.5277777777777778,,0.0,-0.0285815,0.1004343105320304,0.0392629109575186,-0.0261589847473784,0.9091197966317128,0.0177947251350492,0.1105815061963775,3.6635616461296463,3.332204510175204,0.3313571359544424,0.2962962962962963,0.5833333333333334,-0.0058112293577981,0.3486238532110092,0.0170332008512914,0.25,0.0586419753086419,0.2214311814458193,0.7697758387146507,0.2950088784513278,-0.41545576691502,1.0,-0.59100148317521,EBB,退潮,0.0761053979980934,0.5609354491218764,0.25,0.4045821651376147,0.0395516774293014,3147.0,38.0,27.0,54.0,16.0,21.0,109.0,0.125,8.0,0.5,4.0,12.0,4.0,21.0,37.02,40.73,,,35.17,-4.9973,model_diagnostic_cap,0,,,,0,15,0.03,-0.025,,,14:50,tplus1_first_touch_tp3_sl2p5_time1450_v1,-0.032596228079704,-0.0847053200485142,0.0292481053110431,-0.0349030774483312,-0.0302893787110768,-0.0847053200485142,0.0292481053110431,0.0981948471868344,0.9995060311915276,0.3522451642885318,0.4472111220634114,0.2809252251538311,0.15,-0.03,0.0,-0.0045206217284749,-0.0045206217284749,0.0,0,REJECT,没有安全买入价格，放弃,系统仅供人工参考：T日9:25前仅用限价单参与集合竞价；不得使用无上限市价单，高于上限或未成交均放弃,T+1按实际成交价计算止盈/止损，首次触发即人工退出；均未触发则14:50退出；一字跌停顺延,1,0,LIMIT_ONLY_MANUAL,0,10.0,a_share_price_limit_le_10_v2,eligible_limit_le_10:10.00%:main_board_10pct,0.0,1,0,outside_stage_2_to_3_3_to_4_focus,auction_v8_calibrated_auction_truth_oos_2,f7d0b942e6a602c7ad76ca25db6cdc8dcb01aef7b4b824368843cf50350c4c27,2026-07-26T23:16:04+00:00,f78e04e45d154f7fd7a2a48995bbd50b8c19032cb032515117afe3daba85289a,D_CLOSE_STREAK_PATH_SENTIMENT_V8_CALIBRATED_NO_T_LEAKAGE,20260727,37.02,20260728,34.96,-0.05564559697460847,-0.060145596974608466,market_repo_auction,COUNTERFACTUAL_READY,0,price_above_cap,1,1,,0,-0.027549368894904468,1,0,fixed_open_0930
20260724-603580.SH-auction_v8_calibrated_auction_truth_oos_2,20260724,20260727,20260728,603580.SH,艾艾精工,塑料,1→2,1→2,0.0,INSUFFICIENT,路径数据不足,连续涨停路径数据不足,1.0,1.0,0.4259468957217487,,,,,,,,0.0,0.0,0.0,0.0,0.0,19.0,15.0,4.0,1.0,0.5277777777777778,,0.0,-0.0285815,0.1004343105320304,0.0392629109575186,-0.0261589847473784,0.9091197966317128,0.0177947251350492,0.1105815061963775,3.6635616461296463,3.332204510175204,0.3313571359544424,0.2962962962962963,0.5833333333333334,-0.0058112293577981,0.3486238532110092,0.0170332008512914,0.25,0.0586419753086419,0.2214311814458193,0.7697758387146507,0.2950088784513278,-0.41545576691502,1.0,-0.59100148317521,EBB,退潮,0.0761053979980934,0.5609354491218764,0.25,0.4045821651376147,0.0395516774293014,3147.0,38.0,27.0,54.0,16.0,21.0,109.0,0.125,8.0,0.5,4.0,12.0,4.0,9.0,46.3,50.93,,,43.99,-4.9892,model_diagnostic_cap,0,,,,0,15,0.03,-0.025,,,14:50,tplus1_first_touch_tp3_sl2p5_time1450_v1,-0.0300266413100855,-0.0821357332788957,0.0318176920806616,-0.0323334906787127,-0.0277197919414583,-0.0821357332788957,0.0318176920806616,0.1680275304855832,0.9970453667081316,0.3522451642885318,0.3953037447835283,0.2644724513341498,0.15,-0.03,0.0,-0.0070627827357166,-0.0070627827357166,0.0,0,REJECT,没有安全买入价格，放弃,系统仅供人工参考：T日9:25前仅用限价单参与集合竞价；不得使用无上限市价单，高于上限或未成交均放弃,T+1按实际成交价计算止盈/止损，首次触发即人工退出；均未触发则14:50退出；一字跌停顺延,1,0,LIMIT_ONLY_MANUAL,0,10.0,a_share_price_limit_le_10_v2,eligible_limit_le_10:10.00%:main_board_10pct,1.0,1,0,outside_stage_2_to_3_3_to_4_focus,auction_v8_calibrated_auction_truth_oos_2,f7d0b942e6a602c7ad76ca25db6cdc8dcb01aef7b4b824368843cf50350c4c27,2026-07-26T23:16:04+00:00,f78e04e45d154f7fd7a2a48995bbd50b8c19032cb032515117afe3daba85289a,D_CLOSE_STREAK_PATH_SENTIMENT_V8_CALIBRATED_NO_T_LEAKAGE,20260727,45.5,20260728,46.0,0.01098901098901095,0.00648901098901095,market_repo_auction,COUNTERFACTUAL_READY,0,price_above_cap,1,0,,1,0.03651565229909645,0,1,fixed_open_0930
20260724-003001.SZ-auction_v8_calibrated_auction_truth_oos_2,20260724,20260727,20260728,003001.SZ,中岩大地,专业工程,2→3,2→3,1.0,STRONG_TO_WEAK,强转弱,路径强度0.62→0.42；竞价斜率+3.26pct/板；首封每板推迟10分钟；炸板变化+17.0/板,2.0,1.0,0.4154750812825384,-0.2035689612279854,0.0326361480030346,9.650000000000093,17.0,0.0676349999999999,0.3443971491508826,-0.0657353109954403,0.0,0.0,1.0,0.0,0.0,14.0,15.0,4.0,1.0,0.3888888888888889,,0.0,-0.0285815,0.1004343105320304,0.0392629109575186,-0.0261589847473784,0.9091197966317128,0.0177947251350492,0.1105815061963775,3.6635616461296463,3.332204510175204,0.3313571359544424,0.2962962962962963,0.5833333333333334,-0.0058112293577981,0.3486238532110092,0.0170332008512914,0.25,0.0586419753086419,0.2214311814458193,0.7697758387146507,0.2950088784513278,-0.41545576691502,1.0,-0.59100148317521,EBB,退潮,0.0761053979980934,0.5609354491218764,0.25,0.4045821651376147,0.0395516774293014,3147.0,38.0,27.0,54.0,16.0,21.0,109.0,0.125,8.0,0.5,4.0,12.0,4.0,13.0,20.39,22.42,,,19.37,-5.0025,model_diagnostic_cap,0,4.0,2.0,高风险观察,1,15,0.03,-0.025,,,14:50,tplus1_first_touch_tp3_sl2p5_time1450_v1,-0.0250837143054432,-0.0873428594936688,0.0428878291617371,-0.0273905636740704,-0.022776864936816,-0.0873428594936688,0.0428878291617371,0.2826720077902707,0.9970453667081316,0.3522451642885318,0.4229832057523507,0.2798830584614962,0.15,-0.03,0.0,-0.0107191888527494,-0.0093197735604419,0.0,0,REJECT,没有安全买入价格，放弃,系统仅供人工参考：T日9:25前仅用限价单参与集合竞价；不得使用无上限市价单，高于上限或未成交均放弃,T+1按实际成交价计算止盈/止损，首次触发即人工退出；均未触发则14:50退出；一字跌停顺延,1,0,LIMIT_ONLY_MANUAL,0,10.0,a_share_price_limit_le_10_v2,eligible_limit_le_10:10.00%:main_board_10pct,1.0,1,0,big_loss_probability_exceeds_cap,auction_v8_calibrated_auction_truth_oos_2,f7d0b942e6a602c7ad76ca25db6cdc8dcb01aef7b4b824368843cf50350c4c27,2026-07-26T23:16:04+00:00,f78e04e45d154f7fd7a2a48995bbd50b8c19032cb032515117afe3daba85289a,D_CLOSE_STREAK_PATH_SENTIMENT_V8_CALIBRATED_NO_T_LEAKAGE,20260727,19.62,20260728,19.34,-0.014271151885830835,-0.018771151885830836,tushare_stk_auction_o,COUNTERFACTUAL_READY,0,price_above_cap,1,1,,1,0.006312562419612363,1,0,fixed_open_0930
20260724-000595.SZ-auction_v8_calibrated_auction_truth_oos_2,20260724,20260727,20260728,000595.SZ,新能股份,电力,3→4,3→4,1.0,DIVERGENCE_RESEAL,分歧回封,路径强度1.00→0.67；竞价斜率+5.20pct/板；首封每板提前4分钟；炸板变化+6.5/板,3.0,1.0,0.667033485027166,-0.332966514972834,0.0520118230358505,-3.5249999999999773,6.5,0.04642,1.1475571565972125,-0.3890740149390767,0.3333333333333333,0.0,0.0,0.0,1.0,1.0,15.0,4.0,1.0,0.0277777777777777,,0.0,-0.0285815,0.1004343105320304,0.0392629109575186,-0.0261589847473784,0.9091197966317128,0.0177947251350492,0.1105815061963775,3.6635616461296463,3.332204510175204,0.3313571359544424,0.2962962962962963,0.5833333333333334,-0.0058112293577981,0.3486238532110092,0.0170332008512914,0.25,0.0586419753086419,0.2214311814458193,0.7697758387146507,0.2950088784513278,-0.41545576691502,1.0,-0.59100148317521,EBB,退潮,0.0761053979980934,0.5609354491218764,0.25,0.4045821651376147,0.0395516774293014,3147.0,38.0,27.0,54.0,16.0,21.0,109.0,0.125,8.0,0.5,4.0,12.0,4.0,23.0,6.07,6.67,,,5.77,-4.9423,model_diagnostic_cap,0,10.0,2.0,高风险观察,1,15,0.03,-0.025,,,14:50,tplus1_first_touch_tp3_sl2p5_time1450_v1,-0.0540556946006302,-0.1150773225903507,0.0302034274162247,-0.0563625439692575,-0.051748845232003,-0.1150773225903507,0.0302034274162247,0.1713818272073023,0.9970453667081316,0.3522451642885318,0.4855301287998199,0.291251592737157,0.15,-0.03,0.0,-0.0117858134533676,-0.0103295554896818,0.0,0,REJECT,没有安全买入价格，放弃,系统仅供人工参考：T日9:25前仅用限价单参与集合竞价；不得使用无上限市价单，高于上限或未成交均放弃,T+1按实际成交价计算止盈/止损，首次触发即人工退出；均未触发则14:50退出；一字跌停顺延,1,0,LIMIT_ONLY_MANUAL,0,10.0,a_share_price_limit_le_10_v2,eligible_limit_le_10:10.00%:main_board_10pct,1.0,1,0,big_loss_probability_exceeds_cap,auction_v8_calibrated_auction_truth_oos_2,f7d0b942e6a602c7ad76ca25db6cdc8dcb01aef7b4b824368843cf50350c4c27,2026-07-26T23:16:04+00:00,f78e04e45d154f7fd7a2a48995bbd50b8c19032cb032515117afe3daba85289a,D_CLOSE_STREAK_PATH_SENTIMENT_V8_CALIBRATED_NO_T_LEAKAGE,20260727,5.58,20260728,5.86,0.05017921146953408,0.04567921146953408,tushare_stk_auction_o,COUNTERFACTUAL_READY,0,price_above_cap,1,0,,1,0.09973490607016428,0,1,fixed_open_0930
