rank,trade_date,base_date,buy_date,target_date,ts_code,name,晋阶,sector,close_T,rank_group,is_top10,is_top20,榜单分组,T日建议买入方式,T日可接受买入价,T+1建议买入方式,T+1可接受买入价,T+1卖出计划,T+2卖出计划,t_buy_method,t_max_buy_price,t1_buy_method,t1_max_buy_price,t1_sell_plan,t2_sell_plan,t_limitup_prob,T日涨停概率,t_limitup_strength,T日涨停强度,t1_continue_up_rate,T+1延续上涨率,limitup_continuation_score,涨停接力评分,t_limitup_prob_rule,t_limitup_strength_rule,t1_continue_up_rate_rule,limitup_continuation_score_rule,t_up_prob_model,t_high_profit_prob_model,t_limitup_prob_model,t_touch_limitup_prob_model,t1_up_prob_model,t1_high_profit_prob_model,t1_accept_prob_model,t1_fail_prob_model,t1_big_drawdown_prob_model,t_close_ret_pred,t_intraday_ret_pred,t1_close_ret_pred,t1_high_ret_pred,limitup_model_score,limitup_model_src,model_can_rank,model_rank_mode,model_quality_flag,t_limitup_prob_raw_before_calibration,t_limitup_prob_calibrated,limitup_calibration_src,limitup_alpha_score,t1_alpha_score,strength_alpha_score,execution_alpha_score,premium_adaptive_score,自适应排序评分,rank_adaptive_score,adaptive_weight_limitup,adaptive_weight_t1,adaptive_weight_strength,adaptive_weight_execution,t_up_prob_model_blend,t_high_profit_prob_model_blend,t_touch_limitup_prob_blend,t1_accept_prob_blend,t1_fail_prob_blend,t1_big_drawdown_prob_blend,eret_plus_score,market_score,intraday_attack_edge,intraday_execution_edge,intraday_risk_penalty,intraday_hard_risk_flag,execution_safety_score,execution_score,risk_penalty_score,t1_close_ret_pred_score,t1_high_ret_pred_score,t_up_attack_score,t1_accept_score,premium_final_score,premium_final_score_raw,premium_eligible,premium_force_excluded,premium_bucket,premium_exclude_reason,premium_rank_mode,rank_premium_final,mkt_stock_count,mkt_up_ratio,mkt_avg_ret,mkt_median_ret,mkt_strong_count,mkt_strong_ratio,mkt_touch_strong_count,mkt_touch_strong_ratio,mkt_amount_sum,mkt_emotion_score,eret_pred_raw,eret_plus_value,eret_plus_delta,eret_plus_direction,eret_plus_conf,eret_plus_conf_score,eret_plus_src,r_p05,r_p25,r_p50,r_p75,r_p95,close_T2_p05,close_T2_p25,close_T2_p50,close_T2_p75,close_T2_p95,t1_up_rate,T+1上涨率,rank_limitup_continuation,rank_eret_plus,rank_r_p50,p_premium,e_premium,score_ev,risk_flags,confidence,data_quality,dec_rank,dec_weight,dec_can_buy,dec_p_fill,dec_reason,trade_action_raw,trade_action,final_trade_score,decision_support_score,risk_quality_score,t1_weight_mode,market_mode,final_action,final_reason,final_rank
1,20260706,20260706,20260707,20260708,000656.SZ,金科股份,3→4,房地产开发,1.43,TOP10,1,1,TOP10,限价竞价,≤1.49,限价竞价,≤1.49,冲高至1.60附近优先兑现；强势放量再看1.75；弱于1.41止损,冲高至1.60附近优先兑现；强势放量再看1.75；弱于1.41止损,限价竞价,≤1.49,限价竞价,≤1.49,冲高至1.60附近优先兑现；强势放量再看1.75；弱于1.41止损,冲高至1.60附近优先兑现；强势放量再看1.75；弱于1.41止损,0.564487,0.564487,71.6131,71.6131,0.677243,0.677243,66.9052,66.9052,0.815114,69.7564,0.777668,77.9397,0.706396287348826,0.963258421139641,0.7913947616869431,0.72850952659909,0.6669968507039635,0.6085246098727299,0.6194448298974545,0.4627499684255807,0.544778467496357,0.071092535644309,0.0966707855511141,0.0592628957740496,0.0789763443127203,0.6886258835425209,limitup_probability_engine:model_v1,False,disabled_validation_not_pass:days=16;samples=480;t1_accept_auc=0.49488864549105516;t1_accept_brier=0.2700313117103626;t1_ret_spearman_ic=-0.05027410609663284,degraded,0.798511,0.564487,historical_bin_blend_v1,60.9175,74.4779,81.1497,89.6634,69.8921,69.8921,2,0.5810016180667515,0.0661576392526181,0.2425780105929333,0.1102627320876969,0.685406,0.735191,0.72851,0.746636,0.290642,0.222095,98.5227,27.2257,60.65,74.65,0.292,0.0,89.1714,88.0,0.153737,92.9668,94.7772,67.6441,78.0905,62.2342,0.622342,1,0,ELIGIBLE,ok,professional_score_rule_guarded,1,5515.0,0.3383499546690843,-0.0123496836720662,-0.0128369704749679,102.0,0.0184950135992747,240.0,0.0435176790571169,3112000682.70337,0.2722570977248072,0.0,0.12,0.12,up,high,0.937236,ehx:model_v1,-0.0991116203333543,0.0262152750319053,0.1133286853070031,0.2004420955821009,0.325768990947363,1.2950675085386676,1.4679835425077832,1.6016,1.7473782816515464,1.9806863681526892,0.8098831515567333,0.8098831515567333,4,1,1,0.5514712701561545,0.0,0.560035,,,,10.0,,,0.874770851410195,,限价竞价,BUY_LIMIT,70.3762,80.0,78.85096579865272,FROZEN_NEGATIVE_IC,DEFENSIVE,WATCH_ONLY,t1_drawdown_risk,1
2,20260706,20260706,20260707,20260708,000892.SZ,欢瑞世纪,1→2,影视院线,3.76,TOP10,1,1,TOP10,限价竞价,≤3.90,限价竞价,≤3.90,冲高至4.17附近优先兑现；强势放量再看4.38；弱于3.70止损,冲高至4.17附近优先兑现；强势放量再看4.38；弱于3.70止损,限价竞价,≤3.90,限价竞价,≤3.90,冲高至4.17附近优先兑现；强势放量再看4.38；弱于3.70止损,冲高至4.17附近优先兑现；强势放量再看4.38；弱于3.70止损,0.561337,0.561337,66.8341,66.8341,0.694959,0.694959,68.5916,68.5916,0.815855,59.0514,0.791426,75.3408,0.778037055543282,0.9707300203392016,0.7841566107769997,0.7202261681319287,0.6748751698769456,0.7147352671691699,0.6619690032864369,0.3714201983202659,0.3509946797318323,0.0834583265051171,0.101855104881458,0.0819788858313412,0.1020749322498763,0.7233703086825028,limitup_probability_engine:model_v1,False,disabled_validation_not_pass:days=16;samples=480;t1_accept_auc=0.49488864549105516;t1_accept_brier=0.2700313117103626;t1_ret_spearman_ic=-0.05027410609663284,degraded,0.793666,0.561337,historical_bin_blend_v1,60.0637,76.1177,79.4944,86.2788,68.7298,68.7298,4,0.5810016180667515,0.0661576392526181,0.2425780105929333,0.1102627320876969,0.718221,0.733167,0.720226,0.778437,0.253329,0.15747,96.0606,27.2257,60.65,74.65,0.292,0.0,87.4808,88.0,0.146803,100.0,100.0,65.6151,79.6561,62.2054,0.622054,1,0,ELIGIBLE,ok,professional_score_rule_guarded,2,5515.0,0.3383499546690843,-0.0123496836720662,-0.0128369704749679,102.0,0.0184950135992747,240.0,0.0435176790571169,3112000682.70337,0.2722570977248072,0.0,0.1093141347903126,0.1093141347903126,up,high,0.958584,ehx:model_v1,-0.0148696088546252,0.0551040037038659,0.1037419277621705,0.152379851820475,0.2223534643789675,3.704503895923207,3.973005897021829,4.171021146811575,4.378905508343314,4.696288057975905,0.9248749034069818,0.9248749034069818,2,5,5,0.6119130366753505,0.0,0.531317,,,,23.0,,,0.8112057429827549,,限价竞价,BUY_LIMIT,66.2842,50.0,82.15875022787769,FROZEN_NEGATIVE_IC,DEFENSIVE,WATCH_ONLY,market_cap_overflow,2
3,20260706,20260706,20260707,20260708,002042.SZ,华孚时尚,1→2,纺织制造,3.86,TOP10,1,1,TOP10,限价竞价,≤4.00,限价竞价,≤4.00,冲高至4.28附近优先兑现；强势放量再看4.45；弱于3.80止损,冲高至4.28附近优先兑现；强势放量再看4.45；弱于3.80止损,限价竞价,≤4.00,限价竞价,≤4.00,冲高至4.28附近优先兑现；强势放量再看4.45；弱于3.80止损,冲高至4.28附近优先兑现；强势放量再看4.45；弱于3.80止损,0.542316,0.542316,72.8489,72.8489,0.624325,0.624325,67.4463,67.4463,0.932718,69.9664,0.879149,85.0702,0.7879552691897463,0.9709838571840336,0.6922665149774319,0.7477058347032619,0.5692123960463935,0.6305703545828383,0.5417134063160344,0.4961868724433753,0.5285295679287145,0.0724645896372145,0.1001505138397285,0.0587379266440451,0.0709552584300369,0.6623851210539135,limitup_probability_engine:model_v1,False,disabled_validation_not_pass:days=16;samples=480;t1_accept_auc=0.49488864549105516;t1_accept_brier=0.2700313117103626;t1_ret_spearman_ic=-0.05027410609663284,degraded,0.764402,0.542316,historical_bin_blend_v1,59.7903,66.7203,82.4972,87.9967,68.8671,68.8671,3,0.5810016180667515,0.0661576392526181,0.2425780105929333,0.1102627320876969,0.670141,0.736283,0.747706,0.690042,0.340584,0.223146,94.0909,27.2257,58.39,72.89,0.313,0.0,88.3453,88.0,0.180737,91.8289,80.6195,64.7572,71.3053,55.3243,0.553243,1,0,ELIGIBLE,ok,professional_score_rule_guarded,3,5515.0,0.3383499546690843,-0.0123496836720662,-0.0128369704749679,102.0,0.0184950135992747,240.0,0.0435176790571169,3112000682.70337,0.2722570977248072,0.0,0.1076871036496301,0.1076871036496301,up,high,0.98526,ehx:model_v1,0.0073702164122447,0.0633577816998029,0.1022741510152982,0.1411905203307935,0.1971780856183527,3.8885541311591862,4.112474704440073,4.275672220087572,4.445345989336039,4.701329161689949,0.9618518769789444,0.9618518769789444,3,7,7,0.6141168641398159,0.0,0.548029,,,,11.0,,,0.8232714723415662,,限价竞价,BUY_LIMIT,65.705,50.0,77.88190123406223,FROZEN_NEGATIVE_IC,DEFENSIVE,WATCH_ONLY,t1_drawdown_risk,3
6,20260706,20260706,20260707,20260708,605377.SH,华旺科技,1→2,造纸,9.7,TOP10,1,1,TOP10,限价竞价,≤10.03,限价竞价,≤10.03,冲高至10.65附近优先兑现；强势放量再看11.19；弱于9.55止损,冲高至10.65附近优先兑现；强势放量再看11.19；弱于9.55止损,限价竞价,≤10.03,限价竞价,≤10.03,冲高至10.65附近优先兑现；强势放量再看11.19；弱于9.55止损,冲高至10.65附近优先兑现；强势放量再看11.19；弱于9.55止损,0.55813,0.55813,66.0523,66.0523,0.653524,0.653524,66.0767,66.0767,0.774843,59.5635,0.78502,73.8583,0.8028899694653586,0.9658400506367708,0.7946829179851966,0.7037820719201954,0.6658286531262372,0.6833380082013447,0.5212559142869541,0.365767283625818,0.4010572498428034,0.0714104310704623,0.0944225819507878,0.0439547763985516,0.0438414779777112,0.6933027666915834,limitup_probability_engine:model_v1,False,disabled_validation_not_pass:days=16;samples=480;t1_accept_auc=0.49488864549105516;t1_accept_brier=0.2700313117103626;t1_ret_spearman_ic=-0.05027410609663284,degraded,0.788731,0.55813,historical_bin_blend_v1,59.4587,68.9023,77.2071,88.5171,67.5929,67.5929,5,0.5810016180667515,0.0661576392526181,0.2425780105929333,0.1102627320876969,0.695346,0.724724,0.703782,0.666596,0.316043,0.185196,86.2121,27.2257,58.39,72.89,0.313,0.0,88.3907,88.0,0.167971,82.5929,53.9992,63.7267,67.2393,53.2975,0.532975,1,0,ELIGIBLE,ok,professional_score_rule_guarded,6,5515.0,0.3383499546690843,-0.0123496836720662,-0.0128369704749679,102.0,0.0184950135992747,240.0,0.0435176790571169,3112000682.70337,0.2722570977248072,0.0,0.0980433387754594,0.0980433387754594,up,high,0.957088,ehx:model_v1,-0.0272493558091513,0.0440030282476636,0.0935298129599955,0.1430565976723274,0.2143089817291438,9.43925001747743,10.136359537778516,10.651020386121957,11.191812488771282,12.018352629238096,0.8986245509059562,0.8986245509059562,5,15,15,0.6069151555161604,0.0,0.537267,,,,18.0,,,0.8464465068891939,,限价竞价,BUY_LIMIT,65.4871,50.0,81.1129182471847,FROZEN_NEGATIVE_IC,DEFENSIVE,WATCH_ONLY,market_cap_overflow,4
11,20260706,20260706,20260707,20260708,002403.SZ,爱仕达,1→2,小家电,11.78,TOP20,0,1,TOP20,限价竞价,≤12.17,限价竞价,≤12.17,冲高至13.05附近优先兑现；强势放量再看13.63；弱于11.60止损,冲高至13.05附近优先兑现；强势放量再看13.63；弱于11.60止损,限价竞价,≤12.17,限价竞价,≤12.17,冲高至13.05附近优先兑现；强势放量再看13.63；弱于11.60止损,冲高至13.05附近优先兑现；强势放量再看13.63；弱于11.60止损,0.531168,0.531168,70.1518,70.1518,0.560477,0.560477,64.7072,64.7072,0.92875,71.211,0.832041,83.7526,0.8377008999433455,0.9443176279226434,0.6694666856155028,0.6944568533136178,0.539878325970524,0.6535196548332385,0.3885425342643844,0.4196103021934589,0.515773619265965,0.0709145546462765,0.0921191888682123,0.0367765069628293,0.033948809939999,0.6271874860961753,limitup_probability_engine:model_v1,False,disabled_validation_not_pass:days=16;samples=480;t1_accept_auc=0.49488864549105516;t1_accept_brier=0.2700313117103626;t1_ret_spearman_ic=-0.05027410609663284,degraded,0.747252,0.531168,historical_bin_blend_v1,57.7595,56.1725,79.0608,84.4667,65.7665,65.7665,6,0.5810016180667515,0.0661576392526181,0.2425780105929333,0.1102627320876969,0.6381,0.705634,0.694457,0.577316,0.375663,0.22863,92.6136,27.2257,60.65,74.65,0.292,0.0,86.589,88.0,0.184478,70.6507,38.3108,62.6706,58.8049,49.478,0.49478,1,0,ELIGIBLE,ok,professional_score_rule_guarded,12,5515.0,0.3383499546690843,-0.0123496836720662,-0.0128369704749679,102.0,0.0184950135992747,240.0,0.0435176790571169,3112000682.70337,0.2722570977248072,0.0,0.1075425439355657,0.1075425439355657,up,high,0.971567,ehx:model_v1,-0.004730284879897,0.058318846652475,0.1021436365881126,0.1459684265237501,0.2090175580561234,11.72440882881017,12.487423587988069,13.046851167560964,13.631340699632036,14.518456996331269,0.942030720238384,0.942030720238384,6,8,8,0.6114910137897969,0.0,0.543022,,,,15.0,,,0.7763364996750637,,限价竞价,BUY_LIMIT,64.6499,50.0,79.78810927443847,FROZEN_NEGATIVE_IC,DEFENSIVE,WATCH_ONLY,t1_drawdown_risk,5
14,20260706,20260706,20260707,20260708,002793.SZ,罗欣药业,1→2,化学制药,4.74,TOP20,0,1,TOP20,限价竞价,≤4.89,限价竞价,≤4.89,冲高至5.22附近优先兑现；强势放量再看5.54；弱于4.67止损,冲高至5.22附近优先兑现；强势放量再看5.54；弱于4.67止损,限价竞价,≤4.89,限价竞价,≤4.89,冲高至5.22附近优先兑现；强势放量再看5.54；弱于4.67止损,冲高至5.22附近优先兑现；强势放量再看5.54；弱于4.67止损,0.542899,0.542899,57.9128,57.9128,0.579604,0.579604,59.6233,59.6233,0.801692,68.4599,0.761994,76.6753,0.6348192870626583,0.9520846578481202,0.7497023704147399,0.5088147472753064,0.5389535102543074,0.5428039289927421,0.5231242601499596,0.4750968874375091,0.4425982016416741,0.0729692834382232,0.0980759561852133,0.0162097079327821,0.0740574028806201,0.5866951514345595,limitup_probability_engine:model_v1,False,disabled_validation_not_pass:days=16;samples=480;t1_accept_auc=0.49488864549105516;t1_accept_brier=0.2700313117103626;t1_ret_spearman_ic=-0.05027410609663284,degraded,0.765299,0.542899,historical_bin_blend_v1,54.0387,54.9302,63.2325,89.5244,60.2406,60.2406,13,0.5810016180667515,0.0661576392526181,0.2425780105929333,0.1102627320876969,0.595064,0.645201,0.508815,0.592973,0.388239,0.214618,88.6742,27.2257,58.39,72.89,0.313,0.0,88.7734,88.0,0.187439,43.4778,88.9107,56.7344,61.832,47.8911,0.478911,1,0,ELIGIBLE,ok,professional_score_rule_guarded,16,5515.0,0.3383499546690843,-0.0123496836720662,-0.0128369704749679,102.0,0.0184950135992747,240.0,0.0435176790571169,3112000682.70337,0.2722570977248072,0.0,0.1011372122728778,0.1011372122728778,up,high,0.936754,ehx:model_v1,-0.0469431118927742,0.0375872837983148,0.0963434751097882,0.1550996664212616,0.2396300621123523,4.522631541208359,4.921554419384398,5.2193903861734405,5.535250386744125,6.023492242306621,0.8656306218263228,0.8656306218263228,20,12,12,0.573449446149682,0.0,0.508968,,,,36.0,,,0.8728924805111025,,限价竞价,BUY_LIMIT,62.5524,50.0,79.05756467202063,FROZEN_NEGATIVE_IC,DEFENSIVE,WATCH_ONLY,market_cap_overflow,6
5,20260706,20260706,20260707,20260708,002607.SZ,中公教育,1→2,教育,2.09,TOP10,1,1,TOP10,限价竞价,≤2.17,限价竞价,≤2.17,冲高至2.34附近优先兑现；强势放量再看2.46；弱于2.06止损,冲高至2.34附近优先兑现；强势放量再看2.46；弱于2.06止损,限价竞价,≤2.17,限价竞价,≤2.17,冲高至2.34附近优先兑现；强势放量再看2.46；弱于2.06止损,冲高至2.34附近优先兑现；强势放量再看2.46；弱于2.06止损,0.537444,0.537444,53.6316,53.6316,0.69954,0.69954,60.7757,60.7757,0.777705,56.0433,0.850778,72.8411,0.5979030523403993,0.9496760104103746,0.7479937419535897,0.5202379927568687,0.6971834936243604,0.5635715270919992,0.583735446784734,0.5027319378025156,0.4818827297206203,0.0706114453505658,0.0954190408914063,0.042037095863991,0.0734159550905093,0.6187522940712542,limitup_probability_engine:model_v1,False,disabled_validation_not_pass:days=16;samples=480;t1_accept_auc=0.49488864549105516;t1_accept_brier=0.2700313117103626;t1_ret_spearman_ic=-0.05027410609663284,degraded,0.756907,0.537444,historical_bin_blend_v1,53.4234,73.431,64.3002,66.1366,58.7873,58.7873,18,0.5810016180667515,0.0661576392526181,0.2425780105929333,0.1102627320876969,0.671082,0.646675,0.520238,0.719354,0.30823,0.205712,98.5227,27.2257,60.65,74.65,0.292,0.0,76.3463,88.0,0.167298,79.5714,85.769,58.7848,72.625,55.0249,0.550249,1,0,ELIGIBLE,ok,professional_score_rule_guarded,5,5515.0,0.3383499546690843,-0.0123496836720662,-0.0128369704749679,102.0,0.0184950135992747,240.0,0.0435176790571169,3112000682.70337,0.2722570977248072,0.0,0.12,0.12,up,high,0.961045,ehx:model_v1,-0.0088913704453337,0.0632110495386613,0.1133286853070031,0.1634463210753449,0.2355487410593413,2.071499405471437,2.226375920024209,2.3408,2.461104879332516,2.645110409169055,0.9363944408435264,0.9363944408435264,14,2,2,0.58567070241911,0.0,0.514329,,,,,,,,,限价竞价,BUY_LIMIT,62.3112,50.0,78.88019363575607,FROZEN_NEGATIVE_IC,DEFENSIVE,WATCH_ONLY,t1_drawdown_risk,7
38,20260706,20260706,20260707,20260708,002767.SZ,先锋电子,2→3,通用设备,19.84,FULL,0,0,Outside TOP20,只观察不追,≤19.94,只观察不追,≤19.94,观察池：t1_high_profit<0.50；若竞价弱于预期不追,观察池：t1_high_profit<0.50；若竞价弱于预期不追,只观察不追,≤19.94,只观察不追,≤19.94,观察池：t1_high_profit<0.50；若竞价弱于预期不追,观察池：t1_high_profit<0.50；若竞价弱于预期不追,0.483267,0.483267,77.1498,77.1498,0.568594,0.568594,61.6266,61.6266,0.891512,78.6241,0.796304,82.3341,0.7222874620439077,0.94602849626892,0.5801483564299665,0.7616695166884129,0.553588948713739,0.4585249155758493,0.4194352502000436,0.4932854618792678,0.6355616470759385,0.0476182032289838,0.086475385452925,0.0283348672000638,0.0234570602946569,0.5818885610359944,limitup_probability_engine:model_v1,False,disabled_validation_not_pass:days=16;samples=480;t1_accept_auc=0.49488864549105516;t1_accept_brier=0.2700313117103626;t1_ret_spearman_ic=-0.05027410609663284,degraded,0.673557,0.483267,historical_bin_blend_v1,56.2203,53.2731,79.6232,73.9631,63.6587,63.6587,9,0.5810016180667515,0.0661576392526181,0.2425780105929333,0.1102627320876969,0.611628,0.713065,0.76167,0.515369,0.462573,0.280944,62.4099,27.2257,60.65,74.65,0.292,0.0,80.7716,18.0,0.203631,58.3401,25.4022,61.4361,53.0031,38.5392,0.385392,0,0,WATCH,t1_high_profit<0.50,professional_score_rule_guarded,36,5515.0,0.3383499546690843,-0.0123496836720662,-0.0128369704749679,102.0,0.0184950135992747,240.0,0.0435176790571169,3112000682.70337,0.2722570977248072,0.0,0.0726782180369164,0.0726782180369164,up,high,0.971566,ehx:model_v1,-0.0367605062799393,0.0263152394758573,0.070158528679011,0.1140018178821648,0.1770775636379626,19.1239140342357,20.36902452633949,21.281935845852423,22.23576257966107,23.683477793100217,0.8597788199790147,0.8597788199790147,12,36,36,0.7000723270749492,0.0,0.675716,,,,1.0,,,0.6147423740466355,,只观察不追,WATCH_ONLY,56.9186,80.0,77.4851016010516,FROZEN_NEGATIVE_IC,DEFENSIVE,WATCH_ONLY,premium_watch_only;premium_gate:t1_high_profit<0.50;t1_drawdown_risk,8
13,20260706,20260706,20260707,20260708,603155.SH,新亚强,1→2,化学制品,29.57,TOP20,0,1,TOP20,只观察不追,≤29.87,只观察不追,≤29.87,冲高至32.05附近优先兑现；强势放量再看33.75；弱于29.13止损,冲高至32.05附近优先兑现；强势放量再看33.75；弱于29.13止损,只观察不追,≤29.87,只观察不追,≤29.87,冲高至32.05附近优先兑现；强势放量再看33.75；弱于29.13止损,冲高至32.05附近优先兑现；强势放量再看33.75；弱于29.13止损,0.446512,0.446512,67.0615,67.0615,0.654301,0.654301,62.8948,62.8948,0.615399,56.265,0.777846,66.4364,0.7243711633183316,0.7812325584568364,0.6177022749576742,0.7425913826718714,0.6388429906397606,0.6768791366530921,0.5894734928170103,0.2918483159673873,0.4959935072937267,0.0766010437412456,0.0905245553206462,0.0344552037577147,0.0581577265210734,0.6624836365015819,limitup_probability_engine:model_v1,False,disabled_validation_not_pass:days=16;samples=480;t1_accept_auc=0.49488864549105516;t1_accept_brier=0.2700313117103626;t1_ret_spearman_ic=-0.05027410609663284,degraded,0.617011,0.446512,historical_bin_blend_v1,52.2217,64.7694,74.1763,88.0206,62.3248,62.3248,11,0.5810016180667515,0.0661576392526181,0.2425780105929333,0.1102627320876969,0.673921,0.646822,0.742591,0.647532,0.324009,0.21393,72.4242,27.2257,60.65,74.65,0.292,0.0,88.3982,18.0,0.171946,67.0191,65.0687,60.7509,65.7157,48.7171,0.487171,1,0,ELIGIBLE,ok,professional_score_rule_guarded,14,5515.0,0.3383499546690843,-0.0123496836720662,-0.0128369704749679,102.0,0.0184950135992747,240.0,0.0435176790571169,3112000682.70337,0.2722570977248072,0.0,0.0837999070460437,0.0837999070460437,up,high,0.953093,ehx:model_v1,-0.0453912072363159,0.0288612171255534,0.0804732983831668,0.1320853796407801,0.2063378040026508,28.257788723761927,30.43586098923393,32.04796325135152,33.74545405248377,36.34650816453714,0.8535224535287027,0.8535224535287027,11,29,29,0.6621426702019314,0.0,0.596677,,,,4.0,,,0.8409598402994546,,只观察不追,WATCH_ONLY,54.986,80.0,81.90234018755193,FROZEN_NEGATIVE_IC,DEFENSIVE,WATCH_ONLY,premium_watch_only;t1_drawdown_risk,9
12,20260706,20260706,20260707,20260708,603722.SH,阿科力,2→3,化学制品,43.56,TOP20,0,1,TOP20,只观察不追,≤44.00,只观察不追,≤44.00,冲高至46.63附近优先兑现；强势放量再看49.14；弱于42.91止损,冲高至46.63附近优先兑现；强势放量再看49.14；弱于42.91止损,只观察不追,≤44.00,只观察不追,≤44.00,冲高至46.63附近优先兑现；强势放量再看49.14；弱于42.91止损,冲高至46.63附近优先兑现；强势放量再看49.14；弱于42.91止损,0.410492,0.410492,67.3782,67.3782,0.730309,0.730309,63.5594,63.5594,0.394779,52.3434,0.735929,53.4796,0.8511394967508302,0.922223488893741,0.596238100648587,0.7740145268543477,0.7836393457442746,0.7058563971633909,0.6084850892352625,0.1890682599503249,0.3558560582040103,0.0822381118711031,0.1017232793695157,0.0479723729205005,0.0683274003269802,0.7145967136827164,limitup_probability_engine:model_v1,False,disabled_validation_not_pass:days=16;samples=480;t1_accept_auc=0.49488864549105516;t1_accept_brier=0.2700313117103626;t1_ret_spearman_ic=-0.05027410609663284,degraded,0.5358,0.410492,historical_bin_blend_v1,50.2255,79.1215,75.5784,63.1734,59.7149,59.7149,15,0.5810016180667515,0.0661576392526181,0.2425780105929333,0.1102627320876969,0.764142,0.684645,0.774015,0.694002,0.287068,0.166431,53.4047,27.2257,60.65,74.65,0.292,0.0,74.659,18.0,0.146847,86.7192,75.9137,61.487,73.1366,48.8673,0.488673,1,0,ELIGIBLE,ok,professional_score_rule_guarded,13,5515.0,0.3383499546690843,-0.0123496836720662,-0.0128369704749679,102.0,0.0184950135992747,240.0,0.0435176790571169,3112000682.70337,0.2722570977248072,0.0,0.0705045325053978,0.0705045325053978,up,high,0.955696,ehx:model_v1,-0.0597388988064097,0.0156960331585787,0.0681300630464818,0.1205640929343849,0.1959990248993748,41.03397570436406,44.24911322868153,46.631177435935136,49.141475396894805,52.991860323941495,0.8095928897338548,0.8095928897338548,9,41,41,0.6472526063098117,0.0,0.615606,,,,2.0,,,0.4572929320070385,,只观察不追,WATCH_ONLY,54.498,80.0,84.84541551870502,FROZEN_NEGATIVE_IC,DEFENSIVE,WATCH_ONLY,premium_watch_only,10
22,20260706,20260706,20260707,20260708,603137.SH,恒尚节能,5→6,装修装饰,18.94,FULL,0,0,Outside TOP20,只观察不追,≤19.13,只观察不追,≤19.13,冲高至20.29附近优先兑现；强势放量再看21.08；弱于18.66止损,冲高至20.29附近优先兑现；强势放量再看21.08；弱于18.66止损,只观察不追,≤19.13,只观察不追,≤19.13,冲高至20.29附近优先兑现；强势放量再看21.08；弱于18.66止损,冲高至20.29附近优先兑现；强势放量再看21.08；弱于18.66止损,0.468042,0.468042,70.5316,70.5316,0.586994,0.586994,59.8628,59.8628,0.683947,67.8972,0.766773,70.0204,0.7218750861878847,0.9125130792479386,0.6356426571259134,0.7228783035864278,0.580295083607826,0.5306015249533662,0.4579083142548678,0.4125361860871957,0.583473144294039,0.0683310986748499,0.0923486974085381,0.0341095288063409,0.0400558884179825,0.6071209104198526,limitup_probability_engine:model_v1,False,disabled_validation_not_pass:days=16;samples=480;t1_accept_auc=0.49488864549105516;t1_accept_brier=0.2700313117103626;t1_ret_spearman_ic=-0.05027410609663284,degraded,0.650134,0.468042,historical_bin_blend_v1,53.764,58.6138,72.0159,67.0641,59.9789,59.9789,14,0.5810016180667515,0.0661576392526181,0.2425780105929333,0.1102627320876969,0.624761,0.684235,0.722878,0.553456,0.426023,0.256738,59.026,27.2257,60.65,74.65,0.292,0.0,77.0883,18.0,0.203727,65.9335,47.9708,60.3421,58.9355,39.2327,0.392327,1,0,ELIGIBLE,ok,professional_score_rule_guarded,35,5515.0,0.3383499546690843,-0.0123496836720662,-0.0128369704749679,102.0,0.0184950135992747,240.0,0.0435176790571169,3112000682.70337,0.2722570977248072,0.0,0.0712061164509587,0.0712061164509587,up,high,0.987546,ehx:model_v1,-0.0241846592817536,0.0306619337882195,0.0687852252841989,0.1069085167801783,0.1617551098501525,18.487437150727654,19.529731984961263,20.28864384558116,21.0770464955592,22.265339740540355,0.8881923214257618,0.8881923214257618,18,40,40,0.598254651435485,0.0,0.573872,,,,,,,,,只观察不追,WATCH_ONLY,52.1462,50.0,79.21722576575168,FROZEN_NEGATIVE_IC,DEFENSIVE,WATCH_ONLY,premium_watch_only;t1_drawdown_risk,11
9,20260706,20260706,20260707,20260708,603067.SH,振华股份,1→2,化学原料,48.73,TOP10,1,1,TOP10,只观察不追,≤49.22,只观察不追,≤49.22,冲高至52.17附近优先兑现；强势放量再看55.20；弱于48.00止损,冲高至52.17附近优先兑现；强势放量再看55.20；弱于48.00止损,只观察不追,≤49.22,只观察不追,≤49.22,冲高至52.17附近优先兑现；强势放量再看55.20；弱于48.00止损,冲高至52.17附近优先兑现；强势放量再看55.20；弱于48.00止损,0.439331,0.439331,67.1738,67.1738,0.725604,0.725604,64.3808,64.3808,0.226963,47.1574,0.682062,45.8935,0.8724208209449874,0.9499640641924076,0.7683924325782453,0.8051809280616048,0.7675037861602723,0.7526541881492714,0.6682581039058093,0.1712504705725183,0.3944429608334341,0.0935811011329903,0.1058903397991299,0.0473087158805088,0.0922233231510188,0.7706490713085367,limitup_probability_engine:model_v1,False,disabled_validation_not_pass:days=16;samples=480;t1_accept_auc=0.49488864549105516;t1_accept_brier=0.2700313117103626;t1_ret_spearman_ic=-0.05027410609663284,degraded,0.605964,0.439331,historical_bin_blend_v1,52.8425,80.0456,76.6679,84.015,63.8589,63.8589,8,0.5810016180667515,0.0661576392526181,0.2425780105929333,0.1102627320876969,0.766713,0.714014,0.805181,0.719328,0.273473,0.175751,53.4047,27.2257,60.65,74.65,0.292,0.0,86.0862,18.0,0.15445,85.5408,99.0152,62.911,76.4919,50.8513,0.508513,1,0,ELIGIBLE,ok,professional_score_rule_guarded,9,5515.0,0.3383499546690843,-0.0123496836720662,-0.0128369704749679,102.0,0.0184950135992747,240.0,0.0435176790571169,3112000682.70337,0.2722570977248072,0.0,0.0705045325053978,0.0705045325053978,up,high,0.94225,ehx:model_v1,-0.0697773479134933,0.0115796601710936,0.0681300630464818,0.1246804659218701,0.2060374740064585,45.44566829050734,49.29755655426269,52.16568586898804,55.200682800304726,59.87938750920198,0.7917771555530522,0.7917771555530522,7,45,45,0.6005871626390371,0.0,0.531875,,,,21.0,,,0.7851725689015286,,只观察不追,WATCH_ONLY,52.1169,50.0,84.72681333307789,FROZEN_NEGATIVE_IC,DEFENSIVE,WATCH_ONLY,premium_watch_only,12
25,20260706,20260706,20260707,20260708,603020.SH,爱普股份,1→2,化学制品,14.69,FULL,0,0,Outside TOP20,只观察不追,≤14.84,只观察不追,≤14.84,冲高至15.69附近优先兑现；强势放量再看16.35；弱于14.47止损,冲高至15.69附近优先兑现；强势放量再看16.35；弱于14.47止损,只观察不追,≤14.84,只观察不追,≤14.84,冲高至15.69附近优先兑现；强势放量再看16.35；弱于14.47止损,冲高至15.69附近优先兑现；强势放量再看16.35；弱于14.47止损,0.415788,0.415788,60.6031,60.6031,0.558656,0.558656,54.94,54.94,0.236997,42.5341,0.688936,45.6831,0.8356033098638957,0.9416156125680892,0.6754976658449648,0.7264914130592611,0.5716507200258223,0.5160882620474717,0.4258442213928027,0.4647708994581673,0.5259900956986474,0.0698170638405228,0.0972377526772769,0.0351375083358918,0.0392041290195794,0.6256891034858983,limitup_probability_engine:model_v1,False,disabled_validation_not_pass:days=16;samples=480;t1_accept_auc=0.49488864549105516;t1_accept_brier=0.2700313117103626;t1_ret_spearman_ic=-0.05027410609663284,degraded,0.543947,0.415788,historical_bin_blend_v1,49.0739,58.1853,55.7558,88.6082,55.6567,55.6567,26,0.5810016180667515,0.0661576392526181,0.2425780105929333,0.1102627320876969,0.636201,0.674873,0.726491,0.521286,0.47724,0.252752,45.3153,27.2257,60.65,74.65,0.292,0.0,88.937,18.0,0.208069,69.1878,46.7376,56.7677,56.949,35.4736,0.354736,1,0,ELIGIBLE,ok,professional_score_rule_guarded,47,5515.0,0.3383499546690843,-0.0123496836720662,-0.0128369704749679,102.0,0.0184950135992747,240.0,0.0435176790571169,3112000682.70337,0.2722570977248072,0.0,0.0680938483055139,0.0680938483055139,up,high,0.977864,ehx:model_v1,-0.0342874793010078,0.0248026680566527,0.0658756096226397,0.1069485511886267,0.1660386985462885,14.19485408977489,15.058907223861263,15.690298631608,16.34816308310553,17.343290011439933,0.860327756314313,0.860327756314313,35,52,52,0.6348120865527089,0.0,0.567416,,,,8.0,,,0.8366603948095489,,只观察不追,WATCH_ONLY,51.9564,80.0,79.00853555114102,FROZEN_NEGATIVE_IC,DEFENSIVE,WATCH_ONLY,premium_watch_only;t1_drawdown_risk,13
23,20260706,20260706,20260707,20260708,000593.SZ,德龙汇能,1→2,燃气Ⅱ,24.66,FULL,0,0,Outside TOP20,只观察不追,≤24.91,只观察不追,≤24.91,冲高至26.13附近优先兑现；强势放量再看27.38；弱于24.29止损,冲高至26.13附近优先兑现；强势放量再看27.38；弱于24.29止损,只观察不追,≤24.91,只观察不追,≤24.91,冲高至26.13附近优先兑现；强势放量再看27.38；弱于24.29止损,冲高至26.13附近优先兑现；强势放量再看27.38；弱于24.29止损,0.453693,0.453693,64.6895,64.6895,0.637159,0.637159,56.2508,56.2508,0.182145,43.9038,0.58571,41.0462,0.6536254645281117,0.9048537713220296,0.8191649954707854,0.7854668517356747,0.6750047822108398,0.5228526042988585,0.5950572248630672,0.3277569175842932,0.3918322258406876,0.078737387679571,0.0923685203371109,0.0248514920762008,0.056794260619197,0.6774884581614805,limitup_probability_engine:model_v1,False,disabled_validation_not_pass:days=16;samples=480;t1_accept_auc=0.49488864549105516;t1_accept_brier=0.2700313117103626;t1_ret_spearman_ic=-0.05027410609663284,degraded,0.628059,0.453693,historical_bin_blend_v1,53.2732,63.755,61.844,86.1059,59.666,59.666,16,0.5810016180667515,0.0661576392526181,0.2425780105929333,0.1102627320876969,0.64177,0.699457,0.785467,0.578367,0.410103,0.202361,38.9165,27.2257,60.65,74.65,0.292,0.0,87.4175,18.0,0.184898,56.3393,62.7014,59.4564,60.6388,38.457,0.38457,1,0,ELIGIBLE,ok,professional_score_rule_guarded,37,5515.0,0.3383499546690843,-0.0123496836720662,-0.0128369704749679,102.0,0.0184950135992747,240.0,0.0435176790571169,3112000682.70337,0.2722570977248072,0.0,0.059661797819521,0.059661797819521,up,high,0.962357,ehx:model_v1,-0.055774480794682,0.0113159463977829,0.0579497985531029,0.1045836507084228,0.171674077900889,23.322254114243584,24.940636074930502,26.13125993422939,27.37872216645802,29.27859127189729,0.799029067590266,0.799029067590266,29,57,57,0.5992173186450591,0.0,0.523303,,,,27.0,,,0.8065131897159368,,只观察不追,WATCH_ONLY,51.1968,50.0,82.40532397782873,FROZEN_NEGATIVE_IC,DEFENSIVE,WATCH_ONLY,premium_watch_only,14
15,20260706,20260706,20260707,20260708,603211.SH,晋拓股份,2→3,汽车零部件,39.53,TOP20,0,1,TOP20,只观察不追,≤39.93,只观察不追,≤39.93,冲高至42.17附近优先兑现；强势放量再看44.28；弱于38.94止损,冲高至42.17附近优先兑现；强势放量再看44.28；弱于38.94止损,只观察不追,≤39.93,只观察不追,≤39.93,冲高至42.17附近优先兑现；强势放量再看44.28；弱于38.94止损,冲高至42.17附近优先兑现；强势放量再看44.28；弱于38.94止损,0.400153,0.400153,70.5335,70.5335,0.729941,0.729941,64.1609,64.1609,0.379697,64.1485,0.690896,57.068,0.7699893829353242,0.9104158269389206,0.579976519440299,0.7479021550102687,0.7834637937849174,0.7513569243294579,0.6434270233818913,0.2424994394974518,0.3917565923594868,0.0836981206591321,0.1087377419287771,0.0424999349420466,0.0834453618166614,0.706218512441646,limitup_probability_engine:model_v1,False,disabled_validation_not_pass:days=16;samples=480;t1_accept_auc=0.49488864549105516;t1_accept_brier=0.2700313117103626;t1_ret_spearman_ic=-0.05027410609663284,degraded,0.519893,0.400153,historical_bin_blend_v1,49.3266,80.0278,78.0777,91.164,62.9452,62.9452,10,0.5810016180667515,0.0661576392526181,0.2425780105929333,0.1102627320876969,0.741155,0.668216,0.747902,0.694072,0.317065,0.182452,42.9833,27.2257,58.39,72.89,0.313,0.0,89.8854,18.0,0.159551,81.1837,98.0303,59.5155,75.8918,47.4082,0.474082,1,0,ELIGIBLE,ok,professional_score_rule_guarded,17,5515.0,0.3383499546690843,-0.0123496836720662,-0.0128369704749679,102.0,0.0184950135992747,240.0,0.0435176790571169,3112000682.70337,0.2722570977248072,0.0,0.066851905286006,0.066851905286006,up,high,0.960422,ehx:model_v1,-0.0540833548846696,0.0159987979795936,0.0647121672658402,0.1134255365520868,0.1835076894163513,37.44886949371676,40.16751865189682,42.17265581595582,44.27788816093785,47.49229876937888,0.8148764396688174,0.8148764396688174,8,55,55,0.5682763604767443,0.0,0.542634,,,,16.0,,,0.8853723177972412,,只观察不追,WATCH_ONLY,50.7228,50.0,83.05494248394336,FROZEN_NEGATIVE_IC,DEFENSIVE,WATCH_ONLY,premium_watch_only,15
8,20260706,20260706,20260707,20260708,002910.SZ,庄园牧场,1→2,饮料乳品,12.22,TOP10,1,1,TOP10,只观察不追,≤12.34,只观察不追,≤12.34,冲高至13.44附近优先兑现；强势放量再看14.09；弱于12.04止损,冲高至13.44附近优先兑现；强势放量再看14.09；弱于12.04止损,只观察不追,≤12.34,只观察不追,≤12.34,冲高至13.44附近优先兑现；强势放量再看14.09；弱于12.04止损,冲高至13.44附近优先兑现；强势放量再看14.09；弱于12.04止损,0.486486,0.486486,54.2787,54.2787,0.544851,0.544851,59.1051,59.1051,0.446314,33.7985,0.721565,52.3634,0.8438640529347705,0.9482489988316916,0.7780219142811323,0.6793216190289686,0.5210785838345938,0.786217199929034,0.455777833377702,0.3349263310683128,0.4081188522970289,0.0748237529984184,0.1002556976906376,0.0465449347395464,0.0654020687598117,0.6748079095459458,limitup_probability_engine:model_v1,False,disabled_validation_not_pass:days=16;samples=480;t1_accept_auc=0.49488864549105516;t1_accept_brier=0.2700313117103626;t1_ret_spearman_ic=-0.05027410609663284,degraded,0.67851,0.486486,historical_bin_blend_v1,52.6827,60.7055,60.446,84.6862,58.6254,58.6254,19,0.5810016180667515,0.0661576392526181,0.2425780105929333,0.1102627320876969,0.628575,0.6852,0.679322,0.625834,0.343511,0.192647,87.197,27.2257,60.65,74.65,0.292,0.0,86.6224,18.0,0.170774,84.3332,74.0756,59.9742,66.5901,51.6843,0.516843,1,0,ELIGIBLE,ok,professional_score_rule_guarded,8,5515.0,0.3383499546690843,-0.0123496836720662,-0.0128369704749679,102.0,0.0184950135992747,240.0,0.0435176790571169,3112000682.70337,0.2722570977248072,0.0,0.0994273512265919,0.0994273512265919,up,high,0.961341,ehx:model_v1,-0.021706170648152,0.0470191824527124,0.0947894544564033,0.1425597264600943,0.21128507956096,11.9576086525922,12.80829664314158,13.435002231988957,14.092372311676558,15.094931622002813,0.909612811722106,0.909612811722106,21,14,14,0.6266569374089459,0.0,0.524571,,,,25.0,,,0.7852189683789192,,只观察不追,WATCH_ONLY,50.7203,50.0,82.13491651100502,FROZEN_NEGATIVE_IC,DEFENSIVE,WATCH_ONLY,premium_watch_only,16
35,20260706,20260706,20260707,20260708,603221.SH,爱丽家居,1→2,家居用品,11.78,FULL,0,0,Outside TOP20,只观察不追,≤11.84,只观察不追,≤11.84,观察池：t_attack<0.55;t1_accept<0.52；若竞价弱于预期不追,观察池：t_attack<0.55;t1_accept<0.52；若竞价弱于预期不追,只观察不追,≤11.84,只观察不追,≤11.84,观察池：t_attack<0.55;t1_accept<0.52；若竞价弱于预期不追,观察池：t_attack<0.55;t1_accept<0.52；若竞价弱于预期不追,0.526795,0.526795,52.5947,52.5947,0.507257,0.507257,57.2929,57.2929,0.888157,71.0538,0.784985,81.1423,0.7241441198822589,0.9247901925056824,0.6772525665434808,0.4028862828231222,0.4872706428291823,0.5788830103557723,0.3290432184794047,0.4636618757184014,0.5722206075897668,0.0659954023888208,0.0898176478729233,0.0106285604608176,0.0248422084379463,0.5317833639501073,limitup_probability_engine:model_v1,False,disabled_validation_not_pass:days=16;samples=480;t1_accept_auc=0.49488864549105516;t1_accept_brier=0.2700313117103626;t1_ret_spearman_ic=-0.05027410609663284,degraded,0.740524,0.526795,historical_bin_blend_v1,50.4407,44.2722,57.6174,86.9786,55.8023,55.8023,24,0.5810016180667515,0.0661576392526181,0.2425780105929333,0.1102627320876969,0.567985,0.593627,0.402886,0.485879,0.433755,0.260875,92.6136,27.2257,58.39,72.89,0.313,0.0,87.353,18.0,0.205808,37.4182,27.7759,53.1102,48.8408,41.0658,0.410658,0,0,WATCH,t_attack<0.55;t1_accept<0.52,professional_score_rule_guarded,31,5515.0,0.3383499546690843,-0.0123496836720662,-0.0128369704749679,102.0,0.0184950135992747,240.0,0.0435176790571169,3112000682.70337,0.2722570977248072,0.0,0.1075425439355657,0.1075425439355657,up,high,0.935537,ehx:model_v1,-0.0439103637827046,0.0422526379460675,0.1021436365881126,0.1620346352301576,0.2481976369589314,11.273928126014075,12.288401083967996,13.046851167560964,13.852113405588952,15.098581744167012,0.874997465957564,0.874997465957564,24,9,9,0.5933677252707431,0.0,0.521747,,,,30.0,,,0.8343820415497557,,只观察不追,WATCH_ONLY,50.215,50.0,77.93286578832631,FROZEN_NEGATIVE_IC,DEFENSIVE,WATCH_ONLY,premium_watch_only;premium_gate:t_attack<0.55;t1_accept<0.52;t1_drawdown_risk,17
19,20260706,20260706,20260707,20260708,002774.SZ,快意电梯,1→2,专用设备,15.83,TOP20,0,1,TOP20,只观察不追,≤15.99,只观察不追,≤15.99,冲高至17.17附近优先兑现；强势放量再看17.94；弱于15.59止损,冲高至17.17附近优先兑现；强势放量再看17.94；弱于15.59止损,只观察不追,≤15.99,只观察不追,≤15.99,冲高至17.17附近优先兑现；强势放量再看17.94；弱于15.59止损,冲高至17.17附近优先兑现；强势放量再看17.94；弱于15.59止损,0.441575,0.441575,62.1101,62.1101,0.58001,0.58001,56.492,56.492,0.435967,51.7608,0.77798,58.0156,0.7406027484076861,0.9381887515813592,0.6837515656736671,0.6900961011054495,0.5902173876758109,0.5505660339901299,0.3991778731564405,0.407641691585238,0.4715354441501865,0.070244544674267,0.0968382098867609,0.0371662018920744,0.0408663497203694,0.6063444063760353,limitup_probability_engine:model_v1,False,disabled_validation_not_pass:days=16;samples=480;t1_accept_auc=0.49488864549105516;t1_accept_brier=0.2700313117103626;t1_ret_spearman_ic=-0.05027410609663284,degraded,0.609416,0.441575,historical_bin_blend_v1,50.4261,60.4051,61.5085,86.6905,57.7733,57.7733,21,0.5810016180667515,0.0661576392526181,0.2425780105929333,0.1102627320876969,0.624976,0.670094,0.690096,0.567131,0.396803,0.220874,74.8864,27.2257,60.65,74.65,0.292,0.0,87.8155,18.0,0.186577,71.7492,49.1921,58.7825,60.0444,45.1127,0.451127,1,0,ELIGIBLE,ok,professional_score_rule_guarded,23,5515.0,0.3383499546690843,-0.0123496836720662,-0.0128369704749679,102.0,0.0184950135992747,240.0,0.0435176790571169,3112000682.70337,0.2722570977248072,0.0,0.0846014507164138,0.0846014507164138,up,high,0.970974,ehx:model_v1,-0.026375468587097,0.0370949622912854,0.0812125929828571,0.1253302236744288,0.1888006545528125,15.41793443152906,16.428240509157312,17.16924096484083,17.943664456607674,19.11947651729208,0.8928104664782135,0.8928104664782135,27,26,26,0.6064735894567759,0.0,0.537341,,,,17.0,,,0.8108684974718025,,只观察不追,WATCH_ONLY,50.0088,50.0,80.41002018471957,FROZEN_NEGATIVE_IC,DEFENSIVE,WATCH_ONLY,premium_watch_only;t1_drawdown_risk,18
33,20260706,20260706,20260707,20260708,002828.SZ,贝肯能源,1→2,油服工程,11.46,FULL,0,0,Outside TOP20,只观察不追,≤11.52,只观察不追,≤11.52,观察池：t1_accept<0.52；若竞价弱于预期不追,观察池：t1_accept<0.52；若竞价弱于预期不追,只观察不追,≤11.52,只观察不追,≤11.52,观察池：t1_accept<0.52；若竞价弱于预期不追,观察池：t1_accept<0.52；若竞价弱于预期不追,0.48174,0.48174,53.2172,53.2172,0.524401,0.524401,55.3683,55.3683,0.646367,44.194,0.788751,64.8694,0.7134494878201492,0.94545711902093,0.6818560489630209,0.59232658323219,0.5134119556235545,0.584820863012479,0.3370956957991991,0.4624146159714617,0.5498992919709292,0.0731566283791334,0.0958707055475621,0.0108455632676715,0.0239920447194703,0.5670989837070055,limitup_probability_engine:model_v1,False,disabled_validation_not_pass:days=16;samples=480;t1_accept_auc=0.49488864549105516;t1_accept_brier=0.2700313117103626;t1_ret_spearman_ic=-0.05027410609663284,degraded,0.671209,0.48174,historical_bin_blend_v1,50.6689,46.1746,52.5364,87.4331,54.8783,54.8783,29,0.5810016180667515,0.0661576392526181,0.2425780105929333,0.1102627320876969,0.577335,0.651392,0.592327,0.499343,0.420989,0.247418,95.0758,27.2257,60.65,74.65,0.292,0.0,88.2764,18.0,0.19677,38.4663,26.5431,57.1525,49.9049,44.1395,0.441395,0,0,WATCH,t1_accept<0.52,professional_score_rule_guarded,27,5515.0,0.3383499546690843,-0.0123496836720662,-0.0128369704749679,102.0,0.0184950135992747,240.0,0.0435176790571169,3112000682.70337,0.2722570977248072,0.0,0.1091467942620982,0.1091467942620982,up,high,0.976734,ehx:model_v1,0.0028984944082516,0.0623010043907244,0.1035910659404991,0.1448811274902738,0.2042836374727477,11.493264931738915,12.196679172089974,12.710822262243648,13.246638720485716,14.0573634682503,0.9546962383802262,0.9546962383802262,33,6,6,0.6119146590779218,0.0,0.52196,,,,29.0,,,0.8191915175105887,,只观察不追,WATCH_ONLY,49.4343,50.0,78.80478784071879,FROZEN_NEGATIVE_IC,DEFENSIVE,WATCH_ONLY,premium_watch_only;premium_gate:t1_accept<0.52;t1_drawdown_risk,19
47,20260706,20260706,20260707,20260708,603269.SH,海鸥股份,1→2,通用设备,17.53,FULL,0,0,Outside TOP20,只观察不追,≤17.62,只观察不追,≤17.62,观察池：t_attack<0.55;t1_high_profit<0.50；若竞价弱于预期不追,观察池：t_attack<0.55;t1_high_profit<0.50；若竞价弱于预期不追,只观察不追,≤17.62,只观察不追,≤17.62,观察池：t_attack<0.55;t1_high_profit<0.50；若竞价弱于预期不追,观察池：t_attack<0.55;t1_high_profit<0.50；若竞价弱于预期不追,0.363486,0.363486,59.8441,59.8441,0.492357,0.492357,47.6699,47.6699,0.055668,41.2913,0.604206,36.1111,0.7315965320716722,0.9076838136972942,0.6382604921782074,0.7221264992640078,0.5215399632843559,0.3710120072193127,0.3386736716051847,0.5225553395513292,0.5839560063168105,0.0663282014760134,0.0917884426400706,0.0347583324286121,0.0417817718215816,0.55480651443877,limitup_probability_engine:model_v1,False,disabled_validation_not_pass:days=16;samples=480;t1_accept_auc=0.49488864549105516;t1_accept_brier=0.2700313117103626;t1_ret_spearman_ic=-0.05027410609663284,degraded,0.463483,0.363486,historical_bin_blend_v1,45.1537,54.0677,46.8156,89.7569,51.0646,51.0646,34,0.5810016180667515,0.0661576392526181,0.2425780105929333,0.1102627320876969,0.559344,0.644972,0.722126,0.44542,0.558875,0.289648,28.4435,27.2257,60.65,74.65,0.292,0.0,89.3313,18.0,0.23088,68.0924,50.4439,52.9265,52.811,27.2569,0.272569,0,0,WATCH,t_attack<0.55;t1_high_profit<0.50,professional_score_rule_guarded,56,5515.0,0.3383499546690843,-0.0123496836720662,-0.0128369704749679,102.0,0.0184950135992747,240.0,0.0435176790571169,3112000682.70337,0.2722570977248072,0.0,0.0457024565897381,0.0457024565897381,up,high,0.949786,ehx:model_v1,-0.0805478293684167,-0.0066657744754321,0.0446888668495769,0.096043508174586,0.1699255630675719,16.173366879400454,17.413537560849395,18.33116406401811,19.297145957145656,20.77684742129624,0.721378582948793,0.721378582948793,49,61,61,0.640402350676338,0.0,0.586143,,,,5.0,,,0.8694519558529638,,只观察不追,WATCH_ONLY,49.3403,80.0,77.56210984356196,FROZEN_NEGATIVE_IC,DEFENSIVE,WATCH_ONLY,premium_watch_only;premium_gate:t_attack<0.55;t1_high_profit<0.50;t1_drawdown_risk,20
4,20260706,20260706,20260707,20260708,000545.SZ,金浦钛业,1→2,化学原料,2.71,TOP10,1,1,TOP10,只观察不追,≤2.74,只观察不追,≤2.74,冲高至3.04附近优先兑现；强势放量再看3.18；弱于2.67止损,冲高至3.04附近优先兑现；强势放量再看3.18；弱于2.67止损,只观察不追,≤2.74,只观察不追,≤2.74,冲高至3.04附近优先兑现；强势放量再看3.18；弱于2.67止损,冲高至3.04附近优先兑现；强势放量再看3.18；弱于2.67止损,0.47892,0.47892,46.2636,46.2636,0.694928,0.694928,57.5105,57.5105,0.593175,46.5074,0.827714,64.1481,0.5979030523403993,0.9496760104103746,0.6984538203568643,0.461010928929333,0.6971834936243604,0.5635715270919992,0.583735446784734,0.5027319378025156,0.4818827297206203,0.0706114453505658,0.0954190408914063,0.042037095863991,0.0734159550905093,0.6003587779714379,limitup_probability_engine:model_v1,False,disabled_validation_not_pass:days=16;samples=480;t1_accept_auc=0.49488864549105516;t1_accept_brier=0.2700313117103626;t1_ret_spearman_ic=-0.05027410609663284,degraded,0.66687,0.47892,historical_bin_blend_v1,47.4068,73.3157,54.4248,85.6573,55.0409,55.0409,28,0.5810016180667515,0.0661576392526181,0.2425780105929333,0.1102627320876969,0.667761,0.604284,0.461011,0.718129,0.309313,0.205251,98.5227,27.2257,60.65,74.65,0.292,0.0,87.2132,18.0,0.167391,79.5714,85.769,55.4979,73.043,55.2624,0.552624,1,0,ELIGIBLE,ok,professional_score_rule_guarded,4,5515.0,0.3383499546690843,-0.0123496836720662,-0.0128369704749679,102.0,0.0184950135992747,240.0,0.0435176790571169,3112000682.70337,0.2722570977248072,0.0,0.12,0.12,up,high,0.96748,ehx:model_v1,0.0030952157181006,0.0681262768779629,0.1133286853070031,0.1585310937360434,0.2235621548959069,2.718401029388085,2.901056299180803,3.0352,3.1755464527184105,3.388918316468465,0.9545853251855938,0.9545853251855938,23,3,3,0.5809125739030829,0.0,0.498587,,,,42.0,,,0.7968531419449129,,只观察不追,WATCH_ONLY,48.7395,50.0,78.88019363575607,FROZEN_NEGATIVE_IC,DEFENSIVE,WATCH_ONLY,premium_watch_only;t1_drawdown_risk,21
16,20260706,20260706,20260707,20260708,603375.SH,盛景微,1→2,半导体,50.91,TOP20,0,1,TOP20,只观察不追,≤51.42,只观察不追,≤51.42,冲高至54.50附近优先兑现；强势放量再看56.98；弱于50.15止损,冲高至54.50附近优先兑现；强势放量再看56.98；弱于50.15止损,只观察不追,≤51.42,只观察不追,≤51.42,冲高至54.50附近优先兑现；强势放量再看56.98；弱于50.15止损,冲高至54.50附近优先兑现；强势放量再看56.98；弱于50.15止损,0.381155,0.381155,60.3652,60.3652,0.734419,0.734419,59.8438,59.8438,0.172874,30.9287,0.614452,38.2795,0.8072326187159902,0.9192655935336168,0.6268632725777878,0.7998948841556976,0.8186726401287048,0.660028188094199,0.6450328117980882,0.1971663069059478,0.4346273684342708,0.0901956487939131,0.1049144868558476,0.0226131605677737,0.0760339455358914,0.722145120208616,limitup_probability_engine:model_v1,False,disabled_validation_not_pass:days=16;samples=480;t1_accept_auc=0.49488864549105516;t1_accept_brier=0.2700313117103626;t1_ret_spearman_ic=-0.05027410609663284,degraded,0.490666,0.381155,historical_bin_blend_v1,47.8778,74.1729,65.31,87.6615,58.2327,58.2327,20,0.5810016180667515,0.0661576392526181,0.2425780105929333,0.1102627320876969,0.754807,0.682572,0.799895,0.659473,0.300711,0.190187,53.4047,27.2257,60.65,74.65,0.292,0.0,88.3212,18.0,0.162529,49.7773,90.9644,60.1369,69.273,46.9081,0.469081,1,0,ELIGIBLE,ok,professional_score_rule_guarded,18,5515.0,0.3383499546690843,-0.0123496836720662,-0.0128369704749679,102.0,0.0184950135992747,240.0,0.0435176790571169,3112000682.70337,0.2722570977248072,0.0,0.0705045325053978,0.0705045325053978,up,high,0.967246,ehx:model_v1,-0.0405734782561478,0.0235550180082625,0.0681300630464818,0.1127051080847012,0.1768336043491127,48.885747393835416,52.12342093892792,54.4993857498498,56.98365520925885,60.7576483015064,0.8487093784583544,0.8487093784583544,19,47,47,0.6074236091085014,0.0,0.522356,,,,28.0,,,0.8278137164599105,,只观察不追,WATCH_ONLY,48.7097,50.0,83.93623171206808,FROZEN_NEGATIVE_IC,DEFENSIVE,WATCH_ONLY,premium_watch_only,22
18,20260706,20260706,20260707,20260708,605196.SH,华通线缆,1→2,电网设备,29.15,TOP20,0,1,TOP20,只观察不追,≤29.44,只观察不追,≤29.44,冲高至31.26附近优先兑现；强势放量再看32.84；弱于28.71止损,冲高至31.26附近优先兑现；强势放量再看32.84；弱于28.71止损,只观察不追,≤29.44,只观察不追,≤29.44,冲高至31.26附近优先兑现；强势放量再看32.84；弱于28.71止损,冲高至31.26附近优先兑现；强势放量再看32.84；弱于28.71止损,0.443474,0.443474,51.708,51.708,0.654497,0.654497,57.162,57.162,0.289774,39.769,0.674968,46.6481,0.6859142033904779,0.8188107245831766,0.7505790342976909,0.5966736166928613,0.647763867552103,0.6401213938304766,0.6529339318783697,0.2818947387437204,0.5621701336033853,0.0771007566909396,0.0819260403483268,0.0420130029990438,0.0734394394153174,0.6649272844239633,limitup_probability_engine:model_v1,False,disabled_validation_not_pass:days=16;samples=480;t1_accept_auc=0.49488864549105516;t1_accept_brier=0.2700313117103626;t1_ret_spearman_ic=-0.05027410609663284,degraded,0.612338,0.443474,historical_bin_blend_v1,47.8411,69.584,56.4793,87.2582,55.7212,55.7212,25,0.5810016180667515,0.0661576392526181,0.2425780105929333,0.1102627320876969,0.663294,0.60372,0.596674,0.674088,0.327576,0.232574,60.3785,27.2257,60.65,74.65,0.292,0.0,88.0283,18.0,0.17669,78.0871,87.2532,55.5888,70.3672,45.876,0.45876,1,0,ELIGIBLE,ok,professional_score_rule_guarded,20,5515.0,0.3383499546690843,-0.0123496836720662,-0.0128369704749679,102.0,0.0184950135992747,240.0,0.0435176790571169,3112000682.70337,0.2722570977248072,0.0,0.0724665624343452,0.0724665624343452,up,high,0.959172,ehx:model_v1,-0.0499373145174735,0.0207955334735968,0.0699611941166217,0.1191268547596465,0.1898597027507182,27.73007594290568,29.762536740552623,31.26240029496116,32.83784849127886,35.24468069307347,0.8314164647338939,0.8314164647338939,25,39,39,0.6000080665909783,0.0,0.531638,,,,22.0,,,0.8259567421490168,,只观察不追,WATCH_ONLY,48.5625,50.0,81.38987758281034,FROZEN_NEGATIVE_IC,DEFENSIVE,WATCH_ONLY,premium_watch_only;t1_drawdown_risk,23
26,20260706,20260706,20260707,20260708,600172.SH,黄河旋风,1→2,通用设备,18.55,FULL,0,0,Outside TOP20,只观察不追,≤18.74,只观察不追,≤18.74,冲高至19.50附近优先兑现；强势放量再看20.46；弱于18.27止损,冲高至19.50附近优先兑现；强势放量再看20.46；弱于18.27止损,只观察不追,≤18.74,只观察不追,≤18.74,冲高至19.50附近优先兑现；强势放量再看20.46；弱于18.27止损,冲高至19.50附近优先兑现；强势放量再看20.46；弱于18.27止损,0.430694,0.430694,55.9967,55.9967,0.644672,0.644672,51.9592,51.9592,0.026208,33.2408,0.563028,31.9649,0.6473153812930927,0.9168295815151156,0.7985965507681926,0.7116737833117375,0.7288485073426658,0.4504391788733975,0.5247968900089668,0.3674599795288968,0.4722776747012502,0.069492512470565,0.0942598173664848,0.0085739761367338,0.0421577835653753,0.6441916071729517,limitup_probability_engine:model_v1,False,disabled_validation_not_pass:days=16;samples=480;t1_accept_auc=0.49488864549105516;t1_accept_brier=0.2700313117103626;t1_ret_spearman_ic=-0.05027410609663284,degraded,0.56688,0.430694,historical_bin_blend_v1,49.4198,58.2562,49.3556,90.6861,54.5389,54.5389,30,0.5810016180667515,0.0661576392526181,0.2425780105929333,0.1102627320876969,0.645412,0.667965,0.711674,0.503162,0.454423,0.234781,33.9795,27.2257,58.39,72.89,0.313,0.0,89.6116,18.0,0.203788,24.0159,51.5384,55.855,52.9891,32.0422,0.320422,1,0,ELIGIBLE,ok,professional_score_rule_guarded,48,5515.0,0.3383499546690843,-0.0123496836720662,-0.0128369704749679,102.0,0.0184950135992747,240.0,0.0435176790571169,3112000682.70337,0.2722570977248072,0.0,0.0511764131876542,0.0511764131876542,up,high,0.959367,ehx:model_v1,-0.0678429131442392,0.0016241226473817,0.0499099305090823,0.0981957383707829,0.1676627741624051,17.33325439744178,18.58015195371654,19.499322464630986,20.463964854905694,21.93607546865408,0.757153867251229,0.757153867251229,41,59,59,0.6100203216616754,0.0,0.523589,,,,26.0,,,0.8785879252983361,,只观察不追,WATCH_ONLY,48.4271,50.0,80.37532356005404,FROZEN_NEGATIVE_IC,DEFENSIVE,WATCH_ONLY,premium_watch_only;t1_drawdown_risk,24
24,20260706,20260706,20260707,20260708,002396.SZ,星网锐捷,2→3,通信设备,25.74,FULL,0,0,Outside TOP20,只观察不追,≤26.00,只观察不追,≤26.00,冲高至27.27附近优先兑现；强势放量再看28.53；弱于25.35止损,冲高至27.27附近优先兑现；强势放量再看28.53；弱于25.35止损,只观察不追,≤26.00,只观察不追,≤26.00,冲高至27.27附近优先兑现；强势放量再看28.53；弱于25.35止损,冲高至27.27附近优先兑现；强势放量再看28.53；弱于25.35止损,0.39715,0.39715,61.8659,61.8659,0.629384,0.629384,56.4332,56.4332,0.211134,50.0461,0.637959,44.6005,0.7066645921119212,0.8928094123465621,0.6456202341553169,0.6974579487316576,0.6489907906927207,0.6218043047383108,0.5793910152812916,0.3911797253733771,0.5092248694398361,0.0750259784599239,0.0851983034796012,0.0333281423220314,0.0424049248538188,0.6487940569417708,limitup_probability_engine:model_v1,False,disabled_validation_not_pass:days=16;samples=480;t1_accept_auc=0.49488864549105516;t1_accept_brier=0.2700313117103626;t1_ret_spearman_ic=-0.05027410609663284,degraded,0.515274,0.39715,historical_bin_blend_v1,47.3356,63.2599,60.7559,80.865,55.3417,55.3417,27,0.5810016180667515,0.0661576392526181,0.2425780105929333,0.1102627320876969,0.651023,0.644045,0.697458,0.580899,0.430673,0.238826,37.878,27.2257,58.39,72.89,0.313,0.0,84.2657,18.0,0.192403,64.7207,52.5954,55.9026,61.0639,36.2663,0.362663,1,0,ELIGIBLE,ok,professional_score_rule_guarded,44,5515.0,0.3383499546690843,-0.0123496836720662,-0.0128369704749679,102.0,0.0184950135992747,240.0,0.0435176790571169,3112000682.70337,0.2722570977248072,0.0,0.0594778075975081,0.0594778075975081,up,high,0.970204,ehx:model_v1,-0.0523367787274821,0.0126231720497842,0.0577761523978379,0.1029291327458916,0.1678890835231591,24.427496985747748,26.066979868270412,27.27095876755986,28.53054691645396,30.445411273036548,0.8059458816190852,0.8059458816190852,28,58,58,0.5962184285362647,0.0,0.546475,,,,12.0,,,0.7216600285918562,,只观察不追,WATCH_ONLY,48.1797,50.0,79.65005542500099,FROZEN_NEGATIVE_IC,DEFENSIVE,WATCH_ONLY,premium_watch_only;t1_drawdown_risk,25
34,20260706,20260706,20260707,20260708,605060.SH,XD联德股,1→2,通用设备,57.52,FULL,0,0,Outside TOP20,只观察不追,≤57.81,只观察不追,≤57.81,观察池：t_attack<0.55；若竞价弱于预期不追,观察池：t_attack<0.55；若竞价弱于预期不追,只观察不追,≤57.81,只观察不追,≤57.81,观察池：t_attack<0.55；若竞价弱于预期不追,观察池：t_attack<0.55；若竞价弱于预期不追,0.297898,0.297898,58.7388,58.7388,0.699046,0.699046,58.5176,58.5176,0.277608,44.5555,0.717053,48.4139,0.9109423728814684,0.9492689461922076,0.4191960013454142,0.6819435494302373,0.783117353979176,0.6634943055180367,0.4996833103247972,0.2761099018842659,0.5173094221356891,0.0941262717365064,0.1109201647979832,0.0246653438003278,0.0531728643394814,0.6509981696642461,limitup_probability_engine:model_v1,False,disabled_validation_not_pass:days=16;samples=480;t1_accept_auc=0.49488864549105516;t1_accept_brier=0.2700313117103626;t1_ret_spearman_ic=-0.05027410609663284,degraded,0.37672,0.297898,historical_bin_blend_v1,39.5975,70.329,62.516,87.3857,52.4594,52.4594,31,0.5810016180667515,0.0661576392526181,0.2425780105929333,0.1102627320876969,0.758377,0.618538,0.681944,0.600892,0.352389,0.223704,53.4047,27.2257,58.39,72.89,0.313,0.0,87.9151,18.0,0.182985,55.3001,60.6603,54.7679,63.6306,41.2364,0.412364,0,0,WATCH,t_attack<0.55,professional_score_rule_guarded,30,5515.0,0.3383499546690843,-0.0123496836720662,-0.0128369704749679,102.0,0.0184950135992747,240.0,0.0435176790571169,3112000682.70337,0.2722570977248072,0.0,0.0705045325053978,0.0705045325053978,up,high,0.974618,ehx:model_v1,-0.034353528380217,0.0261055747107641,0.0681300630464818,0.1101545513821996,0.1706136544731818,55.57754123510588,59.04136430212519,61.57542070971049,64.21823886344997,68.22058607340665,0.8629089260234926,0.8629089260234926,22,42,42,0.6372700067334326,0.0,0.569157,,,,7.0,,,0.8196010838063649,,只观察不追,WATCH_ONLY,48.1524,80.0,81.29525725037911,FROZEN_NEGATIVE_IC,DEFENSIVE,WATCH_ONLY,premium_watch_only;premium_gate:t_attack<0.55;t1_drawdown_risk,26
10,20260706,20260706,20260707,20260708,603931.SH,格林达,1→2,电子化学,59.74,TOP10,1,1,TOP10,只观察不追,≤60.34,只观察不追,≤60.34,冲高至63.95附近优先兑现；强势放量再看66.69；弱于58.84止损,冲高至63.95附近优先兑现；强势放量再看66.69；弱于58.84止损,只观察不追,≤60.34,只观察不追,≤60.34,冲高至63.95附近优先兑现；强势放量再看66.69；弱于58.84止损,冲高至63.95附近优先兑现；强势放量再看66.69；弱于58.84止损,0.354246,0.354246,61.4769,61.4769,0.74984,0.74984,63.0369,63.0369,0.302732,41.1274,0.674026,47.7284,0.9204036339751568,0.9473085932317914,0.5120684156750488,0.7504325749893284,0.8466369091427112,0.7655338882973944,0.5975362915258721,0.2394757180467159,0.5063442663773289,0.0924402071234371,0.11106715608085,0.0533297833289355,0.0832115122255876,0.7231253508821187,limitup_probability_engine:model_v1,False,disabled_validation_not_pass:days=16;samples=480;t1_accept_auc=0.49488864549105516;t1_accept_brier=0.2700313117103626;t1_ret_spearman_ic=-0.05027410609663284,degraded,0.449267,0.354246,historical_bin_blend_v1,45.1612,84.9415,71.4316,90.2466,59.1368,59.1368,17,0.5810016180667515,0.0661576392526181,0.2425780105929333,0.1102627320876969,0.797598,0.662931,0.750433,0.717467,0.286184,0.206371,53.4047,27.2257,60.65,74.65,0.292,0.0,89.8134,18.0,0.163475,89.2666,97.0455,58.866,77.9634,49.6231,0.496231,1,0,ELIGIBLE,ok,professional_score_rule_guarded,11,5515.0,0.3383499546690843,-0.0123496836720662,-0.0128369704749679,102.0,0.0184950135992747,240.0,0.0435176790571169,3112000682.70337,0.2722570977248072,0.0,0.0705045325053978,0.0705045325053978,up,high,0.974265,ehx:model_v1,-0.0340788172568381,0.0262182229331713,0.0681300630464818,0.1100419031597923,0.1703389433498029,57.738430722976034,61.32698975726313,63.95194077187247,66.6892463608115,70.83411650226236,0.8635527504192884,0.8635527504192884,10,44,44,0.6056840619215841,0.0,0.536993,,,,19.0,,,0.8638044454312038,,只观察不追,WATCH_ONLY,47.8215,50.0,82.58442156552597,FROZEN_NEGATIVE_IC,DEFENSIVE,WATCH_ONLY,premium_watch_only;t1_drawdown_risk,27
46,20260706,20260706,20260707,20260708,600246.SH,万通发展,1→2,房地产开发,16.91,FULL,0,0,Outside TOP20,只观察不追,≤16.99,只观察不追,≤16.99,观察池：t_attack<0.55;t1_high_profit<0.50；若竞价弱于预期不追,观察池：t_attack<0.55;t1_high_profit<0.50；若竞价弱于预期不追,只观察不追,≤16.99,只观察不追,≤16.99,观察池：t_attack<0.55;t1_high_profit<0.50；若竞价弱于预期不追,观察池：t_attack<0.55;t1_high_profit<0.50；若竞价弱于预期不追,0.420181,0.420181,51.646,51.646,0.503098,0.503098,47.2139,47.2139,0.012156,24.7586,0.558303,28.9117,0.7388820725974655,0.9401431183756588,0.7815132113916888,0.6957087603074601,0.5671364434628061,0.4276885469992842,0.3180488842531803,0.4652285354447303,0.5363003781264036,0.0673925315618353,0.0950802818638892,0.0373548484018453,0.0461757969105264,0.5878698282825701,limitup_probability_engine:model_v1,False,disabled_validation_not_pass:days=16;samples=480;t1_accept_auc=0.49488864549105516;t1_accept_brier=0.2700313117103626;t1_ret_spearman_ic=-0.05027410609663284,degraded,0.550706,0.420181,historical_bin_blend_v1,47.9404,58.2373,40.0785,87.7429,51.1032,51.1032,33,0.5810016180667515,0.0661576392526181,0.2425780105929333,0.1102627320876969,0.569118,0.66496,0.695709,0.45861,0.53391,0.269089,28.4435,27.2257,60.65,74.65,0.292,0.0,88.3613,18.0,0.221863,72.7891,56.6498,53.3356,55.3146,29.0606,0.290606,0,0,WATCH,t_attack<0.55;t1_high_profit<0.50,professional_score_rule_guarded,54,5515.0,0.3383499546690843,-0.0123496836720662,-0.0128369704749679,102.0,0.0184950135992747,240.0,0.0435176790571169,3112000682.70337,0.2722570977248072,0.0,0.0457024565897381,0.0457024565897381,up,high,0.966666,ehx:model_v1,-0.066090412411938,-0.0007373566497678,0.0446888668495769,0.0901150903489216,0.1554681461110931,15.828541753837449,16.897535894862553,17.682828540932473,18.50461671770039,19.754341876263503,0.7465080821457791,0.7465080821457791,52,62,62,0.6150028437955427,0.0,0.533821,,,,20.0,,,0.829378777373269,,只观察不追,WATCH_ONLY,46.78,50.0,78.89856818706501,FROZEN_NEGATIVE_IC,DEFENSIVE,WATCH_ONLY,premium_watch_only;premium_gate:t_attack<0.55;t1_high_profit<0.50;t1_drawdown_risk,28
39,20260706,20260706,20260707,20260708,000301.SZ,东方盛虹,1→2,炼化及贸,13.81,FULL,0,0,Outside TOP20,只观察不追,≤13.88,只观察不追,≤13.88,观察池：t_attack<0.55;t1_accept<0.52；若竞价弱于预期不追,观察池：t_attack<0.55;t1_accept<0.52；若竞价弱于预期不追,只观察不追,≤13.88,只观察不追,≤13.88,观察池：t_attack<0.55;t1_accept<0.52；若竞价弱于预期不追,观察池：t_attack<0.55;t1_accept<0.52；若竞价弱于预期不追,0.435957,0.435957,46.2017,46.2017,0.531904,0.531904,49.7744,49.7744,0.358565,54.5297,0.69405,53.6962,0.6544292526327958,0.9342237866823908,0.6677245376910468,0.4064965891622942,0.5655861203765193,0.5202075732984427,0.3280876746542429,0.4931591081196029,0.5511352440267552,0.0638972541278049,0.0937396678602104,0.010341364938298,0.03576791177382,0.520655788569602,limitup_probability_engine:model_v1,False,disabled_validation_not_pass:days=16;samples=480;t1_accept_auc=0.49488864549105516;t1_accept_brier=0.2700313117103626;t1_ret_spearman_ic=-0.05027410609663284,degraded,0.574977,0.435957,historical_bin_blend_v1,43.326,47.7663,41.6604,88.682,48.2168,48.2168,40,0.5810016180667515,0.0661576392526181,0.2425780105929333,0.1102627320876969,0.566211,0.564866,0.406497,0.470666,0.462169,0.260614,77.8409,27.2257,60.65,74.65,0.292,0.0,88.6527,18.0,0.207086,29.948,40.3187,50.1352,49.6823,37.5155,0.375155,0,0,WATCH,t_attack<0.55;t1_accept<0.52,professional_score_rule_guarded,40,5515.0,0.3383499546690843,-0.0123496836720662,-0.0128369704749679,102.0,0.0184950135992747,240.0,0.0435176790571169,3112000682.70337,0.2722570977248072,0.0,0.0888663638216927,0.0888663638216927,up,high,0.940117,ehx:model_v1,-0.0929845979481866,0.0120964132605978,0.0851371218401421,0.1581778304196865,0.2632588416284729,12.583776053567911,13.978065915187685,15.03724448437758,16.17668159922308,17.969067529522054,0.7841228759853508,0.7841228759853508,44,24,24,0.5305680169976383,0.0,0.465894,,,,50.0,,,0.8581220912787488,,只观察不追,WATCH_ONLY,46.0411,50.0,78.33126093793841,FROZEN_NEGATIVE_IC,DEFENSIVE,WATCH_ONLY,premium_watch_only;premium_gate:t_attack<0.55;t1_accept<0.52;t1_drawdown_risk,29
37,20260706,20260706,20260707,20260708,002245.SZ,蔚蓝锂芯,1→2,电池,22.37,FULL,0,0,Outside TOP20,只观察不追,≤22.48,只观察不追,≤22.48,观察池：t_attack<0.55；若竞价弱于预期不追,观察池：t_attack<0.55；若竞价弱于预期不追,只观察不追,≤22.48,只观察不追,≤22.48,观察池：t_attack<0.55；若竞价弱于预期不追,观察池：t_attack<0.55；若竞价弱于预期不追,0.418045,0.418045,45.7807,45.7807,0.649417,0.649417,51.405,51.405,0.189091,42.4454,0.70562,44.0122,0.5766011771453349,0.913486414556544,0.7009878229040992,0.4800416446432494,0.6977281189756187,0.561494568437234,0.4981687036123949,0.4431419802976759,0.5480348603355314,0.0698623486737516,0.0864491885483755,0.0293714521129605,0.0581672532464789,0.5826976001120965,limitup_probability_engine:model_v1,False,disabled_validation_not_pass:days=16;samples=480;t1_accept_auc=0.49488864549105516;t1_accept_brier=0.2700313117103626;t1_ret_spearman_ic=-0.05027410609663284,degraded,0.547419,0.418045,historical_bin_blend_v1,43.3181,66.1976,42.6199,86.8369,49.4609,49.4609,38,0.5810016180667515,0.0661576392526181,0.2425780105929333,0.1102627320876969,0.629029,0.579087,0.480042,0.596703,0.398585,0.242003,62.4099,27.2257,58.39,72.89,0.313,0.0,87.6337,18.0,0.195326,60.1197,66.0564,51.0977,63.0654,40.4763,0.404763,0,0,WATCH,t_attack<0.55,professional_score_rule_guarded,33,5515.0,0.3383499546690843,-0.0123496836720662,-0.0128369704749679,102.0,0.0184950135992747,240.0,0.0435176790571169,3112000682.70337,0.2722570977248072,0.0,0.0726782180369164,0.0726782180369164,up,high,0.977234,ehx:model_v1,-0.0324572299217986,0.0280798437856838,0.070158528679011,0.1122372135723382,0.1727742872798218,21.65558839412865,23.00704835701216,23.995811737485823,25.02706874892836,26.588932633064637,0.869618292360842,0.869618292360842,42,37,37,0.5838793488144525,0.0,0.495497,,,,45.0,,,0.8097498500901835,,只观察不追,WATCH_ONLY,45.8933,50.0,78.48252169217955,FROZEN_NEGATIVE_IC,DEFENSIVE,WATCH_ONLY,premium_watch_only;premium_gate:t_attack<0.55;t1_drawdown_risk,30
43,20260706,20260706,20260707,20260708,603201.SH,常润股份,1→2,汽车零部件,15.6,FULL,0,0,Outside TOP20,只观察不追,≤15.68,只观察不追,≤15.68,观察池：t_attack<0.55;t1_accept<0.52;t1_high_profit<0.50；若竞价弱于预期不追,观察池：t_attack<0.55;t1_accept<0.52;t1_high_profit<0.50；若竞价弱于预期不追,只观察不追,≤15.68,只观察不追,≤15.68,观察池：t_attack<0.55;t1_accept<0.52;t1_high_profit<0.50；若竞价弱于预期不追,观察池：t_attack<0.55;t1_accept<0.52;t1_high_profit<0.50；若竞价弱于预期不追,0.445136,0.445136,43.3641,43.3641,0.525935,0.525935,47.2254,47.2254,0.337403,45.7433,0.756462,52.0019,0.5813581096520781,0.9032359799949162,0.6969666690668809,0.4177795915876076,0.5500766156391927,0.4377105160442195,0.2884038200191487,0.5352580772005474,0.5315982499346988,0.0643578458510788,0.0918197222266494,0.0109213464085822,0.0273378905970501,0.4929141572629373,limitup_probability_engine:model_v1,False,disabled_validation_not_pass:days=16;samples=480;t1_accept_auc=0.49488864549105516;t1_accept_brier=0.2700313117103626;t1_ret_spearman_ic=-0.05027410609663284,degraded,0.589098,0.445136,historical_bin_blend_v1,43.9062,48.7204,35.7154,86.3156,46.914,46.914,43,0.5810016180667515,0.0661576392526181,0.2425780105929333,0.1102627320876969,0.541453,0.563556,0.41778,0.45834,0.484648,0.257354,74.8864,27.2257,60.65,74.65,0.292,0.0,87.553,18.0,0.210415,39.9657,29.9811,49.7134,48.6974,36.0105,0.360105,0,0,WATCH,t_attack<0.55;t1_accept<0.52;t1_high_profit<0.50,professional_score_rule_guarded,45,5515.0,0.3383499546690843,-0.0123496836720662,-0.0128369704749679,102.0,0.0184950135992747,240.0,0.0435176790571169,3112000682.70337,0.2722570977248072,0.0,0.0846014507164138,0.0846014507164138,up,high,0.964608,ehx:model_v1,-0.0307521883021508,0.0353002417506266,0.0812125929828571,0.1271249442150876,0.1931773742678663,15.127567263655529,16.16051879140412,16.919782631176055,17.71471869074652,18.9243279700393,0.8835807801683412,0.8835807801683412,51,27,27,0.5919424067068433,0.0,0.51916,,,,33.0,,,0.8085274372836914,,只观察不追,WATCH_ONLY,45.8079,50.0,77.89514634264481,FROZEN_NEGATIVE_IC,DEFENSIVE,WATCH_ONLY,premium_watch_only;premium_gate:t_attack<0.55;t1_accept<0.52;t1_high_profit<0.50;t1_drawdown_risk,31
42,20260706,20260706,20260707,20260708,603118.SH,共进股份,1→2,通信设备,13.42,FULL,0,0,Outside TOP20,只观察不追,≤13.49,只观察不追,≤13.49,观察池：t_attack<0.55;t1_accept<0.52；若竞价弱于预期不追,观察池：t_attack<0.55;t1_accept<0.52；若竞价弱于预期不追,只观察不追,≤13.49,只观察不追,≤13.49,观察池：t_attack<0.55;t1_accept<0.52；若竞价弱于预期不追,观察池：t_attack<0.55;t1_accept<0.52；若竞价弱于预期不追,0.436917,0.436917,43.8116,43.8116,0.523432,0.523432,49.3622,49.3622,0.363487,48.9955,0.686457,52.1354,0.6544292526327958,0.9342237866823908,0.6677245376910468,0.403557108462773,0.5423117184912187,0.5202075732984427,0.3514759248025116,0.510366311002459,0.5511352440267552,0.0642596908453556,0.0900648763350547,0.010341364938298,0.0330253060635955,0.5216047054233903,limitup_probability_engine:model_v1,False,disabled_validation_not_pass:days=16;samples=480;t1_accept_auc=0.49488864549105516;t1_accept_brier=0.2700313117103626;t1_ret_spearman_ic=-0.05027410609663284,degraded,0.576453,0.436917,historical_bin_blend_v1,43.1032,46.0726,39.0142,86.4921,47.0919,47.0919,42,0.5810016180667515,0.0661576392526181,0.2425780105929333,0.1102627320876969,0.560111,0.564153,0.403557,0.471384,0.468974,0.262308,77.8409,27.2257,60.65,74.65,0.292,0.0,87.4219,18.0,0.208683,29.948,36.5642,49.7213,48.8136,36.8045,0.368045,0,0,WATCH,t_attack<0.55;t1_accept<0.52,professional_score_rule_guarded,43,5515.0,0.3383499546690843,-0.0123496836720662,-0.0128369704749679,102.0,0.0184950135992747,240.0,0.0435176790571169,3112000682.70337,0.2722570977248072,0.0,0.0888663638216927,0.0888663638216927,up,high,0.938041,ehx:model_v1,-0.0560729690480889,0.0272324198795108,0.0851371218401421,0.1430418238007735,0.2263472127283748,12.68820932331295,13.790480722508812,14.612586602487118,15.483701512063044,16.828827596882146,0.8393281518437143,0.8393281518437143,46,22,22,0.6104563683825472,0.0,0.521492,,,,31.0,,,0.8255485570955524,,只观察不追,WATCH_ONLY,45.621,50.0,78.07315289469557,FROZEN_NEGATIVE_IC,DEFENSIVE,WATCH_ONLY,premium_watch_only;premium_gate:t_attack<0.55;t1_accept<0.52;t1_drawdown_risk,32
32,20260706,20260706,20260707,20260708,688039.SH,当虹科技,1→2,IT服务Ⅱ,43.56,FULL,0,0,Outside TOP20,只观察不追,≤43.78,只观察不追,≤43.78,观察池：t_attack<0.55；若竞价弱于预期不追,观察池：t_attack<0.55；若竞价弱于预期不追,只观察不追,≤43.78,只观察不追,≤43.78,观察池：t_attack<0.55；若竞价弱于预期不追,观察池：t_attack<0.55；若竞价弱于预期不追,0.344795,0.344795,49.5924,49.5924,0.712091,0.712091,55.6225,55.6225,0.127929,43.2773,0.543447,37.7716,0.730022993870514,0.8771711852625332,0.5662131513328892,0.5380246026548124,0.7922532475482688,0.6712279386447942,0.6706512498422819,0.2218290648654679,0.4473598134630991,0.0778676443046296,0.0960540726836542,0.0307895412471147,0.0779947094170427,0.6584240585968677,limitup_probability_engine:model_v1,False,disabled_validation_not_pass:days=16;samples=480;t1_accept_auc=0.49488864549105516;t1_accept_brier=0.2700313117103626;t1_ret_spearman_ic=-0.05027410609663284,degraded,0.434728,0.344795,historical_bin_blend_v1,39.4689,75.2331,52.1797,87.1288,50.1735,50.1735,37,0.5810016180667515,0.0661576392526181,0.2425780105929333,0.1102627320876969,0.717112,0.563423,0.538025,0.677917,0.304538,0.199947,53.4047,27.2257,60.65,74.65,0.292,0.0,87.5979,18.0,0.165365,62.0106,93.506,51.9054,71.1068,44.7245,0.447245,0,0,WATCH,t_attack<0.55,professional_score_rule_guarded,26,5515.0,0.3383499546690843,-0.0123496836720662,-0.0128369704749679,102.0,0.0184950135992747,240.0,0.0435176790571169,3112000682.70337,0.2722570977248072,0.0,0.0705045325053978,0.0705045325053978,up,high,0.917536,ehx:model_v1,-0.1138479775998655,-0.0064919709790242,0.0681300630464818,0.142752097071988,0.2501081036928312,38.87266562499901,43.27812569404221,46.631177435935136,50.2440129786168,55.93819394940776,0.7309901889716508,0.7309901889716508,30,48,48,0.5833526591751096,0.0,0.495952,,,,43.0,,,0.8463855537497968,,只观察不追,WATCH_ONLY,44.915,50.0,83.43896589238699,FROZEN_NEGATIVE_IC,DEFENSIVE,WATCH_ONLY,premium_watch_only;premium_gate:t_attack<0.55,33
31,20260706,20260706,20260707,20260708,688206.SH,概伦电子,1→2,软件开发,48.76,FULL,0,0,Outside TOP20,只观察不追,≤49.00,只观察不追,≤49.00,观察池：t_attack<0.55；若竞价弱于预期不追,观察池：t_attack<0.55；若竞价弱于预期不追,只观察不追,≤49.00,只观察不追,≤49.00,观察池：t_attack<0.55；若竞价弱于预期不追,观察池：t_attack<0.55；若竞价弱于预期不追,0.351735,0.351735,46.5288,46.5288,0.715157,0.715157,55.6184,55.6184,0.036764,30.5726,0.587623,32.1189,0.802192114021674,0.8965776069358922,0.6205368405369749,0.5716622717473453,0.794902652271443,0.6890455026661915,0.641745536450767,0.1957749090371059,0.4740773647863356,0.0859170082918668,0.0976659100963063,0.0316606833616232,0.0804385725979959,0.6836590242815542,limitup_probability_engine:model_v1,False,disabled_validation_not_pass:days=16;samples=480;t1_accept_auc=0.49488864549105516;t1_accept_brier=0.2700313117103626;t1_ret_spearman_ic=-0.05027410609663284,degraded,0.445405,0.351735,historical_bin_blend_v1,40.2677,75.9271,49.7355,88.0788,50.1953,50.1953,36,0.5810016180667515,0.0661576392526181,0.2425780105929333,0.1102627320876969,0.739527,0.583465,0.571662,0.674693,0.297988,0.202561,53.4047,27.2257,58.39,72.89,0.313,0.0,88.0827,18.0,0.168541,63.2495,96.0606,52.7864,71.6163,44.898,0.44898,0,0,WATCH,t_attack<0.55,professional_score_rule_guarded,24,5515.0,0.3383499546690843,-0.0123496836720662,-0.0128369704749679,102.0,0.0184950135992747,240.0,0.0435176790571169,3112000682.70337,0.2722570977248072,0.0,0.0705045325053978,0.0705045325053978,up,high,0.949505,ehx:model_v1,-0.0584267927864664,0.0162340762088145,0.0681300630464818,0.1200260498841492,0.1946869188794315,45.99273787882929,49.558033699468034,52.1978010049632,54.97817863954082,59.24001386766528,0.8120519861750248,0.8120519861750248,31,49,49,0.5390515869224678,0.0,0.451899,,,,54.0,,,0.8437865063154053,,只观察不追,WATCH_ONLY,44.7537,50.0,82.93260271658005,FROZEN_NEGATIVE_IC,DEFENSIVE,WATCH_ONLY,premium_watch_only;premium_gate:t_attack<0.55;t1_drawdown_risk,34
30,20260706,20260706,20260707,20260708,000938.SZ,紫光股份,1→2,IT服务Ⅱ,33.31,FULL,0,0,Outside TOP20,只观察不追,≤33.48,只观察不追,≤33.48,观察池：t_attack<0.55；若竞价弱于预期不追,观察池：t_attack<0.55；若竞价弱于预期不追,只观察不追,≤33.48,只观察不追,≤33.48,观察池：t_attack<0.55；若竞价弱于预期不追,观察池：t_attack<0.55；若竞价弱于预期不追,0.366529,0.366529,44.3971,44.3971,0.699782,0.699782,53.1703,53.1703,0.158746,38.9594,0.672109,40.6722,0.6687583842985236,0.7779579939093284,0.6007726006474385,0.4802220714148228,0.7483181514711845,0.5797207263974072,0.6151398494904468,0.2692571319586411,0.4865758866152315,0.0724185314044475,0.0907344781329332,0.0234710973761077,0.0621669446275592,0.6143045215163371,limitup_probability_engine:model_v1,False,disabled_validation_not_pass:days=16;samples=480;t1_accept_auc=0.49488864549105516;t1_accept_brier=0.2700313117103626;t1_ret_spearman_ic=-0.05027410609663284,degraded,0.468165,0.366529,historical_bin_blend_v1,39.4738,68.3423,44.8201,81.8165,47.3494,47.3494,41,0.5810016180667515,0.0661576392526181,0.2425780105929333,0.1102627320876969,0.691095,0.522659,0.480222,0.648508,0.308012,0.207067,70.947,27.2257,60.65,74.65,0.292,0.0,85.0235,18.0,0.167557,51.5048,69.6851,51.613,65.1563,45.586,0.45586,0,0,WATCH,t_attack<0.55,professional_score_rule_guarded,22,5515.0,0.3383499546690843,-0.0123496836720662,-0.0128369704749679,102.0,0.0184950135992747,240.0,0.0435176790571169,3112000682.70337,0.2722570977248072,0.0,0.083487936693145,0.083487936693145,up,high,0.960234,ehx:model_v1,-0.0366587612498818,0.0322722119248994,0.0801854082849922,0.1280986046450849,0.1970295778198674,32.111007719263526,34.40252160385439,36.090983171248666,37.86231373578785,40.56425378036159,0.8705081008894412,0.8705081008894412,37,31,31,0.5984582765011586,0.0,0.501338,,,,38.0,,,0.7416659928373023,,只观察不追,WATCH_ONLY,44.6127,50.0,82.33538415446807,FROZEN_NEGATIVE_IC,DEFENSIVE,WATCH_ONLY,premium_watch_only;premium_gate:t_attack<0.55;t1_drawdown_risk,35
28,20260706,20260706,20260707,20260708,002025.SZ,航天电器,1→2,军工电子,92.07,FULL,0,0,Outside TOP20,只观察不追,≤92.53,只观察不追,≤92.53,观察池：t_attack<0.55；若竞价弱于预期不追,观察池：t_attack<0.55；若竞价弱于预期不追,只观察不追,≤92.53,只观察不追,≤92.53,观察池：t_attack<0.55；若竞价弱于预期不追,观察池：t_attack<0.55；若竞价弱于预期不追,0.306473,0.306473,56.2817,56.2817,0.59723,0.59723,57.0925,57.0925,0.688157,55.2659,0.811923,69.8042,0.8095914133776585,0.951243718625182,0.2620927462868827,0.5695897449050209,0.5718669893961715,0.5709390264811033,0.4812762137138227,0.3179873336883183,0.533972162832856,0.0840350707251383,0.1042894783161316,0.0010615370622865,0.0650646419556133,0.5402855928900038,limitup_probability_engine:model_v1,False,disabled_validation_not_pass:days=16;samples=480;t1_accept_auc=0.49488864549105516;t1_accept_brier=0.2700313117103626;t1_ret_spearman_ic=-0.05027410609663284,degraded,0.389912,0.306473,historical_bin_blend_v1,37.9468,49.7211,58.6175,86.4224,49.0851,49.0851,39,0.5810016180667515,0.0661576392526181,0.2425780105929333,0.1102627320876969,0.656691,0.581731,0.56959,0.559126,0.339527,0.225714,98.5227,27.2257,60.65,74.65,0.292,0.0,87.6886,18.0,0.177332,17.8854,72.9923,53.5187,56.4128,47.9016,0.479016,0,0,WATCH,t_attack<0.55,professional_score_rule_guarded,15,5515.0,0.3383499546690843,-0.0123496836720662,-0.0128369704749679,102.0,0.0184950135992747,240.0,0.0435176790571169,3112000682.70337,0.2722570977248072,0.0,0.12,0.12,up,high,0.973483,ehx:model_v1,0.0091945920879694,0.070627391129936,0.1133286853070031,0.1560299794840703,0.217462778526038,92.92044987192313,98.80779994304984,103.1184,107.61705477390257,114.43556755500605,0.9632800463427148,0.9632800463427148,26,4,4,0.5740260976992333,0.0,0.489454,,,,46.0,,,0.8053920270038992,,只观察不追,WATCH_ONLY,44.1556,50.0,81.13046836634666,FROZEN_NEGATIVE_IC,DEFENSIVE,WATCH_ONLY,premium_watch_only;premium_gate:t_attack<0.55;t1_drawdown_risk,36
29,20260706,20260706,20260707,20260708,002989.SZ,中天精装,1→2,装修装饰,33.52,FULL,0,0,Outside TOP20,只观察不追,≤33.69,只观察不追,≤33.69,观察池：t_attack<0.55；若竞价弱于预期不追,观察池：t_attack<0.55；若竞价弱于预期不追,只观察不追,≤33.69,只观察不追,≤33.69,观察池：t_attack<0.55；若竞价弱于预期不追,观察池：t_attack<0.55；若竞价弱于预期不追,0.367198,0.367198,40.111,40.111,0.704924,0.704924,52.6884,52.6884,0.162178,28.2441,0.69782,39.0901,0.6687583842985236,0.7779579939093284,0.6007726006474385,0.4802220714148228,0.7483181514711845,0.5797207263974072,0.6151398494904468,0.2692571319586411,0.4865758866152315,0.0739190220479002,0.0907344781329332,0.0234710973761077,0.0621669446275592,0.6143045215163371,limitup_probability_engine:model_v1,False,disabled_validation_not_pass:days=16;samples=480;t1_accept_auc=0.49488864549105516;t1_accept_brier=0.2700313117103626;t1_ret_spearman_ic=-0.05027410609663284,degraded,0.469194,0.367198,historical_bin_blend_v1,39.0934,68.4708,41.6424,85.5708,46.78,46.78,44,0.5810016180667515,0.0661576392526181,0.2425780105929333,0.1102627320876969,0.694798,0.522899,0.480222,0.649874,0.306805,0.206582,70.947,27.2257,60.65,74.65,0.292,0.0,87.1207,18.0,0.167233,51.5048,69.6851,51.2146,65.401,45.7942,0.457942,0,0,WATCH,t_attack<0.55,professional_score_rule_guarded,21,5515.0,0.3383499546690843,-0.0123496836720662,-0.0128369704749679,102.0,0.0184950135992747,240.0,0.0435176790571169,3112000682.70337,0.2722570977248072,0.0,0.083487936693145,0.083487936693145,up,high,0.962305,ehx:model_v1,-0.0366281509595326,0.0322847640005227,0.0801854082849922,0.1280860525694616,0.1969989675295182,32.31443791582313,34.61984385952487,36.31851563795423,38.10053515828967,40.818738100298106,0.870570494831589,0.870570494831589,38,30,30,0.5793163370785489,0.0,0.505008,,,,37.0,,,0.7983098831935964,,只观察不追,WATCH_ONLY,43.9766,50.0,82.33538415446807,FROZEN_NEGATIVE_IC,DEFENSIVE,WATCH_ONLY,premium_watch_only;premium_gate:t_attack<0.55;t1_drawdown_risk,37
36,20260706,20260706,20260707,20260708,002329.SZ,皇氏集团,1→2,饮料乳品,3.27,FULL,0,0,Outside TOP20,只观察不追,≤3.29,只观察不追,≤3.29,观察池：t_attack<0.55；若竞价弱于预期不追,观察池：t_attack<0.55；若竞价弱于预期不追,只观察不追,≤3.29,只观察不追,≤3.29,观察池：t_attack<0.55；若竞价弱于预期不追,观察池：t_attack<0.55；若竞价弱于预期不追,0.373664,0.373664,41.2165,41.2165,0.583225,0.583225,48.9641,48.9641,0.221424,34.6882,0.696142,43.3036,0.5979030523403993,0.9601391597430826,0.5895909299278834,0.4556870342858273,0.588979360728817,0.5633838646610072,0.4802332512855471,0.5252509147704782,0.4818827297206203,0.0652254012894362,0.096679650499612,0.0098830478409675,0.0471180115092426,0.5440363441057081,limitup_probability_engine:model_v1,False,disabled_validation_not_pass:days=16;samples=480;t1_accept_auc=0.49488864549105516;t1_accept_brier=0.2700313117103626;t1_ret_spearman_ic=-0.05027410609663284,degraded,0.479141,0.373664,historical_bin_blend_v1,39.2278,50.8023,36.8511,88.8355,44.8869,44.8869,46,0.5810016180667515,0.0661576392526181,0.2425780105929333,0.1102627320876969,0.587335,0.567405,0.455687,0.541042,0.427656,0.23098,83.2576,27.2257,58.39,72.89,0.313,0.0,88.6433,18.0,0.198134,26.3674,57.9094,49.7171,54.5202,41.0609,0.410609,0,0,WATCH,t_attack<0.55,professional_score_rule_guarded,32,5515.0,0.3383499546690843,-0.0123496836720662,-0.0128369704749679,102.0,0.0184950135992747,240.0,0.0435176790571169,3112000682.70337,0.2722570977248072,0.0,0.0938061232853063,0.0938061232853063,up,high,0.965932,ehx:model_v1,-0.0231215601202768,0.0434147670492685,0.089663470091229,0.1359121731331895,0.2024485003027361,3.1952598821541107,3.4150930905341066,3.576746023142952,3.746050773704717,4.003778279669808,0.9045038835444164,0.9045038835444164,47,18,18,0.5675414264467322,0.0,0.469899,,,,49.0,,,0.8465827368335868,,只观察不追,WATCH_ONLY,43.3139,50.0,77.91240898123662,FROZEN_NEGATIVE_IC,DEFENSIVE,WATCH_ONLY,premium_watch_only;premium_gate:t_attack<0.55;t1_drawdown_risk,38
44,20260706,20260706,20260707,20260708,603819.SH,神力股份,1→2,电机Ⅱ,13.6,FULL,0,0,Outside TOP20,只观察不追,≤13.67,只观察不追,≤13.67,观察池：t_attack<0.55;t1_accept<0.52；若竞价弱于预期不追,观察池：t_attack<0.55;t1_accept<0.52；若竞价弱于预期不追,只观察不追,≤13.67,只观察不追,≤13.67,观察池：t_attack<0.55;t1_accept<0.52；若竞价弱于预期不追,观察池：t_attack<0.55;t1_accept<0.52；若竞价弱于预期不追,0.387449,0.387449,40.7372,40.7372,0.519465,0.519465,46.2235,46.2235,0.109807,41.3094,0.666624,39.8971,0.6544292526327958,0.9342237866823908,0.6677245376910468,0.403557108462773,0.5423117184912187,0.5202075732984427,0.3514759248025116,0.510366311002459,0.5511352440267552,0.0642596908453556,0.0900648763350547,0.010341364938298,0.0330253060635955,0.5216047054233903,limitup_probability_engine:model_v1,False,disabled_validation_not_pass:days=16;samples=480;t1_accept_auc=0.49488864549105516;t1_accept_brier=0.2700313117103626;t1_ret_spearman_ic=-0.05027410609663284,degraded,0.500349,0.387449,historical_bin_blend_v1,39.2341,45.9734,32.9272,90.3275,43.7837,43.7837,48,0.5810016180667515,0.0661576392526181,0.2425780105929333,0.1102627320876969,0.557255,0.546345,0.403557,0.47033,0.469906,0.262907,77.8409,27.2257,56.13,71.13,0.334,0.0,88.8808,18.0,0.216543,29.948,36.5642,47.999,48.5322,35.5493,0.355493,0,0,WATCH,t_attack<0.55;t1_accept<0.52,professional_score_rule_guarded,46,5515.0,0.3383499546690843,-0.0123496836720662,-0.0128369704749679,102.0,0.0184950135992747,240.0,0.0435176790571169,3112000682.70337,0.2722570977248072,0.0,0.0888663638216927,0.0888663638216927,up,high,0.934355,ehx:model_v1,-0.0629549686876933,0.0244103826191575,0.0851371218401421,0.1458638610611268,0.2332292123679793,12.770206288372163,13.936066269335734,14.808582547975025,15.73572576665446,17.17232377677937,0.8278275069128773,0.8278275069128773,53,25,25,0.4775659215257719,0.0,0.412341,,,,56.0,,,0.8865399838404507,,只观察不追,WATCH_ONLY,43.1848,50.0,76.81315289469556,FROZEN_NEGATIVE_IC,DEFENSIVE,WATCH_ONLY,premium_watch_only;premium_gate:t_attack<0.55;t1_accept<0.52;t1_drawdown_risk,39
51,20260706,20260706,20260707,20260708,603477.SH,巨星农牧,1→2,养殖业,16.73,FULL,0,0,Outside TOP20,只观察不追,≤16.81,只观察不追,≤16.81,观察池：t_attack<0.55;t1_accept<0.52;t1_high_profit<0.50；若竞价弱于预期不追,观察池：t_attack<0.55;t1_accept<0.52;t1_high_profit<0.50；若竞价弱于预期不追,只观察不追,≤16.81,只观察不追,≤16.81,观察池：t_attack<0.55;t1_accept<0.52;t1_high_profit<0.50；若竞价弱于预期不追,观察池：t_attack<0.55;t1_accept<0.52;t1_high_profit<0.50；若竞价弱于预期不追,0.395005,0.395005,41.401,41.401,0.510352,0.510352,43.6496,43.6496,0.087366,39.727,0.530047,34.9014,0.5954580918784704,0.900331010520955,0.6939473124321124,0.4251699482166581,0.6001862943003291,0.4562120556434577,0.2969622949950471,0.5309586810976615,0.5315982499346988,0.0605440236909795,0.0903540932052348,0.0103604105621046,0.0370286534633609,0.5074083924817098,limitup_probability_engine:model_v1,False,disabled_validation_not_pass:days=16;samples=480;t1_accept_auc=0.49488864549105516;t1_accept_brier=0.2700313117103626;t1_ret_spearman_ic=-0.05027410609663284,degraded,0.511973,0.395005,historical_bin_blend_v1,40.2335,49.7984,30.2951,87.0136,43.6136,43.6136,49,0.5810016180667515,0.0661576392526181,0.2425780105929333,0.1102627320876969,0.534182,0.547356,0.42517,0.394028,0.575284,0.278421,28.4435,27.2257,58.39,72.89,0.313,0.0,87.5039,18.0,0.235144,32.4157,42.1637,44.7441,46.6453,22.0351,0.220351,0,0,WATCH,t_attack<0.55;t1_accept<0.52;t1_high_profit<0.50,professional_score_rule_guarded,62,5515.0,0.3383499546690843,-0.0123496836720662,-0.0128369704749679,102.0,0.0184950135992747,240.0,0.0435176790571169,3112000682.70337,0.2722570977248072,0.0,0.0457024565897381,0.0457024565897381,up,high,0.950814,ehx:model_v1,-0.0848538365288701,-0.0084314985798359,0.0446888668495769,0.0978092322789898,0.1742315702280253,15.368956733938903,16.589534030216516,17.49460209874632,18.449047576381176,19.91424062751065,0.7147895627079738,0.7147895627079738,58,63,63,0.5911955183976888,0.0,0.509293,,,,35.0,,,0.8266932368952786,,只观察不追,WATCH_ONLY,43.1713,50.0,77.3296372841881,FROZEN_NEGATIVE_IC,DEFENSIVE,WATCH_ONLY,premium_watch_only;premium_gate:t_attack<0.55;t1_accept<0.52;t1_high_profit<0.50;t1_drawdown_risk,40
50,20260706,20260706,20260707,20260708,600793.SH,宜宾纸业,4→5,造纸,17.61,FULL,0,0,Outside TOP20,只观察不追,≤17.70,只观察不追,≤17.70,观察池：t_attack<0.55;t1_accept<0.52;t1_high_profit<0.50；若竞价弱于预期不追,观察池：t_attack<0.55;t1_accept<0.52;t1_high_profit<0.50；若竞价弱于预期不追,只观察不追,≤17.70,只观察不追,≤17.70,观察池：t_attack<0.55;t1_accept<0.52;t1_high_profit<0.50；若竞价弱于预期不追,观察池：t_attack<0.55;t1_accept<0.52;t1_high_profit<0.50；若竞价弱于预期不追,0.375696,0.375696,45.317,45.317,0.477581,0.477581,41.9169,41.9169,0.048912,49.7249,0.50107,35.4818,0.5709785040031164,0.900331010520955,0.6679899913158933,0.4237843160692863,0.5723754426939521,0.4013967202172455,0.2502417963662304,0.5568229573552889,0.6145167062334397,0.0595986148398141,0.0856990093130113,0.0103930550738827,0.0371943900433316,0.4771962818093213,limitup_probability_engine:model_v1,False,disabled_validation_not_pass:days=16;samples=480;t1_accept_auc=0.49488864549105516;t1_accept_brier=0.2700313117103626;t1_ret_spearman_ic=-0.05027410609663284,degraded,0.482267,0.375696,historical_bin_blend_v1,39.2099,48.1568,30.8266,90.9278,43.4708,43.4708,51,0.5810016180667515,0.0661576392526181,0.2425780105929333,0.1102627320876969,0.503732,0.539906,0.423784,0.370067,0.597663,0.309348,28.4435,27.2257,58.39,72.89,0.313,0.0,89.4424,18.0,0.233976,33.9025,43.6893,45.7836,47.0941,22.8147,0.228147,0,0,WATCH,t_attack<0.55;t1_accept<0.52;t1_high_profit<0.50,professional_score_rule_guarded,61,5515.0,0.3383499546690843,-0.0123496836720662,-0.0128369704749679,102.0,0.0184950135992747,240.0,0.0435176790571169,3112000682.70337,0.2722570977248072,0.0,0.0457024565897381,0.0457024565897381,up,high,0.924188,ehx:model_v1,-0.1456626889228939,-0.0333668162493852,0.0446888668495769,0.1227445499485391,0.2350404226220498,15.22295115720622,17.032105235390837,18.414820260545287,19.90978804684492,22.275943851246254,0.6503118610893884,0.6503118610893884,61,64,64,0.4860319994282013,0.0,0.499322,,,,41.0,,,0.9012491152156178,,只观察不追,WATCH_ONLY,43.0356,50.0,76.11248857733626,FROZEN_NEGATIVE_IC,DEFENSIVE,WATCH_ONLY,premium_watch_only;premium_gate:t_attack<0.55;t1_accept<0.52;t1_high_profit<0.50;t1_drawdown_risk,41
41,20260706,20260706,20260707,20260708,603861.SH,白云电器,1→2,电网设备,13.82,FULL,0,0,Outside TOP20,只观察不追,≤13.89,只观察不追,≤13.89,观察池：t_attack<0.55;t1_accept<0.52；若竞价弱于预期不追,观察池：t_attack<0.55;t1_accept<0.52；若竞价弱于预期不追,只观察不追,≤13.89,只观察不追,≤13.89,观察池：t_attack<0.55;t1_accept<0.52；若竞价弱于预期不追,观察池：t_attack<0.55;t1_accept<0.52；若竞价弱于预期不追,0.393295,0.393295,35.043,35.043,0.536041,0.536041,45.651,45.651,0.139784,26.6329,0.714732,38.4201,0.6544292526327958,0.9342237866823908,0.6677245376910468,0.4064965891622942,0.5655861203765193,0.5202075732984427,0.3280876746542429,0.4931591081196029,0.5511352440267552,0.0638972541278049,0.0937396678602104,0.010341364938298,0.03576791177382,0.520655788569602,limitup_probability_engine:model_v1,False,disabled_validation_not_pass:days=16;samples=480;t1_accept_auc=0.49488864549105516;t1_accept_brier=0.2700313117103626;t1_ret_spearman_ic=-0.05027410609663284,degraded,0.509342,0.393295,historical_bin_blend_v1,39.1385,47.8697,28.2985,88.0553,42.4803,42.4803,53,0.5810016180667515,0.0661576392526181,0.2425780105929333,0.1102627320876969,0.56919,0.549508,0.406497,0.471766,0.461198,0.256961,77.8409,27.2257,60.65,74.65,0.292,0.0,88.5802,18.0,0.206107,29.948,40.3187,48.3133,49.7912,37.0977,0.370977,0,0,WATCH,t_attack<0.55;t1_accept<0.52,professional_score_rule_guarded,42,5515.0,0.3383499546690843,-0.0123496836720662,-0.0128369704749679,102.0,0.0184950135992747,240.0,0.0435176790571169,3112000682.70337,0.2722570977248072,0.0,0.0888663638216927,0.0888663638216927,up,high,0.971995,ehx:model_v1,-0.0207996861279309,0.0416966052774327,0.0851371218401421,0.1285776384028516,0.1910739298082164,13.53551717066228,14.408429591633752,15.048133148015795,15.716238178510284,16.729786411946325,0.906899646377064,0.906899646377064,55,23,23,0.5650368265485888,0.0,0.485898,,,,47.0,,,0.8313145042114034,,只观察不追,WATCH_ONLY,42.8067,50.0,78.33126093793841,FROZEN_NEGATIVE_IC,DEFENSIVE,WATCH_ONLY,premium_watch_only;premium_gate:t_attack<0.55;t1_accept<0.52;t1_drawdown_risk,42
48,20260706,20260706,20260707,20260708,600288.SH,大恒科技,1→2,软件开发,14.14,FULL,0,0,Outside TOP20,只观察不追,≤14.21,只观察不追,≤14.21,观察池：t_attack<0.55;t1_accept<0.52;t1_high_profit<0.50；若竞价弱于预期不追,观察池：t_attack<0.55;t1_accept<0.52;t1_high_profit<0.50；若竞价弱于预期不追,只观察不追,≤14.21,只观察不追,≤14.21,观察池：t_attack<0.55;t1_accept<0.52;t1_high_profit<0.50；若竞价弱于预期不追,观察池：t_attack<0.55;t1_accept<0.52;t1_high_profit<0.50；若竞价弱于预期不追,0.384422,0.384422,38.1828,38.1828,0.499334,0.499334,43.9286,43.9286,0.075176,34.4826,0.584055,34.3759,0.6544292526327958,0.9342237866823908,0.6759128201754154,0.4064965891622942,0.5528864359160884,0.4811746954544529,0.3137424557345057,0.4931591081196029,0.5511352440267552,0.0638972541278049,0.0937396678602104,0.0105823162398259,0.0330086460634319,0.5120180769102222,limitup_probability_engine:model_v1,False,disabled_validation_not_pass:days=16;samples=480;t1_accept_auc=0.49488864549105516;t1_accept_brier=0.2700313117103626;t1_ret_spearman_ic=-0.05027410609663284,degraded,0.495692,0.384422,historical_bin_blend_v1,38.8136,47.4231,28.9703,86.1028,42.2097,42.2097,54,0.5810016180667515,0.0661576392526181,0.2425780105929333,0.1102627320876969,0.542761,0.546313,0.406497,0.417458,0.534938,0.275191,45.3153,27.2257,60.65,74.65,0.292,0.0,87.3151,18.0,0.223391,35.9274,34.5896,45.5213,46.7653,26.841,0.26841,0,0,WATCH,t_attack<0.55;t1_accept<0.52;t1_high_profit<0.50,professional_score_rule_guarded,57,5515.0,0.3383499546690843,-0.0123496836720662,-0.0128369704749679,102.0,0.0184950135992747,240.0,0.0435176790571169,3112000682.70337,0.2722570977248072,0.0,0.0680938483055139,0.0680938483055139,up,high,0.950677,ehx:model_v1,-0.06364700953709,0.0127634799410521,0.0658756096226397,0.1189877393042274,0.1953982287823709,13.268073370206633,14.32163227053876,15.102847015039968,15.926675371278824,17.191342073212372,0.7985850086323938,0.7985850086323938,57,53,53,0.5644373602196915,0.0,0.481069,,,,48.0,,,0.8127552837234193,,只观察不追,WATCH_ONLY,42.5445,50.0,78.33126093793841,FROZEN_NEGATIVE_IC,DEFENSIVE,WATCH_ONLY,premium_watch_only;premium_gate:t_attack<0.55;t1_accept<0.52;t1_high_profit<0.50;t1_drawdown_risk,43
45,20260706,20260706,20260707,20260708,001287.SZ,中电港,1→2,其他电子,31.47,FULL,0,0,Outside TOP20,只观察不追,≤31.63,只观察不追,≤31.63,观察池：t_attack<0.55；若竞价弱于预期不追,观察池：t_attack<0.55；若竞价弱于预期不追,只观察不追,≤31.63,只观察不追,≤31.63,观察池：t_attack<0.55；若竞价弱于预期不追,观察池：t_attack<0.55；若竞价弱于预期不追,0.353352,0.353352,38.8614,38.8614,0.558207,0.558207,47.2685,47.2685,0.135411,31.7139,0.62877,37.3252,0.6016809575771906,0.7463003414599177,0.5818122366251121,0.4362639035077038,0.5500860115225333,0.5610218709307957,0.5196215830339397,0.3916567013810791,0.552487814332243,0.0724185314044475,0.090200904789707,0.0174221171751269,0.0445429752233137,0.5423104196679012,limitup_probability_engine:model_v1,False,disabled_validation_not_pass:days=16;samples=480;t1_accept_auc=0.49488864549105516;t1_accept_brier=0.2700313117103626;t1_ret_spearman_ic=-0.05027410609663284,degraded,0.447892,0.353352,historical_bin_blend_v1,37.1802,52.6564,33.6199,87.5603,42.8955,42.8955,52,0.5810016180667515,0.0661576392526181,0.2425780105929333,0.1102627320876969,0.57038,0.493226,0.436264,0.512436,0.466752,0.258712,41.6106,27.2257,60.65,74.65,0.292,0.0,88.2923,18.0,0.207492,45.3087,55.1887,45.3711,54.4824,30.4436,0.304436,0,0,WATCH,t_attack<0.55,professional_score_rule_guarded,51,5515.0,0.3383499546690843,-0.0123496836720662,-0.0128369704749679,102.0,0.0184950135992747,240.0,0.0435176790571169,3112000682.70337,0.2722570977248072,0.0,0.0655221096556695,0.0655221096556695,up,high,0.970399,ehx:model_v1,-0.0461799817934367,0.0185038617400175,0.0634649228392936,0.1084259839385697,0.1731098274720251,30.0497616534102,32.057737465695126,33.53198079086392,35.07402033478117,37.41772559554616,0.8294713032052518,0.8294713032052518,50,56,56,0.5942975127146083,0.0,0.519568,,,,32.0,,,0.8245582724972738,,只观察不追,WATCH_ONLY,41.978,50.0,79.84027133596139,FROZEN_NEGATIVE_IC,DEFENSIVE,WATCH_ONLY,premium_watch_only;premium_gate:t_attack<0.55;t1_drawdown_risk,44
49,20260706,20260706,20260707,20260708,000066.SZ,中国长城,1→2,计算机设,18.82,FULL,0,0,Outside TOP20,只观察不追,≤18.91,只观察不追,≤18.91,观察池：t_attack<0.55;t1_accept<0.52;t1_high_profit<0.50；若竞价弱于预期不追,观察池：t_attack<0.55;t1_accept<0.52;t1_high_profit<0.50；若竞价弱于预期不追,只观察不追,≤18.91,只观察不追,≤18.91,观察池：t_attack<0.55;t1_accept<0.52;t1_high_profit<0.50；若竞价弱于预期不追,观察池：t_attack<0.55;t1_accept<0.52;t1_high_profit<0.50；若竞价弱于预期不追,0.369371,0.369371,36.1221,36.1221,0.556265,0.556265,43.4578,43.4578,0.019309,25.4429,0.578236,29.6076,0.555934334345031,0.9003431810472514,0.6667757076163828,0.4324163253150218,0.6231848969083885,0.4899855783418457,0.3914663744439535,0.4570248256217987,0.6230464918089035,0.0607971594859542,0.0859647061167507,0.0098793971657804,0.0375545654982918,0.5234115610272816,limitup_probability_engine:model_v1,False,disabled_validation_not_pass:days=16;samples=480;t1_accept_auc=0.49488864549105516;t1_accept_brier=0.2700313117103626;t1_ret_spearman_ic=-0.05027410609663284,degraded,0.472536,0.369371,historical_bin_blend_v1,37.9904,50.5053,26.5217,84.7207,41.1889,41.1889,58,0.5810016180667515,0.0661576392526181,0.2425780105929333,0.1102627320876969,0.556172,0.54074,0.432416,0.434938,0.523301,0.290173,33.9795,27.2257,60.65,74.65,0.292,0.0,86.7603,18.0,0.224592,25.3815,45.2716,44.8788,48.4775,24.8048,0.248048,0,0,WATCH,t_attack<0.55;t1_accept<0.52;t1_high_profit<0.50,professional_score_rule_guarded,60,5515.0,0.3383499546690843,-0.0123496836720662,-0.0128369704749679,102.0,0.0184950135992747,240.0,0.0435176790571169,3112000682.70337,0.2722570977248072,0.0,0.0511764131876542,0.0511764131876542,up,high,0.975124,ehx:model_v1,-0.0516411123463257,0.0082678436486752,0.0499099305090823,0.0915520173694894,0.1514609733644914,17.872782444066548,18.976245835493906,19.78314009619165,20.624344533601445,21.897689030253662,0.7905717141692865,0.7905717141692865,59,60,60,0.5796677725709154,0.0,0.495949,,,,44.0,,,0.7783287934315851,,只观察不追,WATCH_ONLY,41.7699,50.0,78.15416269758398,FROZEN_NEGATIVE_IC,DEFENSIVE,WATCH_ONLY,premium_watch_only;premium_gate:t_attack<0.55;t1_accept<0.52;t1_high_profit<0.50;t1_drawdown_risk,45
52,20260706,20260706,20260707,20260708,002860.SZ,星帅尔,1→2,家电零部,17.56,FULL,0,0,Outside TOP20,只观察不追,≤17.65,只观察不追,≤17.65,观察池：t_attack<0.55;t1_accept<0.52;t1_high_profit<0.50；若竞价弱于预期不追,观察池：t_attack<0.55;t1_accept<0.52;t1_high_profit<0.50；若竞价弱于预期不追,只观察不追,≤17.65,只观察不追,≤17.65,观察池：t_attack<0.55;t1_accept<0.52;t1_high_profit<0.50；若竞价弱于预期不追,观察池：t_attack<0.55;t1_accept<0.52;t1_high_profit<0.50；若竞价弱于预期不追,0.368108,0.368108,38.438,38.438,0.475617,0.475617,40.1504,40.1504,0.01,32.5273,0.491249,29.3213,0.5709785040031164,0.900331010520955,0.6679899913158933,0.4237843160692863,0.5723754426939521,0.4013967202172455,0.2502417963662304,0.5568229573552889,0.6145167062334397,0.0595986148398141,0.0856990093130113,0.0103930550738827,0.0371943900433316,0.4771962818093213,limitup_probability_engine:model_v1,False,disabled_validation_not_pass:days=16;samples=480;t1_accept_auc=0.49488864549105516;t1_accept_brier=0.2700313117103626;t1_ret_spearman_ic=-0.05027410609663284,degraded,0.470593,0.368108,historical_bin_blend_v1,37.9757,48.1077,23.6689,90.3794,40.9537,40.9537,61,0.5810016180667515,0.0661576392526181,0.2425780105929333,0.1102627320876969,0.502318,0.537174,0.423784,0.369545,0.598124,0.30649,28.4435,27.2257,53.87,69.37,0.355,0.0,88.741,18.0,0.25299,33.9025,43.6893,42.7005,45.1592,19.2409,0.192409,0,0,WATCH,t_attack<0.55;t1_accept<0.52;t1_high_profit<0.50,professional_score_rule_guarded,64,5515.0,0.3383499546690843,-0.0123496836720662,-0.0128369704749679,102.0,0.0184950135992747,240.0,0.0435176790571169,3112000682.70337,0.2722570977248072,0.0,0.0457024565897381,0.0457024565897381,up,high,0.951567,ehx:model_v1,-0.0838542859221743,-0.0080216222061913,0.0446888668495769,0.0973993559053452,0.1732320196213295,16.147565613243838,17.419703768040062,18.3625351377158,19.356396708793447,20.88133312226946,0.7162862041662413,0.7162862041662413,66,66,66,0.5003448018410404,0.0,0.403799,,,,57.0,,,0.8780704337499271,,只观察不追,WATCH_ONLY,41.2495,50.0,74.85248857733627,FROZEN_NEGATIVE_IC,DEFENSIVE,WATCH_ONLY,premium_watch_only;premium_gate:t_attack<0.55;t1_accept<0.52;t1_high_profit<0.50;t1_drawdown_risk,46
27,20260706,20260706,20260707,20260708,301191.SZ,菲菱科思,1→2,通信设备,135.01,FULL,0,0,Outside TOP20,只观察不追,≤135.69,只观察不追,≤135.69,观察池：t_attack<0.55；若竞价弱于预期不追,观察池：t_attack<0.55；若竞价弱于预期不追,只观察不追,≤135.69,只观察不追,≤135.69,观察池：t_attack<0.55；若竞价弱于预期不追,观察池：t_attack<0.55；若竞价弱于预期不追,0.231264,0.231264,47.9376,47.9376,0.671755,0.671755,55.579,55.579,0.354692,47.2923,0.69911,51.6473,0.8540496313772971,0.9420133637016967,0.2397118199767144,0.4836783659004539,0.6966510601474325,0.6720821176288188,0.5950999888479818,0.3209658223927759,0.3761489018568735,0.090946622950524,0.107253776327428,0.0195754333155218,0.0730910959333394,0.5849082424460662,limitup_probability_engine:model_v1,False,disabled_validation_not_pass:days=16;samples=480;t1_accept_auc=0.49488864549105516;t1_accept_brier=0.2700313117103626;t1_ret_spearman_ic=-0.05027410609663284,degraded,0.274206,0.231264,historical_bin_blend_v1,30.151,65.5431,49.9747,86.152,43.4761,43.4761,50,0.5810016180667515,0.0661576392526181,0.2425780105929333,0.1102627320876969,0.722797,0.521143,0.483678,0.662835,0.295399,0.176289,90.1515,27.2257,60.65,74.65,0.292,0.0,87.1961,18.0,0.158515,47.9065,83.7046,49.9821,66.9319,50.6805,0.506805,0,0,WATCH,t_attack<0.55,professional_score_rule_guarded,10,5515.0,0.3383499546690843,-0.0123496836720662,-0.0128369704749679,102.0,0.0184950135992747,240.0,0.0435176790571169,3112000682.70337,0.2722570977248072,0.0,0.1016916770657908,0.1016916770657908,up,high,0.933693,ehx:model_v1,-0.0444160638776246,0.0389205090647068,0.0968468867068542,0.1547732643490016,0.2381098372913346,129.1446102115298,140.36825455027628,148.7393933206524,157.6097615253291,171.3072430135426,0.8702717814002219,0.8702717814002219,32,11,11,0.6096617895464391,0.0,0.500746,,,,39.0,,,0.8226571310638645,,只观察不追,WATCH_ONLY,40.493,50.0,82.66402364553961,FROZEN_NEGATIVE_IC,DEFENSIVE,WATCH_ONLY,premium_watch_only;premium_gate:t_attack<0.55,47
40,20260706,20260706,20260707,20260708,603268.SH,松发股份,1→2,航海装备,163.35,FULL,0,0,Outside TOP20,只观察不追,≤164.17,只观察不追,≤164.17,观察池：t_attack<0.55；若竞价弱于预期不追,观察池：t_attack<0.55；若竞价弱于预期不追,只观察不追,≤164.17,只观察不追,≤164.17,观察池：t_attack<0.55；若竞价弱于预期不追,观察池：t_attack<0.55；若竞价弱于预期不追,0.143736,0.143736,42.9563,42.9563,0.651614,0.651614,50.2199,50.2199,0.021703,35.5753,0.598403,33.2519,0.8514520705752552,0.9420133637016967,0.2397118199767144,0.4787701982679824,0.6966510601474325,0.6720821176288188,0.5950999888479818,0.2362568513620089,0.3338263246028287,0.086137904467019,0.1012106701318457,0.0189584392844206,0.0730910959333394,0.5836553746805032,limitup_probability_engine:model_v1,False,disabled_validation_not_pass:days=16;samples=480;t1_accept_auc=0.49488864549105516;t1_accept_brier=0.2700313117103626;t1_ret_spearman_ic=-0.05027410609663284,degraded,0.174309,0.143736,historical_bin_blend_v1,23.2625,64.7668,40.3192,90.6668,37.5781,37.5781,65,0.5810016180667515,0.0661576392526181,0.2425780105929333,0.1102627320876969,0.707569,0.487866,0.47877,0.598989,0.360668,0.175961,47.725,27.2257,56.13,71.13,0.334,0.0,89.2684,18.0,0.177752,46.7417,83.7046,43.767,63.7529,37.5016,0.375016,0,0,WATCH,t_attack<0.55,professional_score_rule_guarded,41,5515.0,0.3383499546690843,-0.0123496836720662,-0.0128369704749679,102.0,0.0184950135992747,240.0,0.0435176790571169,3112000682.70337,0.2722570977248072,0.0,0.0696024343838334,0.0696024343838334,up,high,0.957541,ehx:model_v1,-0.055185934087865,0.0170656822146544,0.0672870227789164,0.1175083633431783,0.1897599796456991,154.57960462822365,166.1616019054163,174.7195576565992,183.71828074391365,197.483516024882,0.8169194855264217,0.8169194855264217,43,51,51,0.4513427690244941,0.0,0.398809,,,,58.0,,,0.8792744014476112,,只观察不追,WATCH_ONLY,36.1325,50.0,83.09788398354158,FROZEN_NEGATIVE_IC,DEFENSIVE,WATCH_ONLY,premium_watch_only;premium_gate:t_attack<0.55,48
