signal_date,buy_date,target_exit_date,actual_exit_date,exit_delay_days,ts_code,name,industry,stage,source_rank,d_close,buy_open,auction_vwap,auction_amount,auction_truth_source,exit_open,actual_buy_gap,gross_return,net_return,profit_hit,big_loss_hit,continuation_limit_up_hit,exit_on_time,market_fill,public_market_buyable,actual_order_fill_observed,actual_order_fill,mechanism_limit_pct,fill_reason,exit_reason,exit_policy_version,take_profit_pct,stop_loss_pct,latest_exit_time,history_source,history_contract_version,prior_probability,strength_score,theme_boost,final_score,intraday_quality,intraday_risk,intraday_hard_risk,auction_strength,intraday_confidence,stage_quality,stage_risk,stage_prior,limit_times,open_board_count,reseal_score,late_withdraw,d_return,d_range,d_turnover_proxy,d_amount_log,limit_open_times,limit_first_time_minutes,limit_last_time_minutes,limit_fd_amount_log,limit_seal_to_amount,limit_seal_to_float_mv,d_turnover_rate,d_volume_ratio,d_float_mv_log,order_to_d_amount,order_to_float_mv,is_hot_board,board_rank,board_limit_up_count,d_amount_percentile,market_median_return,market_up_ratio,market_return_dispersion,market_equal_weight_return,market_down_ratio,market_strong_up_ratio,market_strong_down_ratio,market_limit_up_count_log,market_limit_down_count_log,market_limit_up_down_log_ratio,market_failed_limit_up_rate,market_reseal_rate,market_prev_limit_up_mean_return,market_prev_limit_up_positive_rate,market_prev_limit_up_open_gap_mean,market_focus_promotion_rate,market_limit_up_industry_concentration,market_limit_up_amount_top3_share,market_amount_ratio_5d,market_sentiment_score,market_sentiment_delta,market_sentiment_coverage,market_sentiment_acceleration,market_sentiment_regime_code,market_sentiment_regime_label,market_sentiment_breadth_score,market_sentiment_limit_ecology_score,market_sentiment_promotion_score,market_sentiment_profit_effect_score,market_sentiment_liquidity_score,market_eligible_stock_count,market_limit_up_count,market_limit_down_count,market_touched_up_count,market_failed_limit_up_count,market_reseal_count,market_prev_limit_up_sample,market_2_to_3_promotion_rate,market_2_to_3_promotion_samples,market_3_to_4_promotion_rate,market_3_to_4_promotion_samples,market_focus_promotion_samples,market_max_streak,relative_d_return,minute_available,minute_realized_vol,minute_first_30m_return,minute_last_30m_return,minute_vwap_deviation,minute_opening_volume_share,minute_closing_volume_share,minute_close_location,limit_ratio,proposed_gap,path_days_observed,path_data_coverage,path_strength_latest,path_strength_delta,path_gap_slope,path_first_seal_slope,path_open_times_slope,path_turnover_slope,path_amount_log_slope,path_seal_ratio_slope,path_one_price_ratio,path_weak_to_strong,path_strong_to_weak,path_acceleration_consensus,path_divergence_reseal,path_label_code,path_label,path_explanation,five_year_pre_streak_1d_return,five_year_pre_streak_3d_return,five_year_pre_streak_volatility,five_year_pre_streak_limit_up_count,five_year_recent_limit_up_count,five_year_days_since_prior_limit_up,five_year_streak_runup,five_year_price_log,five_year_stock_prior_rate,five_year_stock_prior_samples_log,stage_pool_size,focus_pool_size,market_max_limit_times,same_industry_stage_count,stage_pool_share,stage_recent_promotion_rate,stage_recent_promotion_samples,five_year_stage_board_prior_rate,five_year_stage_prior_rate,five_year_recent_20d_rate,five_year_recent_60d_rate,five_year_prior_samples_log,five_year_recent_60d_samples_log,five_year_regime_delta,five_year_board_stage_delta,backfill_generated_at_utc
20260811,20260812,20260813,20260813,0,600721.SH,百花医药,医疗服务,6→7,1.0,12.75,13.33,13.38,160025006.08,tushare_stk_auction_o,13.67,0.0454901960784313,0.02550637659414856,0.02100637659414856,1,0,1,1,0,0,0,,10.0,auction_daily_open_conflict,fixed_open_0930,tplus1_open_0930_v1,,,09:30,tushare_compact_backfill,decision_v11_tplus1_open0930_strict_calendar_no_future,,,,,,,,,,,,,6.0,1.0,,,0.10008628127696295,0.015530629853321804,0.0,13.654987623377949,1.0,565.0166666666667,570.5666666666667,19.6467353527464,0.4001137547347573,0.06950377931926252,0.173791,1.37,22.31310949921131,0.00011741260711951351,2.0395749553633222e-05,,,,0.8913161220436902,-0.006831,0.29156887524823977,0.10983648495295319,-0.004538762143528674,0.6875587590097149,0.027264180507677843,0.020996552804763396,4.02535169073515,1.6094379124341003,2.4159137783010487,0.3037974683544304,0.33962264150943394,0.004213760416666668,0.40625,0.00874599126735312,0.3333333333333333,0.04378782484870061,0.3544357222930313,0.952745083182805,0.45952399149381457,-0.1321886049788153,1.0,-0.1784008805915051,EBB,退潮,0.3739932387966155,0.6944867656979856,0.3333333333333333,0.48778256249999996,0.4054901663656101,3191.0,55.0,4.0,79.0,24.0,18.0,96.0,0.2857142857142857,7.0,0.5,2.0,9.0,6.0,0.10691728127696296,0.0,,,,,,,,0.10008628127696295,0.0454901960784313,4.0,1.0,0.9,-0.09999999999999998,0.0015978381141350528,-1.8166666666666818,-0.6666666666666666,-0.05113899999999998,-0.11107977265669315,0.11569104713912125,0.25,0.0,0.0,0.0,0.0,STABLE_STRONG,持续强势,路径强度1.00→0.90；竞价斜率+0.16pct/板；首封每板提前2分钟；炸板变化-0.7/板,,,,,,,,,,,1.0,13.0,6.0,1.0,0.018867924528301886,,0.0,,,,,,,,,2026-08-23T03:30:44+00:00
20260811,20260812,20260813,20260813,0,600272.SH,开开实业,医药商业,4→5,2.0,15.7,15.71,15.71,45877913.6,tushare_stk_auction_o,15.56,0.0006369426751593465,-0.009548058561425932,-0.014048058561425932,0,0,1,1,1,1,0,,10.0,market_proxy_buyable,fixed_open_0930,tplus1_open_0930_v1,,,09:30,tushare_compact_backfill,decision_v11_tplus1_open0930_strict_calendar_no_future,,,,,,,,,,,,,4.0,21.0,,,0.10021023125437978,0.06306937631394524,0.05606166783461801,13.530545614771183,21.0,571.15,818.6,16.744048573698418,0.024866070353400105,0.007444375,0.302747,6.03,21.64434508595045,0.0001329717183409657,3.980891719745223e-05,,,,0.8779563098032136,-0.006831,0.29156887524823977,0.10983648495295319,-0.004538762143528674,0.6875587590097149,0.027264180507677843,0.020996552804763396,4.02535169073515,1.6094379124341003,2.4159137783010487,0.3037974683544304,0.33962264150943394,0.004213760416666668,0.40625,0.00874599126735312,0.3333333333333333,0.04378782484870061,0.3544357222930313,0.952745083182805,0.45952399149381457,-0.1321886049788153,1.0,-0.1784008805915051,EBB,退潮,0.3739932387966155,0.6944867656979856,0.3333333333333333,0.48778256249999996,0.4054901663656101,3191.0,55.0,4.0,79.0,24.0,18.0,96.0,0.2857142857142857,7.0,0.5,2.0,9.0,6.0,0.10704123125437978,0.0,,,,,,,,0.10021023125437978,0.0006369426751593465,4.0,1.0,0.576368311555283,-0.423631688444717,0.015338078353851,-36.94444444444446,6.333333333333333,0.073187,0.5327247248734833,-0.012806119042834851,0.25,0.0,1.0,0.0,0.0,STRONG_TO_WEAK,强转弱,路径强度1.00→0.58；竞价斜率+1.53pct/板；首封每板提前37分钟；炸板变化+6.3/板,,,,,,,,,,,1.0,13.0,6.0,1.0,0.018867924528301886,0.4,5.0,,,,,,,,,2026-08-23T03:30:44+00:00
20260811,20260812,20260813,20260813,0,603758.SH,秦安股份,汽车零部件,3→4,3.0,12.68,13.95,13.95,13087303.68,tushare_stk_auction_o,15.35,0.10015772870662465,0.10035842293906816,0.09585842293906816,1,0,1,1,0,0,0,,10.0,opening_auction_limit_up_unconfirmed,fixed_open_0930,tplus1_open_0930_v1,,,09:30,tushare_compact_backfill,decision_v11_tplus1_open0930_strict_calendar_no_future,,,,,,,,,,,,,3.0,0.0,,,0.09973980919340852,0.0,0.0,10.945254619490985,0.0,565.0,565.0,18.59918857104856,2.108962891210316,0.021767143001351602,0.010321,0.67,22.426542210796594,0.0017641843998219091,1.8208596401446867e-05,,,,0.32352410182343383,-0.006831,0.29156887524823977,0.10983648495295319,-0.004538762143528674,0.6875587590097149,0.027264180507677843,0.020996552804763396,4.02535169073515,1.6094379124341003,2.4159137783010487,0.3037974683544304,0.33962264150943394,0.004213760416666668,0.40625,0.00874599126735312,0.3333333333333333,0.04378782484870061,0.3544357222930313,0.952745083182805,0.45952399149381457,-0.1321886049788153,1.0,-0.1784008805915051,EBB,退潮,0.3739932387966155,0.6944867656979856,0.3333333333333333,0.48778256249999996,0.4054901663656101,3191.0,55.0,4.0,79.0,24.0,18.0,96.0,0.2857142857142857,7.0,0.5,2.0,9.0,6.0,0.10657080919340853,0.0,,,,,,,,0.09973980919340852,0.10015772870662465,3.0,1.0,1.0,0.10264935064935055,0.054067176370051595,-10.116666666666674,0.0,-0.004610999999999999,-0.21012615753384445,0.9215196765591431,0.3333333333333333,0.0,0.0,1.0,0.0,ACCELERATION_CONSENSUS,加速一致,路径强度0.90→1.00；竞价斜率+5.41pct/板；首封每板提前10分钟；炸板变化+0.0/板,0.019251336898395754,0.01707577374599789,0.010692904308322704,0.0,3.0,6.0,0.33053515215110174,2.615934912194404,,,2.0,13.0,6.0,1.0,0.03773584905660377,0.4,15.0,,,,,,,,,2026-08-23T03:30:44+00:00
20260811,20260812,20260813,20260813,0,600664.SH,哈药股份,化学制药,3→4,4.0,8.27,8.27,8.27,144708485.12,tushare_stk_auction_o,8.9,0.0,0.0761789600967353,0.0716789600967353,1,0,0,1,1,1,0,,10.0,market_proxy_buyable,fixed_open_0930,tplus1_open_0930_v1,,,09:30,tushare_compact_backfill,decision_v11_tplus1_open0930_strict_calendar_no_future,,,,,,,,,,,,,3.0,19.0,,,0.0997340425531914,0.06781914893617019,0.06781914893617019,15.519325530800353,19.0,587.0666666666667,827.8666666666667,18.566938084610577,0.02106499641317762,0.005557373482382167,0.269505,1.79,23.759567753607676,1.8198795182687486e-05,4.801211439860641e-06,,,,0.9916952518505145,-0.006831,0.29156887524823977,0.10983648495295319,-0.004538762143528674,0.6875587590097149,0.027264180507677843,0.020996552804763396,4.02535169073515,1.6094379124341003,2.4159137783010487,0.3037974683544304,0.33962264150943394,0.004213760416666668,0.40625,0.00874599126735312,0.3333333333333333,0.04378782484870061,0.3544357222930313,0.952745083182805,0.45952399149381457,-0.1321886049788153,1.0,-0.1784008805915051,EBB,退潮,0.3739932387966155,0.6944867656979856,0.3333333333333333,0.48778256249999996,0.4054901663656101,3191.0,55.0,4.0,79.0,24.0,18.0,96.0,0.2857142857142857,7.0,0.5,2.0,9.0,6.0,0.10656504255319141,0.0,,,,,,,,0.0997340425531914,0.0,3.0,1.0,0.526661045326939,-0.373338954673061,-0.018608469590203236,6.800000000000011,9.5,0.0812075,0.5562788117076103,-0.08838036321137405,0.0,0.0,1.0,0.0,0.0,STRONG_TO_WEAK,强转弱,路径强度0.90→0.53；竞价斜率-1.86pct/板；首封每板推迟7分钟；炸板变化+9.5/板,-0.08124076809453473,-0.03565891472868221,0.06542658559765496,0.0,3.0,6.0,0.32958199356913176,2.2267833795777636,,,2.0,13.0,6.0,1.0,0.03773584905660377,0.4,15.0,,,,,,,,,2026-08-23T03:30:44+00:00
20260811,20260812,20260813,20260813,0,000802.SZ,北京文化,影视院线,2→3,6.0,5.17,5.69,5.69,201893621.76,tushare_stk_auction_o,6.26,0.10058027079303677,0.10017574692442865,0.09567574692442865,1,0,1,1,0,0,0,,10.0,opening_auction_limit_up_unconfirmed,fixed_open_0930,tplus1_open_0930_v1,,,09:30,tushare_compact_backfill,decision_v11_tplus1_open0930_strict_calendar_no_future,,,,,,,,,,,,,2.0,0.0,,,0.09999999999999987,0.0,0.0,12.445326332728262,0.0,565.0,565.0,19.354530415387803,1.001453791365303,0.06877630932293297,0.068687,0.55,22.031426346306077,0.0003936091245144718,2.7031684470463397e-05,,,,0.7098754287777577,-0.006831,0.29156887524823977,0.10983648495295319,-0.004538762143528674,0.6875587590097149,0.027264180507677843,0.020996552804763396,4.02535169073515,1.6094379124341003,2.4159137783010487,0.3037974683544304,0.33962264150943394,0.004213760416666668,0.40625,0.00874599126735312,0.3333333333333333,0.04378782484870061,0.3544357222930313,0.952745083182805,0.45952399149381457,-0.1321886049788153,1.0,-0.1784008805915051,EBB,退潮,0.3739932387966155,0.6944867656979856,0.3333333333333333,0.48778256249999996,0.4054901663656101,3191.0,55.0,4.0,79.0,24.0,18.0,96.0,0.2857142857142857,7.0,0.5,2.0,9.0,6.0,0.10683099999999987,0.0,,,,,,,,0.09999999999999987,0.10058027079303677,2.0,1.0,1.0,0.09999999999999998,-0.000702576112412423,0.0,-1.0,-0.07414500000000002,-0.6361920838279929,0.8038204271111379,0.5,0.0,0.0,0.0,0.0,STABLE_STRONG,持续强势,路径强度0.90→1.00；竞价斜率-0.07pct/板；首封每板推迟0分钟；炸板变化-1.0/板,0.0,0.009456264775413503,0.00619671619125467,0.0,2.0,6.0,0.2107728337236534,1.8196988379172965,,,11.0,13.0,6.0,1.0,0.20754716981132076,0.3137254901960784,51.0,,,,,,,,,2026-08-23T03:30:44+00:00
20260811,20260812,20260813,20260813,0,002248.SZ,华东数控,通用设备,2→3,7.0,11.06,11.72,11.7,86013317.12,tushare_stk_auction_o,11.7,0.05967450271247743,-0.0017064846416383617,-0.006206484641638361,0,0,1,1,1,1,0,,10.0,market_proxy_buyable,fixed_open_0930,tplus1_open_0930_v1,,,09:30,tushare_compact_backfill,decision_v11_tplus1_open0930_strict_calendar_no_future,,,,,,,,,,,,,2.0,0.0,,,0.10049751243781091,0.02487562189054726,0.011940298507462786,12.387657348163769,0.0,570.0,570.0,18.73721922396604,0.5722443233158295,0.04035309773538223,0.070777,1.45,21.947306332553612,0.0004169755412988838,2.9403969748095037e-05,,,,0.6975988445567792,-0.006831,0.29156887524823977,0.10983648495295319,-0.004538762143528674,0.6875587590097149,0.027264180507677843,0.020996552804763396,4.02535169073515,1.6094379124341003,2.4159137783010487,0.3037974683544304,0.33962264150943394,0.004213760416666668,0.40625,0.00874599126735312,0.3333333333333333,0.04378782484870061,0.3544357222930313,0.952745083182805,0.45952399149381457,-0.1321886049788153,1.0,-0.1784008805915051,EBB,退潮,0.3739932387966155,0.6944867656979856,0.3333333333333333,0.48778256249999996,0.4054901663656101,3191.0,55.0,4.0,79.0,24.0,18.0,96.0,0.2857142857142857,7.0,0.5,2.0,9.0,6.0,0.10732851243781091,0.0,,,,,,,,0.10049751243781091,0.05967450271247743,2.0,1.0,0.976237623762376,0.3945557168496385,0.08636903012290831,-67.10000000000002,-1.0,-0.042546,-0.35381394100616603,0.5213860098764703,0.0,0.0,0.0,1.0,0.0,ACCELERATION_CONSENSUS,加速一致,路径强度0.58→0.98；竞价斜率+8.64pct/板；首封每板提前67分钟；炸板变化-1.0/板,0.002192982456140413,0.03628117913832196,0.006917243820067837,0.0,2.0,6.0,0.21006564551422313,2.4898941912990393,,,11.0,13.0,6.0,1.0,0.20754716981132076,0.3137254901960784,51.0,,,,,,,,,2026-08-23T03:30:44+00:00
20260811,20260812,20260813,20260813,0,000859.SZ,国风新材,塑料,2→3,8.0,10.48,10.25,10.37,81468113.92,tushare_stk_auction_o,10.31,-0.021946564885496178,0.005853658536585371,0.0013536585365853714,1,0,0,1,0,0,0,,10.0,auction_daily_open_conflict,fixed_open_0930,tplus1_open_0930_v1,,,09:30,tushare_compact_backfill,decision_v11_tplus1_open0930_strict_calendar_no_future,,,,,,,,,,,,,2.0,1.0,,,0.09968520461699915,0.09968520461699906,0.09653725078698845,14.062602778401768,1.0,584.5,602.7,18.223524600765224,0.06413066174775484,0.008744663460794411,0.139879,2.17,22.962836243558606,7.810692703342106e-05,1.06504248085044e-05,,,,0.9299512547391225,-0.006831,0.29156887524823977,0.10983648495295319,-0.004538762143528674,0.6875587590097149,0.027264180507677843,0.020996552804763396,4.02535169073515,1.6094379124341003,2.4159137783010487,0.3037974683544304,0.33962264150943394,0.004213760416666668,0.40625,0.00874599126735312,0.3333333333333333,0.04378782484870061,0.3544357222930313,0.952745083182805,0.45952399149381457,-0.1321886049788153,1.0,-0.1784008805915051,EBB,退潮,0.3739932387966155,0.6944867656979856,0.3333333333333333,0.48778256249999996,0.4054901663656101,3191.0,55.0,4.0,79.0,24.0,18.0,96.0,0.2857142857142857,7.0,0.5,2.0,9.0,6.0,0.10651620461699915,0.0,,,,,,,,0.09968520461699915,-0.021946564885496178,2.0,1.0,0.6519883951291345,-0.02846080017584962,0.0031479538300105414,-82.10000000000002,1.0,0.059095999999999996,0.6665429574732187,-0.007004330645149784,0.0,0.0,0.0,0.0,1.0,DIVERGENCE_RESEAL,分歧回封,路径强度0.68→0.65；竞价斜率+0.31pct/板；首封每板提前82分钟；炸板变化+1.0/板,-0.02805836139169471,0.035885167464114964,0.02848664660722971,0.0,2.0,6.0,0.210161662817552,2.4406063908914204,,,11.0,13.0,6.0,1.0,0.20754716981132076,0.3137254901960784,51.0,,,,,,,,,2026-08-23T03:30:44+00:00
20260811,20260812,20260813,20260813,0,600683.SH,京投发展,房地产开发,2→3,9.0,10.68,11.75,11.75,7980600.32,tushare_stk_auction_o,12.93,0.10018726591760307,0.10042553191489367,0.09592553191489367,1,0,1,1,0,0,0,,10.0,opening_auction_limit_up_unconfirmed,fixed_open_0930,tplus1_open_0930_v1,,,09:30,tushare_compact_backfill,decision_v11_tplus1_open0930_strict_calendar_no_future,,,,,,,,,,,,,2.0,0.0,,,0.09989701338825929,0.003089598352214146,0.0,11.547309654824032,0.0,565.05,565.05,18.127490904895932,0.7206768924103234,0.009427795911058039,0.013082,0.57,22.791583832866735,0.0009662095645162088,1.2639820531923852e-05,,,,0.49395197689113557,-0.006831,0.29156887524823977,0.10983648495295319,-0.004538762143528674,0.6875587590097149,0.027264180507677843,0.020996552804763396,4.02535169073515,1.6094379124341003,2.4159137783010487,0.3037974683544304,0.33962264150943394,0.004213760416666668,0.40625,0.00874599126735312,0.3333333333333333,0.04378782484870061,0.3544357222930313,0.952745083182805,0.45952399149381457,-0.1321886049788153,1.0,-0.1784008805915051,EBB,退潮,0.3739932387966155,0.6944867656979856,0.3333333333333333,0.48778256249999996,0.4054901663656101,3191.0,55.0,4.0,79.0,24.0,18.0,96.0,0.2857142857142857,7.0,0.5,2.0,9.0,6.0,0.1067280133882593,0.0,,,,,,,,0.09989701338825929,0.10018726591760307,2.0,1.0,1.0,0.1027878787878791,0.0013692670688936204,-5.516666666666765,-1.0,0.004089000000000001,0.4718511293825003,-0.3280832336633722,0.0,0.0,0.0,0.0,0.0,STABLE_STRONG,持续强势,路径强度0.90→1.00；竞价斜率+0.14pct/板；首封每板提前6分钟；炸板变化-1.0/板,-0.0011312217194570096,0.0690072639225181,0.016810134922501198,0.0,2.0,6.0,0.20951302378255932,2.4578779774000807,,,11.0,13.0,6.0,1.0,0.20754716981132076,0.3137254901960784,51.0,,,,,,,,,2026-08-23T03:30:44+00:00
20260811,20260812,20260813,20260813,0,605286.SH,同力天启,专用设备,2→3,10.0,28.17,30.99,30.99,28355850.24,tushare_stk_auction_o,34.09,0.10010649627263035,0.10003226847370139,0.09553226847370139,1,0,1,1,0,0,0,,10.0,opening_auction_limit_up_unconfirmed,fixed_open_0930,tplus1_open_0930_v1,,,09:30,tushare_compact_backfill,decision_v11_tplus1_open0930_strict_calendar_no_future,,,,,,,,,,,,,2.0,0.0,,,0.09996095275283112,0.12338930105427569,0.09918000780944954,12.395782834861146,0.0,603.0166666666667,603.0166666666667,17.87476831465063,0.23960448829849829,0.012241005924911676,0.053884,3.6,22.277732119467117,0.00041360112577924985,2.1130212823503557e-05,,,,0.6992236865860264,-0.006831,0.29156887524823977,0.10983648495295319,-0.004538762143528674,0.6875587590097149,0.027264180507677843,0.020996552804763396,4.02535169073515,1.6094379124341003,2.4159137783010487,0.3037974683544304,0.33962264150943394,0.004213760416666668,0.40625,0.00874599126735312,0.3333333333333333,0.04378782484870061,0.3544357222930313,0.952745083182805,0.45952399149381457,-0.1321886049788153,1.0,-0.1784008805915051,EBB,退潮,0.3739932387966155,0.6944867656979856,0.3333333333333333,0.48778256249999996,0.4054901663656101,3191.0,55.0,4.0,79.0,24.0,18.0,96.0,0.2857142857142857,7.0,0.5,2.0,9.0,6.0,0.10679195275283113,0.0,,,,,,,,0.09996095275283112,0.10010649627263035,2.0,1.0,0.7715473484848486,0.1287480898036154,-0.026710463991326483,-200.33333333333337,0.0,0.022458000000000006,0.6285095758420134,-0.40306086363977917,0.0,0.0,0.0,0.0,0.0,MIXED,路径混合,路径强度0.64→0.77；竞价斜率-2.67pct/板；首封每板提前200分钟；炸板变化+0.0/板,-0.01146496815286624,-0.0025706940874035134,0.008226335864530466,0.0,2.0,6.0,0.2100515463917525,3.37314078387963,,,11.0,13.0,6.0,1.0,0.20754716981132076,0.3137254901960784,51.0,,,,,,,,,2026-08-23T03:30:44+00:00
20260811,20260812,20260813,20260813,0,002329.SZ,皇氏集团,饮料乳品,2→3,11.0,3.82,3.97,3.91,41205839.36,tushare_stk_auction_o,4.62,0.03926701570680646,0.16372795969773324,0.15922795969773323,1,0,1,1,0,0,0,,10.0,auction_daily_open_conflict,fixed_open_0930,tplus1_open_0930_v1,,,09:30,tushare_compact_backfill,decision_v11_tplus1_open0930_strict_calendar_no_future,,,,,,,,,,,,,2.0,1.0,,,0.10086455331412103,0.051873198847262166,0.0345821325648414,12.185918455811168,1.0,570.15,572.35,17.762841033634608,0.26425846510439777,0.020809618245639514,0.079389,0.73,21.635180998230478,0.0005101819303661866,4.017540631120204e-05,,,,0.6501173497021123,-0.006831,0.29156887524823977,0.10983648495295319,-0.004538762143528674,0.6875587590097149,0.027264180507677843,0.020996552804763396,4.02535169073515,1.6094379124341003,2.4159137783010487,0.3037974683544304,0.33962264150943394,0.004213760416666668,0.40625,0.00874599126735312,0.3333333333333333,0.04378782484870061,0.3544357222930313,0.952745083182805,0.45952399149381457,-0.1321886049788153,1.0,-0.1784008805915051,EBB,退潮,0.3739932387966155,0.6944867656979856,0.3333333333333333,0.48778256249999996,0.4054901663656101,3191.0,55.0,4.0,79.0,24.0,18.0,96.0,0.2857142857142857,7.0,0.5,2.0,9.0,6.0,0.10769555331412103,0.0,,,,,,,,0.10086455331412103,0.03926701570680646,2.0,1.0,0.8312922077922079,0.21970129870129884,0.06628242074927959,-97.10000000000002,0.0,-0.05892400000000002,-0.42748586262211674,0.13070410359076995,0.0,0.0,0.0,1.0,0.0,ACCELERATION_CONSENSUS,加速一致,路径强度0.61→0.83；竞价斜率+6.63pct/板；首封每板提前97分钟；炸板变化+0.0/板,-0.01869158878504673,-0.048338368580060465,0.007641786388583278,0.0,2.0,6.0,0.2126984126984126,1.5727739280625088,,,11.0,13.0,6.0,2.0,0.20754716981132076,0.3137254901960784,51.0,,,,,,,,,2026-08-23T03:30:44+00:00
20260811,20260812,20260813,20260813,0,603188.SH,亚邦股份,化学制品,2→3,12.0,4.88,4.66,4.66,12633259.52,tushare_stk_auction_o,4.82,-0.04508196721311475,0.03433476394849788,0.02983476394849788,1,0,0,1,1,1,0,,10.0,market_proxy_buyable,fixed_open_0930,tplus1_open_0930_v1,,,09:30,tushare_compact_backfill,decision_v11_tplus1_open0930_strict_calendar_no_future,,,,,,,,,,,,,2.0,0.0,,,0.09909909909909898,0.02702702702702705,0.02702702702702705,11.583137243954182,0.0,570.3,570.3,17.07642439290604,0.24305710910119827,0.00937071399757967,0.038674,1.75,21.74659034016498,0.000932205069379642,3.593981317622556e-05,,,,0.5037010290666185,-0.006831,0.29156887524823977,0.10983648495295319,-0.004538762143528674,0.6875587590097149,0.027264180507677843,0.020996552804763396,4.02535169073515,1.6094379124341003,2.4159137783010487,0.3037974683544304,0.33962264150943394,0.004213760416666668,0.40625,0.00874599126735312,0.3333333333333333,0.04378782484870061,0.3544357222930313,0.952745083182805,0.45952399149381457,-0.1321886049788153,1.0,-0.1784008805915051,EBB,退潮,0.3739932387966155,0.6944867656979856,0.3333333333333333,0.48778256249999996,0.4054901663656101,3191.0,55.0,4.0,79.0,24.0,18.0,96.0,0.2857142857142857,7.0,0.5,2.0,9.0,6.0,0.10593009909909898,0.0,,,,,,,,0.09909909909909898,-0.04508196721311475,2.0,1.0,0.9451818181818183,0.5198030303030305,0.07454731959682448,-241.28333333333342,-3.0,-0.012609000000000002,-0.1639177405024128,0.09789420038296714,0.0,1.0,0.0,0.0,0.0,WEAK_TO_STRONG,弱转强,路径强度0.43→0.95；竞价斜率+7.45pct/板；首封每板提前241分钟；炸板变化-3.0/板,-0.004926108374384119,0.002481389578163684,0.008208708650668901,0.0,2.0,6.0,0.20792079207920788,1.7715567619105355,,,11.0,13.0,6.0,1.0,0.20754716981132076,0.3137254901960784,51.0,,,,,,,,,2026-08-23T03:30:44+00:00
20260811,20260812,20260813,20260813,0,605179.SH,一鸣食品,饮料乳品,2→3,13.0,27.63,28.05,27.81,41852231.68,tushare_stk_auction_o,32.0,0.015200868621064068,0.14081996434937616,0.13631996434937615,1,0,1,1,0,0,0,,10.0,auction_daily_open_conflict,fixed_open_0930,tplus1_open_0930_v1,,,09:30,tushare_compact_backfill,decision_v11_tplus1_open0930_strict_calendar_no_future,,,,,,,,,,,,,2.0,5.0,,,0.09992038216560495,0.10469745222929933,0.07603503184713375,13.924877627853762,5.0,582.5833333333334,847.4333333333333,16.988461683295117,0.02140415174449964,0.0021551122194513714,0.103738,1.09,23.128374124296425,8.964021187044944e-05,9.025572153582746e-06,,,,0.9169525185051454,-0.006831,0.29156887524823977,0.10983648495295319,-0.004538762143528674,0.6875587590097149,0.027264180507677843,0.020996552804763396,4.02535169073515,1.6094379124341003,2.4159137783010487,0.3037974683544304,0.33962264150943394,0.004213760416666668,0.40625,0.00874599126735312,0.3333333333333333,0.04378782484870061,0.3544357222930313,0.952745083182805,0.45952399149381457,-0.1321886049788153,1.0,-0.1784008805915051,EBB,退潮,0.3739932387966155,0.6944867656979856,0.3333333333333333,0.48778256249999996,0.4054901663656101,3191.0,55.0,4.0,79.0,24.0,18.0,96.0,0.2857142857142857,7.0,0.5,2.0,9.0,6.0,0.10675138216560495,0.0,,,,,,,,0.09992038216560495,0.015200868621064068,2.0,1.0,0.5390109811930179,-0.0595628900950691,0.02563666380358509,-17.16666666666663,4.0,0.026336,0.40939623306222117,-0.02433633577911469,0.0,0.0,0.0,0.0,1.0,DIVERGENCE_RESEAL,分歧回封,路径强度0.60→0.54；竞价斜率+2.56pct/板；首封每板提前17分钟；炸板变化+4.0/板,0.05447830101569706,0.0530198248040572,0.06530020219164334,0.0,2.0,6.0,0.2097197898423817,3.354455119110024,,,11.0,13.0,6.0,2.0,0.20754716981132076,0.3137254901960784,51.0,,,,,,,,,2026-08-23T03:30:44+00:00
20260811,20260812,20260813,20260813,0,600833.SH,第一医药,医药商业,2→3,14.0,12.11,11.93,12.0,14288989.44,tushare_stk_auction_o,12.43,-0.014863748967795187,0.041911148365465056,0.03741114836546506,1,0,0,1,0,0,0,,10.0,auction_daily_open_conflict,fixed_open_0930,tplus1_open_0930_v1,,,09:30,tushare_compact_backfill,decision_v11_tplus1_open0930_strict_calendar_no_future,,,,,,,,,,,,,2.0,4.0,,,0.09990917347865569,0.1362397820163488,0.11080835603996357,13.008986292526085,4.0,600.4833333333333,687.0833333333334,16.960772996043552,0.052028356843114604,0.008597119571822116,0.170487,4.66,21.71710101869257,0.0002240113420705881,3.701543562162405e-05,,,,0.8070048745260877,-0.006831,0.29156887524823977,0.10983648495295319,-0.004538762143528674,0.6875587590097149,0.027264180507677843,0.020996552804763396,4.02535169073515,1.6094379124341003,2.4159137783010487,0.3037974683544304,0.33962264150943394,0.004213760416666668,0.40625,0.00874599126735312,0.3333333333333333,0.04378782484870061,0.3544357222930313,0.952745083182805,0.45952399149381457,-0.1321886049788153,1.0,-0.1784008805915051,EBB,退潮,0.3739932387966155,0.6944867656979856,0.3333333333333333,0.48778256249999996,0.4054901663656101,3191.0,55.0,4.0,79.0,24.0,18.0,96.0,0.2857142857142857,7.0,0.5,2.0,9.0,6.0,0.10674017347865569,0.0,,,,,,,,0.09990917347865569,-0.014863748967795187,2.0,1.0,0.530741409065521,-0.17078889396478214,-0.01789218955431493,16.76666666666665,3.0,0.110563,1.1288853183293703,-0.10812078172392836,0.0,0.0,1.0,0.0,0.0,STRONG_TO_WEAK,强转弱,路径强度0.70→0.53；竞价斜率-1.79pct/板；首封每板推迟17分钟；炸板变化+3.0/板,0.0,0.015212981744421983,0.014228137987530627,0.0,2.0,6.0,0.2097902097902098,2.5733752977756086,,,11.0,13.0,6.0,1.0,0.20754716981132076,0.3137254901960784,51.0,,,,,,,,,2026-08-23T03:30:44+00:00
20260811,20260812,20260813,20260813,0,603797.SH,联泰环保,环境治理,2→3,15.0,5.05,4.98,4.98,11078407.68,tushare_stk_auction_o,4.81,-0.013861386138613763,-0.03413654618473905,-0.038636546184739044,0,1,0,1,1,1,0,,10.0,market_proxy_buyable,fixed_open_0930,tplus1_open_0930_v1,,,09:30,tushare_compact_backfill,decision_v11_tplus1_open0930_strict_calendar_no_future,,,,,,,,,,,,,2.0,2.0,,,0.10021786492374729,0.08496732026143784,0.0806100217864924,11.965583398689521,2.0,573.6333333333333,577.3333333333334,16.404434596819275,0.08467814012065811,0.004572834316666487,0.054924999999999995,2.57,21.79205658779934,0.0006359396727276381,3.4342355118273916e-05,,,,0.595955948727207,-0.006831,0.29156887524823977,0.10983648495295319,-0.004538762143528674,0.6875587590097149,0.027264180507677843,0.020996552804763396,4.02535169073515,1.6094379124341003,2.4159137783010487,0.3037974683544304,0.33962264150943394,0.004213760416666668,0.40625,0.00874599126735312,0.3333333333333333,0.04378782484870061,0.3544357222930313,0.952745083182805,0.45952399149381457,-0.1321886049788153,1.0,-0.1784008805915051,EBB,退潮,0.3739932387966155,0.6944867656979856,0.3333333333333333,0.48778256249999996,0.4054901663656101,3191.0,55.0,4.0,79.0,24.0,18.0,96.0,0.2857142857142857,7.0,0.5,2.0,9.0,6.0,0.1070488649237473,0.0,,,,,,,,0.10021786492374729,-0.013861386138613763,2.0,1.0,0.6868556457647065,0.017463870872931775,0.01241359853293833,-9.083333333333371,0.0,0.008168999999999996,0.2577338070616868,-0.06421795492390225,0.0,0.0,0.0,0.0,0.0,STABLE_STRONG,持续强势,路径强度0.67→0.69；竞价斜率+1.24pct/板；首封每板提前9分钟；炸板变化+0.0/板,0.017073170731707332,0.029629629629629672,0.007197670356646535,0.0,2.0,6.0,0.21103117505995206,1.80005827204275,,,11.0,13.0,6.0,1.0,0.20754716981132076,0.3137254901960784,51.0,,,,,,,,,2026-08-23T03:30:44+00:00
20260811,20260812,20260813,20260813,0,001258.SZ,立新能源,电力,2→3,16.0,15.93,15.45,15.47,91401779.2,tushare_stk_auction_o,15.05,-0.030131826741996215,-0.025889967637540368,-0.030389967637540368,0,1,0,1,1,1,0,,10.0,market_proxy_buyable,fixed_open_0930,tplus1_open_0930_v1,,,09:30,tushare_compact_backfill,decision_v11_tplus1_open0930_strict_calendar_no_future,,,,,,,,,,,,,2.0,1.0,,,0.10013812154696122,0.19544198895027623,0.13328729281767954,15.104464724292226,1.0,609.15,894.95,15.690495817325594,0.0017968429600781822,0.0004385797627751842,0.261105,1.57,23.42246452758406,2.755588967108523e-05,6.725938673281643e-06,,,,0.982307275681531,-0.006831,0.29156887524823977,0.10983648495295319,-0.004538762143528674,0.6875587590097149,0.027264180507677843,0.020996552804763396,4.02535169073515,1.6094379124341003,2.4159137783010487,0.3037974683544304,0.33962264150943394,0.004213760416666668,0.40625,0.00874599126735312,0.3333333333333333,0.04378782484870061,0.3544357222930313,0.952745083182805,0.45952399149381457,-0.1321886049788153,1.0,-0.1784008805915051,EBB,退潮,0.3739932387966155,0.6944867656979856,0.3333333333333333,0.48778256249999996,0.4054901663656101,3191.0,55.0,4.0,79.0,24.0,18.0,96.0,0.2857142857142857,7.0,0.5,2.0,9.0,6.0,0.10696912154696123,0.0,,,,,,,,0.10013812154696122,-0.030131826741996215,2.0,1.0,0.3816374138887567,-0.17892638370978664,-0.05290601017649321,37.44999999999993,-7.0,0.07216799999999998,0.3647636785011201,-0.03055668720175858,0.0,0.0,0.0,0.0,0.0,MIXED,路径混合,路径强度0.56→0.38；竞价斜率-5.29pct/板；首封每板推迟37分钟；炸板变化-7.0/板,0.07957342083675156,-0.017910447761193993,0.07349155426063798,0.0,2.0,6.0,0.21048632218844987,2.829087196145044,,,11.0,13.0,6.0,1.0,0.20754716981132076,0.3137254901960784,51.0,,,,,,,,,2026-08-23T03:30:44+00:00
20260811,20260812,20260813,20260813,0,600667.SH,太极实业,工程咨询,1→2,17.0,21.2,21.52,21.98,268133621.76,tushare_stk_auction_o,22.8,0.015094339622641506,0.059479553903345916,0.05497955390334592,1,0,0,1,0,0,0,,10.0,auction_daily_open_conflict,fixed_open_0930,tplus1_open_0930_v1,,,09:30,tushare_compact_backfill,decision_v11_tplus1_open0930_strict_calendar_no_future,,,,,,,,,,,,,1.0,0.0,,,0.10015568240788797,0.12454592631032686,0.12247016087182146,15.6821844538361,0.0,636.0666666666667,636.0666666666667,19.654473600857024,0.05310596750436171,0.007745098411302514,0.152932,0.82,24.515168696731468,1.5463717141506204e-05,2.2552646471542837e-06,,,,0.9933200938797617,-0.006831,0.29156887524823977,0.10983648495295319,-0.004538762143528674,0.6875587590097149,0.027264180507677843,0.020996552804763396,4.02535169073515,1.6094379124341003,2.4159137783010487,0.3037974683544304,0.33962264150943394,0.004213760416666668,0.40625,0.00874599126735312,0.3333333333333333,0.04378782484870061,0.3544357222930313,0.952745083182805,0.45952399149381457,-0.1321886049788153,1.0,-0.1784008805915051,EBB,退潮,0.3739932387966155,0.6944867656979856,0.3333333333333333,0.48778256249999996,0.4054901663656101,3191.0,55.0,4.0,79.0,24.0,18.0,96.0,0.2857142857142857,7.0,0.5,2.0,9.0,6.0,0.10698668240788797,0.0,,,,,,,,0.10015568240788797,0.015094339622641506,1.0,1.0,0.6374472295264487,,,,,,,,0.0,0.0,0.0,0.0,0.0,INSUFFICIENT,路径数据不足,连续涨停路径数据不足,,,,,,,,,,,38.0,13.0,6.0,2.0,0.7169811320754716,0.17955801104972377,362.0,,,,,,,,,2026-08-23T03:30:44+00:00
20260811,20260812,20260813,20260813,0,603087.SH,甘李药业,生物制品,1→2,18.0,74.47,75.6,75.6,72394557.44,tushare_stk_auction_o,74.7,0.01517389552840065,-0.01190476190476164,-0.01640476190476164,0,0,0,1,1,1,0,,10.0,market_proxy_buyable,fixed_open_0930,tplus1_open_0930_v1,,,09:30,tushare_compact_backfill,decision_v11_tplus1_open0930_strict_calendar_no_future,,,,,,,,,,,,,1.0,0.0,,,0.09999999999999987,0.04150664697193504,0.0,14.020106345255948,0.0,573.9666666666667,573.9666666666667,19.44419194389996,0.22680404573397245,0.006659464757002012,0.029514,1.56,24.455908104806518,8.149773379577625e-05,2.392952401850428e-06,,,,0.926882108683878,-0.006831,0.29156887524823977,0.10983648495295319,-0.004538762143528674,0.6875587590097149,0.027264180507677843,0.020996552804763396,4.02535169073515,1.6094379124341003,2.4159137783010487,0.3037974683544304,0.33962264150943394,0.004213760416666668,0.40625,0.00874599126735312,0.3333333333333333,0.04378782484870061,0.3544357222930313,0.952745083182805,0.45952399149381457,-0.1321886049788153,1.0,-0.1784008805915051,EBB,退潮,0.3739932387966155,0.6944867656979856,0.3333333333333333,0.48778256249999996,0.4054901663656101,3191.0,55.0,4.0,79.0,24.0,18.0,96.0,0.2857142857142857,7.0,0.5,2.0,9.0,6.0,0.10683099999999987,0.0,,,,,,,,0.09999999999999987,0.01517389552840065,1.0,1.0,0.9963939393939394,,,,,,,,0.0,0.0,0.0,0.0,0.0,INSUFFICIENT,路径数据不足,连续涨停路径数据不足,,,,,,,,,,,38.0,13.0,6.0,1.0,0.7169811320754716,0.17955801104972377,362.0,,,,,,,,,2026-08-23T03:30:44+00:00
20260811,20260812,20260813,20260813,0,603284.SH,林平发展,造纸,1→2,19.0,44.44,44.44,44.44,6430467.84,tushare_stk_auction_o,44.7,0.0,0.005850585058506219,0.0013505850585062195,1,0,0,1,0,0,0,,10.0,auction_capacity_insufficient,fixed_open_0930,tplus1_open_0930_v1,,,09:30,tushare_compact_backfill,decision_v11_tplus1_open0930_strict_calendar_no_future,,,,,,,,,,,,,1.0,0.0,,,0.10000000000000009,0.1054455445544554,0.10123762376237615,12.229183544456118,0.0,681.9666666666667,681.9666666666667,18.941379139128223,0.8223782723249475,0.20089345810101464,0.251602,2.77,20.546359705033723,0.0004885794432984135,0.00011935190559424677,,,,0.6609496298970934,-0.006831,0.29156887524823977,0.10983648495295319,-0.004538762143528674,0.6875587590097149,0.027264180507677843,0.020996552804763396,4.02535169073515,1.6094379124341003,2.4159137783010487,0.3037974683544304,0.33962264150943394,0.004213760416666668,0.40625,0.00874599126735312,0.3333333333333333,0.04378782484870061,0.3544357222930313,0.952745083182805,0.45952399149381457,-0.1321886049788153,1.0,-0.1784008805915051,EBB,退潮,0.3739932387966155,0.6944867656979856,0.3333333333333333,0.48778256249999996,0.4054901663656101,3191.0,55.0,4.0,79.0,24.0,18.0,96.0,0.2857142857142857,7.0,0.5,2.0,9.0,6.0,0.10683100000000009,0.0,,,,,,,,0.10000000000000009,0.0,1.0,1.0,0.6957368736873689,,,,,,,,0.0,0.0,0.0,0.0,0.0,INSUFFICIENT,路径数据不足,连续涨停路径数据不足,,,,,,,,,,,38.0,13.0,6.0,2.0,0.7169811320754716,0.17955801104972377,362.0,,,,,,,,,2026-08-23T03:30:44+00:00
20260811,20260812,20260813,20260813,0,603179.SH,新泉股份,汽车零部件,1→2,20.0,41.66,41.66,41.66,14060249.6,tushare_stk_auction_o,41.56,0.0,-0.002400384061449823,-0.0069003840614498225,0,0,0,1,1,1,0,,10.0,market_proxy_buyable,fixed_open_0930,tplus1_open_0930_v1,,,09:30,tushare_compact_backfill,decision_v11_tplus1_open0930_strict_calendar_no_future,,,,,,,,,,,,,1.0,1.0,,,0.10007921837866385,0.11513071032479534,0.09743860575653546,14.01626971033218,1.0,793.2833333333333,815.3333333333334,18.920391574622116,0.13484455544577026,0.0055396632228291555,0.042660000000000003,1.62,24.116213138762443,8.181101148464289e-05,3.360947351902488e-06,,,,0.9263404946741289,-0.006831,0.29156887524823977,0.10983648495295319,-0.004538762143528674,0.6875587590097149,0.027264180507677843,0.020996552804763396,4.02535169073515,1.6094379124341003,2.4159137783010487,0.3037974683544304,0.33962264150943394,0.004213760416666668,0.40625,0.00874599126735312,0.3333333333333333,0.04378782484870061,0.3544357222930313,0.952745083182805,0.45952399149381457,-0.1321886049788153,1.0,-0.1784008805915051,EBB,退潮,0.3739932387966155,0.6944867656979856,0.3333333333333333,0.48778256249999996,0.4054901663656101,3191.0,55.0,4.0,79.0,24.0,18.0,96.0,0.2857142857142857,7.0,0.5,2.0,9.0,6.0,0.10691021837866385,0.0,,,,,,,,0.10007921837866385,0.0,1.0,1.0,0.5022921963700329,,,,,,,,0.0,0.0,0.0,0.0,0.0,INSUFFICIENT,路径数据不足,连续涨停路径数据不足,,,,,,,,,,,38.0,13.0,6.0,4.0,0.7169811320754716,0.17955801104972377,362.0,,,,,,,,,2026-08-23T03:30:44+00:00
20260811,20260812,20260813,20260813,0,002229.SZ,鸿博股份,IT服务Ⅱ,1→2,21.0,11.74,12.91,12.87,155995453.44,tushare_stk_auction_o,13.79,0.09965928449744466,0.06816421378776139,0.06366421378776138,1,0,1,1,0,0,0,,10.0,auction_daily_open_conflict,fixed_open_0930,tplus1_open_0930_v1,,,09:30,tushare_compact_backfill,decision_v11_tplus1_open0930_strict_calendar_no_future,,,,,,,,,,,,,1.0,1.0,,,0.10028116213683225,0.11621368322399252,0.09934395501405816,13.641555424053767,1.0,590.9,608.75,18.730947489337776,0.16229136143074607,0.02355562167029027,0.148417,2.05,22.479338257070662,0.00011900035890508246,1.7272191250875956e-05,,,,0.8898718180176928,-0.006831,0.29156887524823977,0.10983648495295319,-0.004538762143528674,0.6875587590097149,0.027264180507677843,0.020996552804763396,4.02535169073515,1.6094379124341003,2.4159137783010487,0.3037974683544304,0.33962264150943394,0.004213760416666668,0.40625,0.00874599126735312,0.3333333333333333,0.04378782484870061,0.3544357222930313,0.952745083182805,0.45952399149381457,-0.1321886049788153,1.0,-0.1784008805915051,EBB,退潮,0.3739932387966155,0.6944867656979856,0.3333333333333333,0.48778256249999996,0.4054901663656101,3191.0,55.0,4.0,79.0,24.0,18.0,96.0,0.2857142857142857,7.0,0.5,2.0,9.0,6.0,0.10711216213683225,0.0,,,,,,,,0.10028116213683225,0.09965928449744466,1.0,1.0,0.6828691588785044,,,,,,,,0.0,0.0,0.0,0.0,0.0,INSUFFICIENT,路径数据不足,连续涨停路径数据不足,,,,,,,,,,,38.0,13.0,6.0,2.0,0.7169811320754716,0.17955801104972377,362.0,,,,,,,,,2026-08-23T03:30:44+00:00
20260811,20260812,20260813,20260813,0,002585.SZ,双星新材,塑料,1→2,22.0,10.52,10.9,10.96,140748462.08,tushare_stk_auction_o,11.21,0.03612167300380231,0.028440366972477094,0.023940366972477093,1,0,0,1,0,0,0,,10.0,auction_daily_open_conflict,fixed_open_0930,tplus1_open_0930_v1,,,09:30,tushare_compact_backfill,decision_v11_tplus1_open0930_strict_calendar_no_future,,,,,,,,,,,,,1.0,0.0,,,0.10041841004184082,0.11610878661087859,0.11610878661087859,13.342274701447431,0.0,572.6,572.6,18.730548433006962,0.2188256602783484,0.014613477973317539,0.068077,0.5,22.956359453029048,0.000160518252569024,1.0719629248457709e-05,,,,0.8562917494132515,-0.006831,0.29156887524823977,0.10983648495295319,-0.004538762143528674,0.6875587590097149,0.027264180507677843,0.020996552804763396,4.02535169073515,1.6094379124341003,2.4159137783010487,0.3037974683544304,0.33962264150943394,0.004213760416666668,0.40625,0.00874599126735312,0.3333333333333333,0.04378782484870061,0.3544357222930313,0.952745083182805,0.45952399149381457,-0.1321886049788153,1.0,-0.1784008805915051,EBB,退潮,0.3739932387966155,0.6944867656979856,0.3333333333333333,0.48778256249999996,0.4054901663656101,3191.0,55.0,4.0,79.0,24.0,18.0,96.0,0.2857142857142857,7.0,0.5,2.0,9.0,6.0,0.10724941004184083,0.0,,,,,,,,0.10041841004184082,0.03612167300380231,1.0,1.0,0.7663863636363635,,,,,,,,0.0,0.0,0.0,0.0,0.0,INSUFFICIENT,路径数据不足,连续涨停路径数据不足,,,,,,,,,,,38.0,13.0,6.0,1.0,0.7169811320754716,0.17955801104972377,362.0,,,,,,,,,2026-08-23T03:30:44+00:00
20260811,20260812,20260813,20260813,0,600863.SH,华能蒙电,电力,1→2,23.0,5.18,5.18,5.18,53157678.08,tushare_stk_auction_o,5.13,0.0,-0.009652509652509633,-0.014152509652509634,0,0,0,1,1,1,0,,10.0,market_proxy_buyable,fixed_open_0930,tplus1_open_0930_v1,,,09:30,tushare_compact_backfill,decision_v11_tplus1_open0930_strict_calendar_no_future,,,,,,,,,,,,,1.0,0.0,,,0.0997876857749469,0.10615711252653928,0.09978768577494687,13.91308550669683,0.0,597.5666666666667,597.5666666666667,18.70480402390747,0.12050839445093584,0.003929680681634891,0.033467,2.0,24.244001124304752,9.070351781766117e-05,2.957767907774339e-06,,,,0.9151471384726485,-0.006831,0.29156887524823977,0.10983648495295319,-0.004538762143528674,0.6875587590097149,0.027264180507677843,0.020996552804763396,4.02535169073515,1.6094379124341003,2.4159137783010487,0.3037974683544304,0.33962264150943394,0.004213760416666668,0.40625,0.00874599126735312,0.3333333333333333,0.04378782484870061,0.3544357222930313,0.952745083182805,0.45952399149381457,-0.1321886049788153,1.0,-0.1784008805915051,EBB,退潮,0.3739932387966155,0.6944867656979856,0.3333333333333333,0.48778256249999996,0.4054901663656101,3191.0,55.0,4.0,79.0,24.0,18.0,96.0,0.2857142857142857,7.0,0.5,2.0,9.0,6.0,0.1066186857749469,0.0,,,,,,,,0.0997876857749469,0.0,1.0,1.0,0.7749393939393939,,,,,,,,0.0,0.0,0.0,0.0,0.0,INSUFFICIENT,路径数据不足,连续涨停路径数据不足,,,,,,,,,,,38.0,13.0,6.0,2.0,0.7169811320754716,0.17955801104972377,362.0,,,,,,,,,2026-08-23T03:30:44+00:00
20260811,20260812,20260813,20260813,0,600126.SH,杭钢股份,普钢,1→2,24.0,7.37,7.37,7.37,59554022.4,tushare_stk_auction_o,7.23,0.0,-0.018995929443690662,-0.023495929443690663,0,0,0,1,1,1,0,,10.0,market_proxy_buyable,fixed_open_0930,tplus1_open_0930_v1,,,09:30,tushare_compact_backfill,decision_v11_tplus1_open0930_strict_calendar_no_future,,,,,,,,,,,,,1.0,0.0,,,0.10000000000000009,0.08656716417910448,0.023880597014925394,13.925244497945059,0.0,590.6,590.6,18.7027535966037,0.11880814772082605,0.005326964659268586,0.046383,1.44,23.9377272744363,8.960733164033303e-05,4.017696580718101e-06,,,,0.917133056508395,-0.006831,0.29156887524823977,0.10983648495295319,-0.004538762143528674,0.6875587590097149,0.027264180507677843,0.020996552804763396,4.02535169073515,1.6094379124341003,2.4159137783010487,0.3037974683544304,0.33962264150943394,0.004213760416666668,0.40625,0.00874599126735312,0.3333333333333333,0.04378782484870061,0.3544357222930313,0.952745083182805,0.45952399149381457,-0.1321886049788153,1.0,-0.1784008805915051,EBB,退潮,0.3739932387966155,0.6944867656979856,0.3333333333333333,0.48778256249999996,0.4054901663656101,3191.0,55.0,4.0,79.0,24.0,18.0,96.0,0.2857142857142857,7.0,0.5,2.0,9.0,6.0,0.10683100000000009,0.0,,,,,,,,0.10000000000000009,0.0,1.0,1.0,0.9335115332428765,,,,,,,,0.0,0.0,0.0,0.0,0.0,INSUFFICIENT,路径数据不足,连续涨停路径数据不足,,,,,,,,,,,38.0,13.0,6.0,1.0,0.7169811320754716,0.17955801104972377,362.0,,,,,,,,,2026-08-23T03:30:44+00:00
20260811,20260812,20260813,20260813,0,603897.SH,长城科技,电网设备,1→2,25.0,29.14,30.0,30.0,15740999.68,tushare_stk_auction_o,32.04,0.02951269732326689,0.06799999999999984,0.06349999999999983,1,0,1,1,1,1,0,,10.0,market_proxy_buyable,fixed_open_0930,tplus1_open_0930_v1,,,09:30,tushare_compact_backfill,decision_v11_tplus1_open0930_strict_calendar_no_future,,,,,,,,,,,,,1.0,0.0,,,0.10003775009437543,0.11551528878822206,0.10419026047565125,12.66399972718762,0.0,847.6833333333333,847.6833333333333,18.672267733973833,0.4067794588007941,0.021379056075097793,0.055201,1.76,22.517611250626167,0.0003162978035420192,1.6623623273137345e-05,,,,0.7463441054341939,-0.006831,0.29156887524823977,0.10983648495295319,-0.004538762143528674,0.6875587590097149,0.027264180507677843,0.020996552804763396,4.02535169073515,1.6094379124341003,2.4159137783010487,0.3037974683544304,0.33962264150943394,0.004213760416666668,0.40625,0.00874599126735312,0.3333333333333333,0.04378782484870061,0.3544357222930313,0.952745083182805,0.45952399149381457,-0.1321886049788153,1.0,-0.1784008805915051,EBB,退潮,0.3739932387966155,0.6944867656979856,0.3333333333333333,0.48778256249999996,0.4054901663656101,3191.0,55.0,4.0,79.0,24.0,18.0,96.0,0.2857142857142857,7.0,0.5,2.0,9.0,6.0,0.10686875009437544,0.0,,,,,,,,0.10003775009437543,0.02951269732326689,1.0,1.0,0.5392587192681533,,,,,,,,0.0,0.0,0.0,0.0,0.0,INSUFFICIENT,路径数据不足,连续涨停路径数据不足,,,,,,,,,,,38.0,13.0,6.0,1.0,0.7169811320754716,0.17955801104972377,362.0,,,,,,,,,2026-08-23T03:30:44+00:00
20260811,20260812,20260813,20260813,0,002859.SZ,洁美科技,其他电子,1→2,26.0,81.32,79.0,79.22,60631920.64,tushare_stk_auction_o,79.92,-0.028529267092965993,0.011645569620253315,0.007145569620253316,1,0,0,1,0,0,0,,10.0,auction_daily_open_conflict,fixed_open_0930,tplus1_open_0930_v1,,,09:30,tushare_compact_backfill,decision_v11_tplus1_open0930_strict_calendar_no_future,,,,,,,,,,,,,1.0,1.0,,,0.0999594210739887,0.11010415257676161,0.09995942107398871,14.234941353221949,1.0,588.25,592.55,18.657112928969237,0.08327698531097702,0.00363680765940597,0.04519,0.84,24.273761919887853,6.574213519473546e-05,2.871039338529e-06,,,,0.9434916049828489,-0.006831,0.29156887524823977,0.10983648495295319,-0.004538762143528674,0.6875587590097149,0.027264180507677843,0.020996552804763396,4.02535169073515,1.6094379124341003,2.4159137783010487,0.3037974683544304,0.33962264150943394,0.004213760416666668,0.40625,0.00874599126735312,0.3333333333333333,0.04378782484870061,0.3544357222930313,0.952745083182805,0.45952399149381457,-0.1321886049788153,1.0,-0.1784008805915051,EBB,退潮,0.3739932387966155,0.6944867656979856,0.3333333333333333,0.48778256249999996,0.4054901663656101,3191.0,55.0,4.0,79.0,24.0,18.0,96.0,0.2857142857142857,7.0,0.5,2.0,9.0,6.0,0.1067904210739887,0.0,,,,,,,,0.0999594210739887,-0.028529267092965993,1.0,1.0,0.6662162046839754,,,,,,,,0.0,0.0,0.0,0.0,0.0,INSUFFICIENT,路径数据不足,连续涨停路径数据不足,,,,,,,,,,,38.0,13.0,6.0,1.0,0.7169811320754716,0.17955801104972377,362.0,,,,,,,,,2026-08-23T03:30:44+00:00
20260811,20260812,20260813,20260813,0,603883.SH,老百姓,医药商业,1→2,27.0,14.01,14.09,14.09,25588848.64,tushare_stk_auction_o,13.65,0.005710206995003464,-0.031227821149751533,-0.03572782114975153,0,1,0,1,1,1,0,,10.0,market_proxy_buyable,fixed_open_0930,tplus1_open_0930_v1,,,09:30,tushare_compact_backfill,decision_v11_tplus1_open0930_strict_calendar_no_future,,,,,,,,,,,,,1.0,1.0,,,0.09968602825745676,0.07770800627943486,0.06828885400313965,13.00806652245231,1.0,580.3,582.05,18.549739410082104,0.25510497001171994,0.010701197077638537,0.042765000000000004,2.89,23.087139068744097,0.00022421747473508525,9.405521912334184e-06,,,,0.806824336522838,-0.006831,0.29156887524823977,0.10983648495295319,-0.004538762143528674,0.6875587590097149,0.027264180507677843,0.020996552804763396,4.02535169073515,1.6094379124341003,2.4159137783010487,0.3037974683544304,0.33962264150943394,0.004213760416666668,0.40625,0.00874599126735312,0.3333333333333333,0.04378782484870061,0.3544357222930313,0.952745083182805,0.45952399149381457,-0.1321886049788153,1.0,-0.1784008805915051,EBB,退潮,0.3739932387966155,0.6944867656979856,0.3333333333333333,0.48778256249999996,0.4054901663656101,3191.0,55.0,4.0,79.0,24.0,18.0,96.0,0.2857142857142857,7.0,0.5,2.0,9.0,6.0,0.10651702825745676,0.0,,,,,,,,0.09968602825745676,0.005710206995003464,1.0,1.0,0.7536284896206157,,,,,,,,0.0,0.0,0.0,0.0,0.0,INSUFFICIENT,路径数据不足,连续涨停路径数据不足,,,,,,,,,,,38.0,13.0,6.0,1.0,0.7169811320754716,0.17955801104972377,362.0,,,,,,,,,2026-08-23T03:30:44+00:00
20260811,20260812,20260813,20260813,0,002212.SZ,天融信,软件开发,1→2,28.0,7.17,6.95,6.95,27683560.96,tushare_stk_auction_o,6.94,-0.030683403068340276,-0.0014388489208631006,-0.0059388489208631,0,0,0,1,1,1,0,,10.0,market_proxy_buyable,fixed_open_0930,tplus1_open_0930_v1,,,09:30,tushare_compact_backfill,decision_v11_tplus1_open0930_strict_calendar_no_future,,,,,,,,,,,,,1.0,0.0,,,0.09969325153374231,0.10429447852760733,0.08742331288343563,13.115062982187688,0.0,574.05,574.05,18.508887765041294,0.22004383670746688,0.013054970369127589,0.060719,0.7,22.84747410253405,0.0002014658266734372,1.1952756491471718e-05,,,,0.8236143708250587,-0.006831,0.29156887524823977,0.10983648495295319,-0.004538762143528674,0.6875587590097149,0.027264180507677843,0.020996552804763396,4.02535169073515,1.6094379124341003,2.4159137783010487,0.3037974683544304,0.33962264150943394,0.004213760416666668,0.40625,0.00874599126735312,0.3333333333333333,0.04378782484870061,0.3544357222930313,0.952745083182805,0.45952399149381457,-0.1321886049788153,1.0,-0.1784008805915051,EBB,退潮,0.3739932387966155,0.6944867656979856,0.3333333333333333,0.48778256249999996,0.4054901663656101,3191.0,55.0,4.0,79.0,24.0,18.0,96.0,0.2857142857142857,7.0,0.5,2.0,9.0,6.0,0.10652425153374231,0.0,,,,,,,,0.09969325153374231,-0.030683403068340276,1.0,1.0,0.8209335664335664,,,,,,,,0.0,0.0,0.0,0.0,0.0,INSUFFICIENT,路径数据不足,连续涨停路径数据不足,,,,,,,,,,,38.0,13.0,6.0,1.0,0.7169811320754716,0.17955801104972377,362.0,,,,,,,,,2026-08-23T03:30:44+00:00
20260811,20260812,20260813,20260813,0,002235.SZ,安妮股份,造纸,1→2,29.0,9.55,9.54,9.54,14745935.36,tushare_stk_auction_o,9.9,-0.0010471204188483574,0.037735849056603765,0.03323584905660377,1,0,0,1,1,1,0,,10.0,market_proxy_buyable,fixed_open_0930,tplus1_open_0930_v1,,,09:30,tushare_compact_backfill,decision_v11_tplus1_open0930_strict_calendar_no_future,,,,,,,,,,,,,1.0,0.0,,,0.10023041474654382,0.10599078341013825,0.09562211981566822,12.789723245752779,0.0,796.7,796.7,18.390633183688077,0.27067334568271045,0.018355578444698466,0.070918,1.42,22.388454921817246,0.00027892984481503783,1.891548883084958e-05,,,,0.7723415779021484,-0.006831,0.29156887524823977,0.10983648495295319,-0.004538762143528674,0.6875587590097149,0.027264180507677843,0.020996552804763396,4.02535169073515,1.6094379124341003,2.4159137783010487,0.3037974683544304,0.33962264150943394,0.004213760416666668,0.40625,0.00874599126735312,0.3333333333333333,0.04378782484870061,0.3544357222930313,0.952745083182805,0.45952399149381457,-0.1321886049788153,1.0,-0.1784008805915051,EBB,退潮,0.3739932387966155,0.6944867656979856,0.3333333333333333,0.48778256249999996,0.4054901663656101,3191.0,55.0,4.0,79.0,24.0,18.0,96.0,0.2857142857142857,7.0,0.5,2.0,9.0,6.0,0.10706141474654382,0.0,,,,,,,,0.10023041474654382,-0.0010471204188483574,1.0,1.0,0.6031044932079416,,,,,,,,0.0,0.0,0.0,0.0,0.0,INSUFFICIENT,路径数据不足,连续涨停路径数据不足,,,,,,,,,,,38.0,13.0,6.0,2.0,0.7169811320754716,0.17955801104972377,362.0,,,,,,,,,2026-08-23T03:30:44+00:00
20260811,20260812,20260813,20260813,0,603823.SH,百合花,化学制品,1→2,30.0,75.22,75.22,75.22,18045277.44,tushare_stk_auction_o,76.91,0.0,0.022467428875299067,0.017967428875299066,1,0,0,1,1,1,0,,10.0,market_proxy_buyable,fixed_open_0930,tplus1_open_0930_v1,,,09:30,tushare_compact_backfill,decision_v11_tplus1_open0930_strict_calendar_no_future,,,,,,,,,,,,,1.0,0.0,,,0.10002924831822169,0.10690260310032178,0.09300965194501316,14.445891748458195,0.0,831.3833333333333,831.3833333333333,18.388599004379248,0.051558020211875534,0.0030921226237593407,0.062508,1.17,24.167496484732848,5.3238910505306256e-05,3.1929317487609536e-06,,,,0.9541433471745803,-0.006831,0.29156887524823977,0.10983648495295319,-0.004538762143528674,0.6875587590097149,0.027264180507677843,0.020996552804763396,4.02535169073515,1.6094379124341003,2.4159137783010487,0.3037974683544304,0.33962264150943394,0.004213760416666668,0.40625,0.00874599126735312,0.3333333333333333,0.04378782484870061,0.3544357222930313,0.952745083182805,0.45952399149381457,-0.1321886049788153,1.0,-0.1784008805915051,EBB,退潮,0.3739932387966155,0.6944867656979856,0.3333333333333333,0.48778256249999996,0.4054901663656101,3191.0,55.0,4.0,79.0,24.0,18.0,96.0,0.2857142857142857,7.0,0.5,2.0,9.0,6.0,0.10686024831822169,0.0,,,,,,,,0.10002924831822169,0.0,1.0,1.0,0.5158920271019303,,,,,,,,0.0,0.0,0.0,0.0,0.0,INSUFFICIENT,路径数据不足,连续涨停路径数据不足,,,,,,,,,,,38.0,13.0,6.0,2.0,0.7169811320754716,0.17955801104972377,362.0,,,,,,,,,2026-08-23T03:30:44+00:00
20260811,20260812,20260813,20260813,0,600611.SH,大众交通,铁路公路,1→2,32.0,5.02,5.12,5.12,44883712.0,tushare_stk_auction_o,5.08,0.019920318725099806,-0.0078125,-0.0123125,0,0,0,1,1,1,0,,10.0,market_proxy_buyable,fixed_open_0930,tplus1_open_0930_v1,,,09:30,tushare_compact_backfill,decision_v11_tplus1_open0930_strict_calendar_no_future,,,,,,,,,,,,,1.0,4.0,,,0.10087719298245612,0.11403508771929816,0.10526315789473675,13.7977175317665,4.0,579.8666666666667,891.2666666666667,18.32160112874443,0.09219303736061288,0.011540368429706403,0.127592,1.61,22.783505209924417,0.0001017953308615364,1.2742346452595312e-05,,,,0.9050370102906662,-0.006831,0.29156887524823977,0.10983648495295319,-0.004538762143528674,0.6875587590097149,0.027264180507677843,0.020996552804763396,4.02535169073515,1.6094379124341003,2.4159137783010487,0.3037974683544304,0.33962264150943394,0.004213760416666668,0.40625,0.00874599126735312,0.3333333333333333,0.04378782484870061,0.3544357222930313,0.952745083182805,0.45952399149381457,-0.1321886049788153,1.0,-0.1784008805915051,EBB,退潮,0.3739932387966155,0.6944867656979856,0.3333333333333333,0.48778256249999996,0.4054901663656101,3191.0,55.0,4.0,79.0,24.0,18.0,96.0,0.2857142857142857,7.0,0.5,2.0,9.0,6.0,0.10770819298245612,0.0,,,,,,,,0.10087719298245612,0.019920318725099806,1.0,1.0,0.6146595014487339,,,,,,,,0.0,0.0,0.0,0.0,0.0,INSUFFICIENT,路径数据不足,连续涨停路径数据不足,,,,,,,,,,,38.0,13.0,6.0,1.0,0.7169811320754716,0.17955801104972377,362.0,,,,,,,,,2026-08-23T03:30:44+00:00
20260811,20260812,20260813,20260813,0,002687.SZ,乔治白,服装家纺,1→2,33.0,5.98,6.24,6.28,14240582.4,tushare_stk_auction_o,6.23,0.04347826086956519,-0.001602564102564208,-0.0061025641025642076,0,0,0,1,0,0,0,,10.0,auction_daily_open_conflict,fixed_open_0930,tplus1_open_0930_v1,,,09:30,tushare_compact_backfill,decision_v11_tplus1_open0930_strict_calendar_no_future,,,,,,,,,,,,,1.0,0.0,,,0.09926470588235303,0.11397058823529413,0.09926470588235294,12.043689824710368,0.0,583.3,583.3,18.233492881877964,0.48775290088690804,0.033545979142629086,0.070103,1.57,21.628331139688044,0.0005881586950970033,4.0451546843500484e-05,,,,0.6170788951074201,-0.006831,0.29156887524823977,0.10983648495295319,-0.004538762143528674,0.6875587590097149,0.027264180507677843,0.020996552804763396,4.02535169073515,1.6094379124341003,2.4159137783010487,0.3037974683544304,0.33962264150943394,0.004213760416666668,0.40625,0.00874599126735312,0.3333333333333333,0.04378782484870061,0.3544357222930313,0.952745083182805,0.45952399149381457,-0.1321886049788153,1.0,-0.1784008805915051,EBB,退潮,0.3739932387966155,0.6944867656979856,0.3333333333333333,0.48778256249999996,0.4054901663656101,3191.0,55.0,4.0,79.0,24.0,18.0,96.0,0.2857142857142857,7.0,0.5,2.0,9.0,6.0,0.10609570588235304,0.0,,,,,,,,0.09926470588235303,0.04347826086956519,1.0,1.0,0.787909090909091,,,,,,,,0.0,0.0,0.0,0.0,0.0,INSUFFICIENT,路径数据不足,连续涨停路径数据不足,,,,,,,,,,,38.0,13.0,6.0,2.0,0.7169811320754716,0.17955801104972377,362.0,,,,,,,,,2026-08-23T03:30:44+00:00
20260811,20260812,20260813,20260813,0,002685.SZ,华东重机,工程机械,1→2,34.0,6.07,5.91,5.95,26901952.0,tushare_stk_auction_o,6.12,-0.02635914332784184,0.035532994923857864,0.031032994923857863,1,0,0,1,0,0,0,,10.0,auction_daily_open_conflict,fixed_open_0930,tplus1_open_0930_v1,,,09:30,tushare_compact_backfill,decision_v11_tplus1_open0930_strict_calendar_no_future,,,,,,,,,,,,,1.0,1.0,,,0.0996376811594204,0.10326086956521745,0.09963768115942043,12.737486853030003,1.0,582.45,583.25,18.166498706579265,0.2279245749423769,0.012680968991462142,0.056884,2.13,22.53415160785651,0.00029388743293136117,1.6350924093749836e-05,,,,0.7609676836974183,-0.006831,0.29156887524823977,0.10983648495295319,-0.004538762143528674,0.6875587590097149,0.027264180507677843,0.020996552804763396,4.02535169073515,1.6094379124341003,2.4159137783010487,0.3037974683544304,0.33962264150943394,0.004213760416666668,0.40625,0.00874599126735312,0.3333333333333333,0.04378782484870061,0.3544357222930313,0.952745083182805,0.45952399149381457,-0.1321886049788153,1.0,-0.1784008805915051,EBB,退潮,0.3739932387966155,0.6944867656979856,0.3333333333333333,0.48778256249999996,0.4054901663656101,3191.0,55.0,4.0,79.0,24.0,18.0,96.0,0.2857142857142857,7.0,0.5,2.0,9.0,6.0,0.1064686811594204,0.0,,,,,,,,0.0996376811594204,-0.02635914332784184,1.0,1.0,0.6886818181818182,,,,,,,,0.0,0.0,0.0,0.0,0.0,INSUFFICIENT,路径数据不足,连续涨停路径数据不足,,,,,,,,,,,38.0,13.0,6.0,1.0,0.7169811320754716,0.17955801104972377,362.0,,,,,,,,,2026-08-23T03:30:44+00:00
20260811,20260812,20260813,20260813,0,002246.SZ,北化股份,化学制品,1→2,35.0,22.47,22.07,22.03,19250645.76,tushare_stk_auction_o,22.1,-0.017801513128615887,0.001359311282283615,-0.0031406887177163846,0,0,0,1,0,0,0,,10.0,auction_daily_open_conflict,fixed_open_0930,tplus1_open_0930_v1,,,09:30,tushare_compact_backfill,decision_v11_tplus1_open0930_strict_calendar_no_future,,,,,,,,,,,,,1.0,0.0,,,0.09985315712187948,0.10768477728830149,0.09985315712187955,13.341482550849884,0.0,646.1,646.1,18.136743331501556,0.12093610851315278,0.006102174215769097,0.052045,1.93,23.23585346079304,0.00016064545647997633,8.10582194569254e-06,,,,0.8561112114100018,-0.006831,0.29156887524823977,0.10983648495295319,-0.004538762143528674,0.6875587590097149,0.027264180507677843,0.020996552804763396,4.02535169073515,1.6094379124341003,2.4159137783010487,0.3037974683544304,0.33962264150943394,0.004213760416666668,0.40625,0.00874599126735312,0.3333333333333333,0.04378782484870061,0.3544357222930313,0.952745083182805,0.45952399149381457,-0.1321886049788153,1.0,-0.1784008805915051,EBB,退潮,0.3739932387966155,0.6944867656979856,0.3333333333333333,0.48778256249999996,0.4054901663656101,3191.0,55.0,4.0,79.0,24.0,18.0,96.0,0.2857142857142857,7.0,0.5,2.0,9.0,6.0,0.10668415712187948,0.0,,,,,,,,0.09985315712187948,-0.017801513128615887,1.0,1.0,0.7308181818181818,,,,,,,,0.0,0.0,0.0,0.0,0.0,INSUFFICIENT,路径数据不足,连续涨停路径数据不足,,,,,,,,,,,38.0,13.0,6.0,2.0,0.7169811320754716,0.17955801104972377,362.0,,,,,,,,,2026-08-23T03:30:44+00:00
20260811,20260812,20260813,20260813,0,600162.SH,香江控股,房地产开发,1→2,37.0,4.29,4.7,4.7,22937410.56,tushare_stk_auction_o,4.97,0.09557109557109555,0.0574468085106381,0.052946808510638106,1,0,1,1,1,1,0,,10.0,market_proxy_buyable,fixed_open_0930,tplus1_open_0930_v1,,,09:30,tushare_compact_backfill,decision_v11_tplus1_open0930_strict_calendar_no_future,,,,,,,,,,,,,1.0,0.0,,,0.10000000000000009,0.1102564102564103,0.1102564102564103,12.900111785675868,0.0,580.5,580.5,18.09552087059295,0.18044239513910942,0.005152135730057071,0.029399,0.42,23.363864802229088,0.0002497777377778158,7.131853943668851e-06,,,,0.7898537642173677,-0.006831,0.29156887524823977,0.10983648495295319,-0.004538762143528674,0.6875587590097149,0.027264180507677843,0.020996552804763396,4.02535169073515,1.6094379124341003,2.4159137783010487,0.3037974683544304,0.33962264150943394,0.004213760416666668,0.40625,0.00874599126735312,0.3333333333333333,0.04378782484870061,0.3544357222930313,0.952745083182805,0.45952399149381457,-0.1321886049788153,1.0,-0.1784008805915051,EBB,退潮,0.3739932387966155,0.6944867656979856,0.3333333333333333,0.48778256249999996,0.4054901663656101,3191.0,55.0,4.0,79.0,24.0,18.0,96.0,0.2857142857142857,7.0,0.5,2.0,9.0,6.0,0.10683100000000009,0.0,,,,,,,,0.10000000000000009,0.09557109557109555,1.0,1.0,0.769941724941725,,,,,,,,0.0,0.0,0.0,0.0,0.0,INSUFFICIENT,路径数据不足,连续涨停路径数据不足,,,,,,,,,,,38.0,13.0,6.0,1.0,0.7169811320754716,0.17955801104972377,362.0,,,,,,,,,2026-08-23T03:30:44+00:00
20260811,20260812,20260813,20260813,0,002031.SZ,巨轮智能,专用设备,1→2,38.0,5.84,6.3,6.31,223938621.44,tushare_stk_auction_o,6.64,0.07876712328767121,0.053968253968253777,0.04946825396825378,1,0,1,1,1,1,0,,10.0,market_proxy_buyable,fixed_open_0930,tplus1_open_0930_v1,,,09:30,tushare_compact_backfill,decision_v11_tplus1_open0930_strict_calendar_no_future,,,,,,,,,,,,,1.0,0.0,,,0.09981167608286268,0.12052730696798489,0.11111111111111109,13.600492169605108,0.0,786.4,786.4,18.049543567107186,0.08554586070332576,0.006173742145214057,0.074483,1.46,23.136993671100758,0.00012398862232789888,8.948110135304522e-06,,,,0.8849972919299512,-0.006831,0.29156887524823977,0.10983648495295319,-0.004538762143528674,0.6875587590097149,0.027264180507677843,0.020996552804763396,4.02535169073515,1.6094379124341003,2.4159137783010487,0.3037974683544304,0.33962264150943394,0.004213760416666668,0.40625,0.00874599126735312,0.3333333333333333,0.04378782484870061,0.3544357222930313,0.952745083182805,0.45952399149381457,-0.1321886049788153,1.0,-0.1784008805915051,EBB,退潮,0.3739932387966155,0.6944867656979856,0.3333333333333333,0.48778256249999996,0.4054901663656101,3191.0,55.0,4.0,79.0,24.0,18.0,96.0,0.2857142857142857,7.0,0.5,2.0,9.0,6.0,0.10664267608286268,0.0,,,,,,,,0.09981167608286268,0.07876712328767121,1.0,1.0,0.5659439608115057,,,,,,,,0.0,0.0,0.0,0.0,0.0,INSUFFICIENT,路径数据不足,连续涨停路径数据不足,,,,,,,,,,,38.0,13.0,6.0,3.0,0.7169811320754716,0.17955801104972377,362.0,,,,,,,,,2026-08-23T03:30:44+00:00
20260811,20260812,20260813,20260813,0,603106.SH,恒银科技,计算机设,1→2,39.0,9.34,9.17,9.17,22573788.16,tushare_stk_auction_o,9.5,-0.018201284796573902,0.03598691384950925,0.03148691384950925,1,0,0,1,1,1,0,,10.0,market_proxy_buyable,fixed_open_0930,tplus1_open_0930_v1,,,09:30,tushare_compact_backfill,decision_v11_tplus1_open0930_strict_calendar_no_future,,,,,,,,,,,,,1.0,0.0,,,0.10011778563015317,0.11071849234393398,0.06949352179034156,13.193222204512773,0.0,592.8,592.8,18.033611627232972,0.12651884475347236,0.013967340310817497,0.11513999999999999,0.76,22.304645122319272,0.00018631902616858176,2.0569119564342756e-05,,,,0.834807727026539,-0.006831,0.29156887524823977,0.10983648495295319,-0.004538762143528674,0.6875587590097149,0.027264180507677843,0.020996552804763396,4.02535169073515,1.6094379124341003,2.4159137783010487,0.3037974683544304,0.33962264150943394,0.004213760416666668,0.40625,0.00874599126735312,0.3333333333333333,0.04378782484870061,0.3544357222930313,0.952745083182805,0.45952399149381457,-0.1321886049788153,1.0,-0.1784008805915051,EBB,退潮,0.3739932387966155,0.6944867656979856,0.3333333333333333,0.48778256249999996,0.4054901663656101,3191.0,55.0,4.0,79.0,24.0,18.0,96.0,0.2857142857142857,7.0,0.5,2.0,9.0,6.0,0.10694878563015317,0.0,,,,,,,,0.10011778563015317,-0.018201284796573902,1.0,1.0,0.8404491978609625,,,,,,,,0.0,0.0,0.0,0.0,0.0,INSUFFICIENT,路径数据不足,连续涨停路径数据不足,,,,,,,,,,,38.0,13.0,6.0,1.0,0.7169811320754716,0.17955801104972377,362.0,,,,,,,,,2026-08-23T03:30:44+00:00
20260811,20260812,20260813,20260813,0,002194.SZ,武汉凡谷,通信设备,1→2,40.0,11.0,10.8,10.72,29079528.96,tushare_stk_auction_o,11.14,-0.018181818181818077,0.031481481481481444,0.026981481481481443,1,0,0,1,0,0,0,,10.0,auction_daily_open_conflict,fixed_open_0930,tplus1_open_0930_v1,,,09:30,tushare_compact_backfill,decision_v11_tplus1_open0930_strict_calendar_no_future,,,,,,,,,,,,,1.0,0.0,,,0.10000000000000009,0.09900000000000002,0.09900000000000002,13.569680293145156,0.0,653.15,653.15,18.01314902687817,0.08506962189739052,0.011838607137484749,0.146577,1.65,22.449538308886677,0.00012786841591205206,1.779464757820585e-05,,,,0.8813865318649575,-0.006831,0.29156887524823977,0.10983648495295319,-0.004538762143528674,0.6875587590097149,0.027264180507677843,0.020996552804763396,4.02535169073515,1.6094379124341003,2.4159137783010487,0.3037974683544304,0.33962264150943394,0.004213760416666668,0.40625,0.00874599126735312,0.3333333333333333,0.04378782484870061,0.3544357222930313,0.952745083182805,0.45952399149381457,-0.1321886049788153,1.0,-0.1784008805915051,EBB,退潮,0.3739932387966155,0.6944867656979856,0.3333333333333333,0.48778256249999996,0.4054901663656101,3191.0,55.0,4.0,79.0,24.0,18.0,96.0,0.2857142857142857,7.0,0.5,2.0,9.0,6.0,0.10683100000000009,0.0,,,,,,,,0.10000000000000009,-0.018181818181818077,1.0,1.0,0.7112008703728234,,,,,,,,0.0,0.0,0.0,0.0,0.0,INSUFFICIENT,路径数据不足,连续涨停路径数据不足,,,,,,,,,,,38.0,13.0,6.0,1.0,0.7169811320754716,0.17955801104972377,362.0,,,,,,,,,2026-08-23T03:30:44+00:00
20260811,20260812,20260813,20260813,0,002256.SZ,兆新股份,电力,1→2,41.0,3.97,3.88,3.89,20040432.64,tushare_stk_auction_o,3.83,-0.02267002518891692,-0.012886597938144284,-0.017386597938144285,0,0,0,1,1,1,0,,10.0,market_proxy_buyable,fixed_open_0930,tplus1_open_0930_v1,,,09:30,tushare_compact_backfill,decision_v11_tplus1_open0930_strict_calendar_no_future,,,,,,,,,,,,,1.0,0.0,,,0.09972299168975085,0.1135734072022161,0.09695290858725765,12.699383017125736,0.0,577.9,577.9,17.90675704276328,0.18261444164429783,0.007479645043030686,0.04183,1.34,22.802326968431963,0.00030530179277609066,1.250475603355641e-05,,,,0.7530240115544322,-0.006831,0.29156887524823977,0.10983648495295319,-0.004538762143528674,0.6875587590097149,0.027264180507677843,0.020996552804763396,4.02535169073515,1.6094379124341003,2.4159137783010487,0.3037974683544304,0.33962264150943394,0.004213760416666668,0.40625,0.00874599126735312,0.3333333333333333,0.04378782484870061,0.3544357222930313,0.952745083182805,0.45952399149381457,-0.1321886049788153,1.0,-0.1784008805915051,EBB,退潮,0.3739932387966155,0.6944867656979856,0.3333333333333333,0.48778256249999996,0.4054901663656101,3191.0,55.0,4.0,79.0,24.0,18.0,96.0,0.2857142857142857,7.0,0.5,2.0,9.0,6.0,0.10655399168975085,0.0,,,,,,,,0.09972299168975085,-0.02267002518891692,1.0,1.0,0.7983737373737374,,,,,,,,0.0,0.0,0.0,0.0,0.0,INSUFFICIENT,路径数据不足,连续涨停路径数据不足,,,,,,,,,,,38.0,13.0,6.0,2.0,0.7169811320754716,0.17955801104972377,362.0,,,,,,,,,2026-08-23T03:30:44+00:00
20260811,20260812,20260813,20260813,0,603012.SH,创力集团,专用设备,1→2,42.0,8.94,9.0,9.0,15077699.84,tushare_stk_auction_o,8.98,0.006711409395973256,-0.0022222222222221255,-0.006722222222222125,0,0,0,1,1,1,0,,10.0,market_proxy_buyable,fixed_open_0930,tplus1_open_0930_v1,,,09:30,tushare_compact_backfill,decision_v11_tplus1_open0930_strict_calendar_no_future,,,,,,,,,,,,,1.0,3.0,,,0.09963099630996286,0.12054120541205406,0.08241082410824106,13.142472604752733,3.0,649.45,900.0,17.895899812944418,0.11598132045225938,0.010237277648878577,0.09122400000000001,1.83,22.477619345534627,0.00019601870639446265,1.7301906151000656e-05,,,,0.8283083589095505,-0.006831,0.29156887524823977,0.10983648495295319,-0.004538762143528674,0.6875587590097149,0.027264180507677843,0.020996552804763396,4.02535169073515,1.6094379124341003,2.4159137783010487,0.3037974683544304,0.33962264150943394,0.004213760416666668,0.40625,0.00874599126735312,0.3333333333333333,0.04378782484870061,0.3544357222930313,0.952745083182805,0.45952399149381457,-0.1321886049788153,1.0,-0.1784008805915051,EBB,退潮,0.3739932387966155,0.6944867656979856,0.3333333333333333,0.48778256249999996,0.4054901663656101,3191.0,55.0,4.0,79.0,24.0,18.0,96.0,0.2857142857142857,7.0,0.5,2.0,9.0,6.0,0.10646199630996286,0.0,,,,,,,,0.09963099630996286,0.006711409395973256,1.0,1.0,0.6123406285072948,,,,,,,,0.0,0.0,0.0,0.0,0.0,INSUFFICIENT,路径数据不足,连续涨停路径数据不足,,,,,,,,,,,38.0,13.0,6.0,3.0,0.7169811320754716,0.17955801104972377,362.0,,,,,,,,,2026-08-23T03:30:44+00:00
20260811,20260812,20260813,20260813,0,603887.SH,城地香江,IT服务Ⅱ,1→2,43.0,10.32,11.35,11.35,29560688.64,tushare_stk_auction_o,12.49,0.09980620155038755,0.10044052863436126,0.09594052863436126,1,0,1,1,0,0,0,,10.0,opening_auction_limit_up_unconfirmed,fixed_open_0930,tplus1_open_0930_v1,,,09:30,tushare_compact_backfill,decision_v11_tplus1_open0930_strict_calendar_no_future,,,,,,,,,,,,,1.0,0.0,,,0.10021321961620466,0.11940298507462696,0.08955223880597013,12.794802101975757,0.0,618.4833333333333,618.4833333333333,17.89501871974622,0.16405789599647622,0.009515036602744678,0.060281,1.79,22.549900634386287,0.0002775167886556465,1.6095430127857747e-05,,,,0.7730637299151472,-0.006831,0.29156887524823977,0.10983648495295319,-0.004538762143528674,0.6875587590097149,0.027264180507677843,0.020996552804763396,4.02535169073515,1.6094379124341003,2.4159137783010487,0.3037974683544304,0.33962264150943394,0.004213760416666668,0.40625,0.00874599126735312,0.3333333333333333,0.04378782484870061,0.3544357222930313,0.952745083182805,0.45952399149381457,-0.1321886049788153,1.0,-0.1784008805915051,EBB,退潮,0.3739932387966155,0.6944867656979856,0.3333333333333333,0.48778256249999996,0.4054901663656101,3191.0,55.0,4.0,79.0,24.0,18.0,96.0,0.2857142857142857,7.0,0.5,2.0,9.0,6.0,0.10704421961620467,0.0,,,,,,,,0.10021321961620466,0.09980620155038755,1.0,1.0,0.7772008381689232,,,,,,,,0.0,0.0,0.0,0.0,0.0,INSUFFICIENT,路径数据不足,连续涨停路径数据不足,,,,,,,,,,,38.0,13.0,6.0,2.0,0.7169811320754716,0.17955801104972377,362.0,,,,,,,,,2026-08-23T03:30:44+00:00
20260811,20260812,20260813,20260813,0,002721.SZ,金一文化,饰品,1→2,44.0,3.05,2.99,2.98,46428088.32,tushare_stk_auction_o,3.0,-0.01967213114754085,0.0033444816053509463,-0.0011555183946490534,0,0,0,1,1,1,0,,10.0,market_proxy_buyable,fixed_open_0930,tplus1_open_0930_v1,,,09:30,tushare_compact_backfill,decision_v11_tplus1_open0930_strict_calendar_no_future,,,,,,,,,,,,,1.0,0.0,,,0.10108303249097461,0.07942238267148005,0.07942238267148005,13.503849622792071,0.0,571.55,571.55,17.886660799595756,0.08006289504320595,0.007227665850806279,0.09163700000000001,1.23,22.816499919809647,0.00013656934058072954,1.2328776752948973e-05,,,,0.8747066257447192,-0.006831,0.29156887524823977,0.10983648495295319,-0.004538762143528674,0.6875587590097149,0.027264180507677843,0.020996552804763396,4.02535169073515,1.6094379124341003,2.4159137783010487,0.3037974683544304,0.33962264150943394,0.004213760416666668,0.40625,0.00874599126735312,0.3333333333333333,0.04378782484870061,0.3544357222930313,0.952745083182805,0.45952399149381457,-0.1321886049788153,1.0,-0.1784008805915051,EBB,退潮,0.3739932387966155,0.6944867656979856,0.3333333333333333,0.48778256249999996,0.4054901663656101,3191.0,55.0,4.0,79.0,24.0,18.0,96.0,0.2857142857142857,7.0,0.5,2.0,9.0,6.0,0.10791403249097462,0.0,,,,,,,,0.10108303249097461,-0.01967213114754085,1.0,1.0,0.8205993405814765,,,,,,,,0.0,0.0,0.0,0.0,0.0,INSUFFICIENT,路径数据不足,连续涨停路径数据不足,,,,,,,,,,,38.0,13.0,6.0,1.0,0.7169811320754716,0.17955801104972377,362.0,,,,,,,,,2026-08-23T03:30:44+00:00
20260811,20260812,20260813,20260813,0,002047.SZ,宝鹰股份,装修装饰,1→2,45.0,3.56,3.8,3.82,25337530.88,tushare_stk_auction_o,4.26,0.0674157303370786,0.12105263157894752,0.11655263157894752,1,0,1,1,0,0,0,,10.0,auction_daily_open_conflict,fixed_open_0930,tplus1_open_0930_v1,,,09:30,tushare_compact_backfill,decision_v11_tplus1_open0930_strict_calendar_no_future,,,,,,,,,,,,,1.0,0.0,,,0.09876543209876543,0.08950617283950618,0.0648148148148148,11.36995672606488,0.0,579.7,579.7,17.800290315917078,0.6203880085213264,0.009962609876434082,0.016638,0.7,22.409206503430266,0.0011537070389639286,1.8527007264838908e-05,,,,0.44105434193897813,-0.006831,0.29156887524823977,0.10983648495295319,-0.004538762143528674,0.6875587590097149,0.027264180507677843,0.020996552804763396,4.02535169073515,1.6094379124341003,2.4159137783010487,0.3037974683544304,0.33962264150943394,0.004213760416666668,0.40625,0.00874599126735312,0.3333333333333333,0.04378782484870061,0.3544357222930313,0.952745083182805,0.45952399149381457,-0.1321886049788153,1.0,-0.1784008805915051,EBB,退潮,0.3739932387966155,0.6944867656979856,0.3333333333333333,0.48778256249999996,0.4054901663656101,3191.0,55.0,4.0,79.0,24.0,18.0,96.0,0.2857142857142857,7.0,0.5,2.0,9.0,6.0,0.10559643209876543,0.0,,,,,,,,0.09876543209876543,0.0674157303370786,1.0,1.0,0.8599318181818181,,,,,,,,0.0,0.0,0.0,0.0,0.0,INSUFFICIENT,路径数据不足,连续涨停路径数据不足,,,,,,,,,,,38.0,13.0,6.0,3.0,0.7169811320754716,0.17955801104972377,362.0,,,,,,,,,2026-08-23T03:30:44+00:00
20260811,20260812,20260813,20260813,0,600881.SH,亚泰集团,综合Ⅱ,1→2,46.0,1.87,1.89,1.89,14657584.64,tushare_stk_auction_o,2.15,0.010695187165775222,0.13756613756613767,0.13306613756613767,1,0,1,1,1,1,0,,10.0,market_proxy_buyable,fixed_open_0930,tplus1_open_0930_v1,,,09:30,tushare_compact_backfill,decision_v11_tplus1_open0930_strict_calendar_no_future,,,,,,,,,,,,,1.0,0.0,,,0.10000000000000009,0.11176470588235304,0.10000000000000009,12.63361955941065,0.0,666.5833333333334,666.5833333333334,17.78818054731176,0.17322030151220927,0.008789727266432144,0.053125,2.35,22.52235212413018,0.0003260544588155918,1.6544999298429124e-05,,,,0.7407474273334537,-0.006831,0.29156887524823977,0.10983648495295319,-0.004538762143528674,0.6875587590097149,0.027264180507677843,0.020996552804763396,4.02535169073515,1.6094379124341003,2.4159137783010487,0.3037974683544304,0.33962264150943394,0.004213760416666668,0.40625,0.00874599126735312,0.3333333333333333,0.04378782484870061,0.3544357222930313,0.952745083182805,0.45952399149381457,-0.1321886049788153,1.0,-0.1784008805915051,EBB,退潮,0.3739932387966155,0.6944867656979856,0.3333333333333333,0.48778256249999996,0.4054901663656101,3191.0,55.0,4.0,79.0,24.0,18.0,96.0,0.2857142857142857,7.0,0.5,2.0,9.0,6.0,0.10683100000000009,0.0,,,,,,,,0.10000000000000009,0.010695187165775222,1.0,1.0,0.7121969696969697,,,,,,,,0.0,0.0,0.0,0.0,0.0,INSUFFICIENT,路径数据不足,连续涨停路径数据不足,,,,,,,,,,,38.0,13.0,6.0,1.0,0.7169811320754716,0.17955801104972377,362.0,,,,,,,,,2026-08-23T03:30:44+00:00
20260811,20260812,20260813,20260813,0,605288.SH,凯迪股份,自动化设,1→2,47.0,63.39,64.61,64.16,7711560.96,tushare_stk_auction_o,64.38,0.019245937845085992,-0.0035598204612290463,-0.008059820461229047,0,0,0,1,0,0,0,,10.0,auction_daily_open_conflict,fixed_open_0930,tplus1_open_0930_v1,,,09:30,tushare_compact_backfill,decision_v11_tplus1_open0930_strict_calendar_no_future,,,,,,,,,,,,,1.0,0.0,,,0.09994794377928162,0.14558389727572446,0.11001214645150101,12.293533174552593,0.0,676.0833333333334,676.0833333333334,17.781926971458,0.241869508403144,0.00847449023543432,0.037597,1.29,22.552621729413275,0.0004581296170274171,1.6051692467125567e-05,,,,0.6768369741830655,-0.006831,0.29156887524823977,0.10983648495295319,-0.004538762143528674,0.6875587590097149,0.027264180507677843,0.020996552804763396,4.02535169073515,1.6094379124341003,2.4159137783010487,0.3037974683544304,0.33962264150943394,0.004213760416666668,0.40625,0.00874599126735312,0.3333333333333333,0.04378782484870061,0.3544357222930313,0.952745083182805,0.45952399149381457,-0.1321886049788153,1.0,-0.1784008805915051,EBB,退潮,0.3739932387966155,0.6944867656979856,0.3333333333333333,0.48778256249999996,0.4054901663656101,3191.0,55.0,4.0,79.0,24.0,18.0,96.0,0.2857142857142857,7.0,0.5,2.0,9.0,6.0,0.10677894377928163,0.0,,,,,,,,0.09994794377928162,0.019245937845085992,1.0,1.0,0.683421717171717,,,,,,,,0.0,0.0,0.0,0.0,0.0,INSUFFICIENT,路径数据不足,连续涨停路径数据不足,,,,,,,,,,,38.0,13.0,6.0,1.0,0.7169811320754716,0.17955801104972377,362.0,,,,,,,,,2026-08-23T03:30:44+00:00
20260811,20260812,20260813,20260813,0,603137.SH,恒尚节能,装修装饰,1→2,48.0,30.34,30.0,30.0,37825351.68,tushare_stk_auction_o,30.87,-0.011206328279498967,0.029000000000000137,0.024500000000000136,1,0,0,1,1,1,0,,10.0,market_proxy_buyable,fixed_open_0930,tplus1_open_0930_v1,,,09:30,tushare_compact_backfill,decision_v11_tplus1_open0930_strict_calendar_no_future,,,,,,,,,,,,,1.0,2.0,,,0.10007251631617131,0.1269035532994924,0.112037708484409,13.800734225696862,2.0,620.8666666666667,687.6166666666667,17.74575892785545,0.05167766639171075,0.009174380433037971,0.186405,1.09,22.437099323452713,0.00010148870781427002,1.8017377334493906e-05,,,,0.9053980862971656,-0.006831,0.29156887524823977,0.10983648495295319,-0.004538762143528674,0.6875587590097149,0.027264180507677843,0.020996552804763396,4.02535169073515,1.6094379124341003,2.4159137783010487,0.3037974683544304,0.33962264150943394,0.004213760416666668,0.40625,0.00874599126735312,0.3333333333333333,0.04378782484870061,0.3544357222930313,0.952745083182805,0.45952399149381457,-0.1321886049788153,1.0,-0.1784008805915051,EBB,退潮,0.3739932387966155,0.6944867656979856,0.3333333333333333,0.48778256249999996,0.4054901663656101,3191.0,55.0,4.0,79.0,24.0,18.0,96.0,0.2857142857142857,7.0,0.5,2.0,9.0,6.0,0.10690351631617132,0.0,,,,,,,,0.10007251631617131,-0.011206328279498967,1.0,1.0,0.5361917932225075,,,,,,,,0.0,0.0,0.0,0.0,0.0,INSUFFICIENT,路径数据不足,连续涨停路径数据不足,,,,,,,,,,,38.0,13.0,6.0,3.0,0.7169811320754716,0.17955801104972377,362.0,,,,,,,,,2026-08-23T03:30:44+00:00
20260811,20260812,20260813,20260813,0,603009.SH,北特科技,汽车零部件,1→2,49.0,44.0,45.29,45.54,21612943.36,tushare_stk_auction_o,46.07,0.0293181818181818,0.017222344888496277,0.012722344888496277,1,0,0,1,0,0,0,,10.0,auction_daily_open_conflict,fixed_open_0930,tplus1_open_0930_v1,,,09:30,tushare_compact_backfill,decision_v11_tplus1_open0930_strict_calendar_no_future,,,,,,,,,,,,,1.0,0.0,,,0.10000000000000009,0.11125000000000007,0.10050000000000008,13.054543332886873,0.0,786.9666666666667,786.9666666666667,17.440468820353622,0.0803126859536057,0.0024619632652882707,0.031955,1.75,23.447264965779226,0.00021403499735897936,6.561183886793186e-06,,,,0.8140458566528255,-0.006831,0.29156887524823977,0.10983648495295319,-0.004538762143528674,0.6875587590097149,0.027264180507677843,0.020996552804763396,4.02535169073515,1.6094379124341003,2.4159137783010487,0.3037974683544304,0.33962264150943394,0.004213760416666668,0.40625,0.00874599126735312,0.3333333333333333,0.04378782484870061,0.3544357222930313,0.952745083182805,0.45952399149381457,-0.1321886049788153,1.0,-0.1784008805915051,EBB,退潮,0.3739932387966155,0.6944867656979856,0.3333333333333333,0.48778256249999996,0.4054901663656101,3191.0,55.0,4.0,79.0,24.0,18.0,96.0,0.2857142857142857,7.0,0.5,2.0,9.0,6.0,0.10683100000000009,0.0,,,,,,,,0.10000000000000009,0.0293181818181818,1.0,1.0,0.5811976256710374,,,,,,,,0.0,0.0,0.0,0.0,0.0,INSUFFICIENT,路径数据不足,连续涨停路径数据不足,,,,,,,,,,,38.0,13.0,6.0,4.0,0.7169811320754716,0.17955801104972377,362.0,,,,,,,,,2026-08-23T03:30:44+00:00
20260811,20260812,20260813,20260813,0,603488.SH,展鹏科技,专用设备,1→2,51.0,9.38,9.28,9.28,2792352.0,tushare_stk_auction_o,8.9,-0.0106609808102347,-0.04094827586206895,-0.04544827586206895,0,1,0,1,0,0,0,,10.0,auction_capacity_insufficient,fixed_open_0930,tplus1_open_0930_v1,,,09:30,tushare_compact_backfill,decision_v11_tplus1_open0930_strict_calendar_no_future,,,,,,,,,,,,,1.0,0.0,,,0.09964830011723347,0.12426729191090276,0.09613130128956628,11.641914465283854,0.0,639.9166666666666,639.9166666666666,17.242269085501654,0.27052469218140085,0.011237011732301922,0.043169000000000006,1.68,21.73081138335382,0.000878991360226912,3.651140362757953e-05,,,,0.5181440693265933,-0.006831,0.29156887524823977,0.10983648495295319,-0.004538762143528674,0.6875587590097149,0.027264180507677843,0.020996552804763396,4.02535169073515,1.6094379124341003,2.4159137783010487,0.3037974683544304,0.33962264150943394,0.004213760416666668,0.40625,0.00874599126735312,0.3333333333333333,0.04378782484870061,0.3544357222930313,0.952745083182805,0.45952399149381457,-0.1321886049788153,1.0,-0.1784008805915051,EBB,退潮,0.3739932387966155,0.6944867656979856,0.3333333333333333,0.48778256249999996,0.4054901663656101,3191.0,55.0,4.0,79.0,24.0,18.0,96.0,0.2857142857142857,7.0,0.5,2.0,9.0,6.0,0.10647930011723347,0.0,,,,,,,,0.09964830011723347,-0.0106609808102347,1.0,1.0,0.7434982174688058,,,,,,,,0.0,0.0,0.0,0.0,0.0,INSUFFICIENT,路径数据不足,连续涨停路径数据不足,,,,,,,,,,,38.0,13.0,6.0,3.0,0.7169811320754716,0.17955801104972377,362.0,,,,,,,,,2026-08-23T03:30:44+00:00
20260811,20260812,20260813,20260813,0,002715.SZ,登云股份,汽车零部件,1→2,52.0,15.03,14.86,14.81,4852190.08,tushare_stk_auction_o,14.72,-0.01131071190951427,-0.009421265141318802,-0.013921265141318803,0,0,0,1,0,0,0,,10.0,auction_daily_open_conflict,fixed_open_0930,tplus1_open_0930_v1,,,09:30,tushare_compact_backfill,decision_v11_tplus1_open0930_strict_calendar_no_future,,,,,,,,,,,,,1.0,0.0,,,0.10029282576866749,0.10029282576866759,0.09077598828696927,11.722959177770617,0.0,662.05,662.05,17.105481288829417,0.21757207621744712,0.012941304347826086,0.061784,2.96,21.45281244736849,0.0008105634903642036,4.821275323748638e-05,,,,0.5383643256905578,-0.006831,0.29156887524823977,0.10983648495295319,-0.004538762143528674,0.6875587590097149,0.027264180507677843,0.020996552804763396,4.02535169073515,1.6094379124341003,2.4159137783010487,0.3037974683544304,0.33962264150943394,0.004213760416666668,0.40625,0.00874599126735312,0.3333333333333333,0.04378782484870061,0.3544357222930313,0.952745083182805,0.45952399149381457,-0.1321886049788153,1.0,-0.1784008805915051,EBB,退潮,0.3739932387966155,0.6944867656979856,0.3333333333333333,0.48778256249999996,0.4054901663656101,3191.0,55.0,4.0,79.0,24.0,18.0,96.0,0.2857142857142857,7.0,0.5,2.0,9.0,6.0,0.1071238257686675,0.0,,,,,,,,0.10029282576866749,-0.01131071190951427,1.0,1.0,0.7352962840079628,,,,,,,,0.0,0.0,0.0,0.0,0.0,INSUFFICIENT,路径数据不足,连续涨停路径数据不足,,,,,,,,,,,38.0,13.0,6.0,4.0,0.7169811320754716,0.17955801104972377,362.0,,,,,,,,,2026-08-23T03:30:44+00:00
20260811,20260812,20260813,20260813,0,000779.SZ,甘咨询,工程咨询,1→2,53.0,12.73,11.96,11.96,60137241.6,tushare_stk_auction_o,11.39,-0.06048703849175174,-0.047658862876254204,-0.0521588628762542,0,1,0,1,1,1,0,,10.0,market_proxy_buyable,fixed_open_0930,tplus1_open_0930_v1,,,09:30,tushare_compact_backfill,decision_v11_tplus1_open0930_strict_calendar_no_future,,,,,,,,,,,,,1.0,0.0,,,0.10025929127052713,0.20051858254105448,0.06309420916162493,14.19453745413665,0.0,611.25,884.9,17.018574145728806,0.016844721349212142,0.004159139859837505,0.289028,3.81,22.501021095810128,6.845276692819676e-05,1.6901712147381165e-05,,,,0.9398808449178552,-0.006831,0.29156887524823977,0.10983648495295319,-0.004538762143528674,0.6875587590097149,0.027264180507677843,0.020996552804763396,4.02535169073515,1.6094379124341003,2.4159137783010487,0.3037974683544304,0.33962264150943394,0.004213760416666668,0.40625,0.00874599126735312,0.3333333333333333,0.04378782484870061,0.3544357222930313,0.952745083182805,0.45952399149381457,-0.1321886049788153,1.0,-0.1784008805915051,EBB,退潮,0.3739932387966155,0.6944867656979856,0.3333333333333333,0.48778256249999996,0.4054901663656101,3191.0,55.0,4.0,79.0,24.0,18.0,96.0,0.2857142857142857,7.0,0.5,2.0,9.0,6.0,0.10709029127052713,0.0,,,,,,,,0.10025929127052713,-0.06048703849175174,1.0,1.0,0.6895911460935621,,,,,,,,0.0,0.0,0.0,0.0,0.0,INSUFFICIENT,路径数据不足,连续涨停路径数据不足,,,,,,,,,,,38.0,13.0,6.0,2.0,0.7169811320754716,0.17955801104972377,362.0,,,,,,,,,2026-08-23T03:30:44+00:00
20260811,20260812,20260813,20260813,0,600715.SH,文投控股,游戏Ⅱ,1→2,54.0,1.8,1.75,1.75,6669075.2,tushare_stk_auction_o,1.71,-0.02777777777777779,-0.022857142857142798,-0.0273571428571428,0,0,0,1,0,0,0,,10.0,auction_capacity_insufficient,fixed_open_0930,tplus1_open_0930_v1,,,09:30,tushare_compact_backfill,decision_v11_tplus1_open0930_strict_calendar_no_future,,,,,,,,,,,,,1.0,1.0,,,0.09756097560975618,0.09756097560975618,0.09756097560975618,11.954716484949916,1.0,584.8833333333333,591.7833333333333,16.992031630906187,0.15405682580530222,0.004651006419072755,0.030697000000000002,2.85,22.362703237961878,0.0006428881043482482,1.9408920600818374e-05,,,,0.5927062646687128,-0.006831,0.29156887524823977,0.10983648495295319,-0.004538762143528674,0.6875587590097149,0.027264180507677843,0.020996552804763396,4.02535169073515,1.6094379124341003,2.4159137783010487,0.3037974683544304,0.33962264150943394,0.004213760416666668,0.40625,0.00874599126735312,0.3333333333333333,0.04378782484870061,0.3544357222930313,0.952745083182805,0.45952399149381457,-0.1321886049788153,1.0,-0.1784008805915051,EBB,退潮,0.3739932387966155,0.6944867656979856,0.3333333333333333,0.48778256249999996,0.4054901663656101,3191.0,55.0,4.0,79.0,24.0,18.0,96.0,0.2857142857142857,7.0,0.5,2.0,9.0,6.0,0.10439197560975619,0.0,,,,,,,,0.09756097560975618,-0.02777777777777779,1.0,1.0,0.686469696969697,,,,,,,,0.0,0.0,0.0,0.0,0.0,INSUFFICIENT,路径数据不足,连续涨停路径数据不足,,,,,,,,,,,38.0,13.0,6.0,1.0,0.7169811320754716,0.17955801104972377,362.0,,,,,,,,,2026-08-23T03:30:44+00:00
20260811,20260812,20260813,20260813,0,603655.SH,朗博科技,汽车零部件,1→2,56.0,33.79,33.6,33.6,3067680.0,tushare_stk_auction_o,33.3,-0.005622965374371014,-0.008928571428571619,-0.01342857142857162,0,0,0,1,0,0,0,,10.0,auction_capacity_insufficient,fixed_open_0930,tplus1_open_0930_v1,,,09:30,tushare_compact_backfill,decision_v11_tplus1_open0930_strict_calendar_no_future,,,,,,,,,,,,,1.0,0.0,,,0.09993489583333326,0.13313802083333334,0.1005859375,12.086539746630734,0.0,877.4833333333333,877.4833333333333,16.329186539868218,0.06959218991193258,0.0034481132075471696,0.052573999999999996,2.55,21.999114553081732,0.0005634883349434168,2.7919391133918153e-05,,,,0.6266474092796533,-0.006831,0.29156887524823977,0.10983648495295319,-0.004538762143528674,0.6875587590097149,0.027264180507677843,0.020996552804763396,4.02535169073515,1.6094379124341003,2.4159137783010487,0.3037974683544304,0.33962264150943394,0.004213760416666668,0.40625,0.00874599126735312,0.3333333333333333,0.04378782484870061,0.3544357222930313,0.952745083182805,0.45952399149381457,-0.1321886049788153,1.0,-0.1784008805915051,EBB,退潮,0.3739932387966155,0.6944867656979856,0.3333333333333333,0.48778256249999996,0.4054901663656101,3191.0,55.0,4.0,79.0,24.0,18.0,96.0,0.2857142857142857,7.0,0.5,2.0,9.0,6.0,0.10676589583333326,0.0,,,,,,,,0.09993489583333326,-0.005622965374371014,1.0,1.0,0.4854325570753326,,,,,,,,0.0,0.0,0.0,0.0,0.0,INSUFFICIENT,路径数据不足,连续涨停路径数据不足,,,,,,,,,,,38.0,13.0,6.0,4.0,0.7169811320754716,0.17955801104972377,362.0,,,,,,,,,2026-08-23T03:30:44+00:00
20260811,20260812,20260813,20260813,0,002963.SZ,豪尔赛,装修装饰,1→2,57.0,20.09,19.46,19.42,8697715.2,tushare_stk_auction_o,19.05,-0.03135888501742157,-0.02106885919835555,-0.02556885919835555,0,0,0,1,0,0,0,,10.0,auction_daily_open_conflict,fixed_open_0930,tplus1_open_0930_v1,,,09:30,tushare_compact_backfill,decision_v11_tplus1_open0930_strict_calendar_no_future,,,,,,,,,,,,,1.0,0.0,,,0.10021905805038323,0.11883899233296813,0.1177437020810514,12.767806966018513,0.0,894.25,894.25,16.285384531131786,0.033702779439021266,0.0047839713349380935,0.148749,1.64,21.62786870115349,0.0002851104380984183,4.047025752348705e-05,,,,0.7678281278209063,-0.006831,0.29156887524823977,0.10983648495295319,-0.004538762143528674,0.6875587590097149,0.027264180507677843,0.020996552804763396,4.02535169073515,1.6094379124341003,2.4159137783010487,0.3037974683544304,0.33962264150943394,0.004213760416666668,0.40625,0.00874599126735312,0.3333333333333333,0.04378782484870061,0.3544357222930313,0.952745083182805,0.45952399149381457,-0.1321886049788153,1.0,-0.1784008805915051,EBB,退潮,0.3739932387966155,0.6944867656979856,0.3333333333333333,0.48778256249999996,0.4054901663656101,3191.0,55.0,4.0,79.0,24.0,18.0,96.0,0.2857142857142857,7.0,0.5,2.0,9.0,6.0,0.10705005805038323,0.0,,,,,,,,0.10021905805038323,-0.03135888501742157,1.0,1.0,0.3740172121377856,,,,,,,,0.0,0.0,0.0,0.0,0.0,INSUFFICIENT,路径数据不足,连续涨停路径数据不足,,,,,,,,,,,38.0,13.0,6.0,3.0,0.7169811320754716,0.17955801104972377,362.0,,,,,,,,,2026-08-23T03:30:44+00:00
20260811,20260812,20260813,20260813,0,002762.SZ,金发拉比,服装家纺,1→2,58.0,10.31,10.49,10.46,10824936.96,tushare_stk_auction_o,10.65,0.01745877788554795,0.015252621544327827,0.010752621544327826,1,0,0,1,0,0,0,,10.0,auction_daily_open_conflict,fixed_open_0930,tplus1_open_0930_v1,,,09:30,tushare_compact_backfill,decision_v11_tplus1_open0930_strict_calendar_no_future,,,,,,,,,,,,,1.0,0.0,,,0.10032017075773769,0.1419423692636073,0.13660618996798304,12.323225130920404,0.0,837.95,837.95,16.0031227506704,0.03964250710954644,0.004090237383639152,0.11072900000000001,2.26,21.50227490954706,0.00044472675501196267,4.588604837297013e-05,,,,0.6840584943130529,-0.006831,0.29156887524823977,0.10983648495295319,-0.004538762143528674,0.6875587590097149,0.027264180507677843,0.020996552804763396,4.02535169073515,1.6094379124341003,2.4159137783010487,0.3037974683544304,0.33962264150943394,0.004213760416666668,0.40625,0.00874599126735312,0.3333333333333333,0.04378782484870061,0.3544357222930313,0.952745083182805,0.45952399149381457,-0.1321886049788153,1.0,-0.1784008805915051,EBB,退潮,0.3739932387966155,0.6944867656979856,0.3333333333333333,0.48778256249999996,0.4054901663656101,3191.0,55.0,4.0,79.0,24.0,18.0,96.0,0.2857142857142857,7.0,0.5,2.0,9.0,6.0,0.1071511707577377,0.0,,,,,,,,0.10032017075773769,0.01745877788554795,1.0,1.0,0.42345791806971705,,,,,,,,0.0,0.0,0.0,0.0,0.0,INSUFFICIENT,路径数据不足,连续涨停路径数据不足,,,,,,,,,,,38.0,13.0,6.0,2.0,0.7169811320754716,0.17955801104972377,362.0,,,,,,,,,2026-08-23T03:30:44+00:00
