ts_code,trade_date,minute_freq,minute_rows,has_minute_data,first_limit_time,last_limit_time,limit_touch_count,open_board_count,max_drawdown_after_limit,reseal_count,reseal_minutes_avg,reseal_speed_score,reseal_acceptance_score,intraday_vwap,intraday_vwap_position,late_volume_ratio,late_price_change_pct,late_price_weakness,late_limit_hold_minutes,late_withdraw_score,limitup_path_score,limitup_quality_score,intraday_risk_score,intraday_tag
002536.SZ,20260903,1min,0,0,,,0,0,,0,,0.0,0.0,,,,,,0,0.0,0.0,0.0,100.0,missing_minute_data
002581.SZ,20260903,1min,0,0,,,0,0,,0,,0.0,0.0,,,,,,0,0.0,0.0,0.0,100.0,missing_minute_data
300044.SZ,20260903,1min,0,0,,,0,0,,0,,0.0,0.0,,,,,,0,0.0,0.0,0.0,100.0,missing_minute_data
300400.SZ,20260903,1min,0,0,,,0,0,,0,,0.0,0.0,,,,,,0,0.0,0.0,0.0,100.0,missing_minute_data
300401.SZ,20260903,1min,0,0,,,0,0,,0,,0.0,0.0,,,,,,0,0.0,0.0,0.0,100.0,missing_minute_data
300553.SZ,20260903,1min,0,0,,,0,0,,0,,0.0,0.0,,,,,,0,0.0,0.0,0.0,100.0,missing_minute_data
300593.SZ,20260903,1min,0,0,,,0,0,,0,,0.0,0.0,,,,,,0,0.0,0.0,0.0,100.0,missing_minute_data
300649.SZ,20260903,1min,0,0,,,0,0,,0,,0.0,0.0,,,,,,0,0.0,0.0,0.0,100.0,missing_minute_data
300852.SZ,20260903,1min,0,0,,,0,0,,0,,0.0,0.0,,,,,,0,0.0,0.0,0.0,100.0,missing_minute_data
300870.SZ,20260903,1min,0,0,,,0,0,,0,,0.0,0.0,,,,,,0,0.0,0.0,0.0,100.0,missing_minute_data
300889.SZ,20260903,1min,0,0,,,0,0,,0,,0.0,0.0,,,,,,0,0.0,0.0,0.0,100.0,missing_minute_data
300990.SZ,20260903,1min,0,0,,,0,0,,0,,0.0,0.0,,,,,,0,0.0,0.0,0.0,100.0,missing_minute_data
301008.SZ,20260903,1min,0,0,,,0,0,,0,,0.0,0.0,,,,,,0,0.0,0.0,0.0,100.0,missing_minute_data
301086.SZ,20260903,1min,0,0,,,0,0,,0,,0.0,0.0,,,,,,0,0.0,0.0,0.0,100.0,missing_minute_data
301282.SZ,20260903,1min,0,0,,,0,0,,0,,0.0,0.0,,,,,,0,0.0,0.0,0.0,100.0,missing_minute_data
301326.SZ,20260903,1min,0,0,,,0,0,,0,,0.0,0.0,,,,,,0,0.0,0.0,0.0,100.0,missing_minute_data
301607.SZ,20260903,1min,0,0,,,0,0,,0,,0.0,0.0,,,,,,0,0.0,0.0,0.0,100.0,missing_minute_data
600026.SH,20260903,1min,0,0,,,0,0,,0,,0.0,0.0,,,,,,0,0.0,0.0,0.0,100.0,missing_minute_data
600714.SH,20260903,1min,0,0,,,0,0,,0,,0.0,0.0,,,,,,0,0.0,0.0,0.0,100.0,missing_minute_data
600885.SH,20260903,1min,0,0,,,0,0,,0,,0.0,0.0,,,,,,0,0.0,0.0,0.0,100.0,missing_minute_data
601872.SH,20260903,1min,0,0,,,0,0,,0,,0.0,0.0,,,,,,0,0.0,0.0,0.0,100.0,missing_minute_data
603067.SH,20260903,1min,0,0,,,0,0,,0,,0.0,0.0,,,,,,0,0.0,0.0,0.0,100.0,missing_minute_data
603353.SH,20260903,1min,0,0,,,0,0,,0,,0.0,0.0,,,,,,0,0.0,0.0,0.0,100.0,missing_minute_data
688020.SH,20260903,1min,0,0,,,0,0,,0,,0.0,0.0,,,,,,0,0.0,0.0,0.0,100.0,missing_minute_data
688026.SH,20260903,1min,0,0,,,0,0,,0,,0.0,0.0,,,,,,0,0.0,0.0,0.0,100.0,missing_minute_data
688028.SH,20260903,1min,0,0,,,0,0,,0,,0.0,0.0,,,,,,0,0.0,0.0,0.0,100.0,missing_minute_data
688181.SH,20260903,1min,0,0,,,0,0,,0,,0.0,0.0,,,,,,0,0.0,0.0,0.0,100.0,missing_minute_data
688195.SH,20260903,1min,0,0,,,0,0,,0,,0.0,0.0,,,,,,0,0.0,0.0,0.0,100.0,missing_minute_data
688209.SH,20260903,1min,0,0,,,0,0,,0,,0.0,0.0,,,,,,0,0.0,0.0,0.0,100.0,missing_minute_data
688479.SH,20260903,1min,0,0,,,0,0,,0,,0.0,0.0,,,,,,0,0.0,0.0,0.0,100.0,missing_minute_data
688485.SH,20260903,1min,0,0,,,0,0,,0,,0.0,0.0,,,,,,0,0.0,0.0,0.0,100.0,missing_minute_data
688622.SH,20260903,1min,0,0,,,0,0,,0,,0.0,0.0,,,,,,0,0.0,0.0,0.0,100.0,missing_minute_data
688655.SH,20260903,1min,0,0,,,0,0,,0,,0.0,0.0,,,,,,0,0.0,0.0,0.0,100.0,missing_minute_data
920071.BJ,20260903,1min,0,0,,,0,0,,0,,0.0,0.0,,,,,,0,0.0,0.0,0.0,100.0,missing_minute_data
920223.BJ,20260903,1min,0,0,,,0,0,,0,,0.0,0.0,,,,,,0,0.0,0.0,0.0,100.0,missing_minute_data
920725.BJ,20260903,1min,0,0,,,0,0,,0,,0.0,0.0,,,,,,0,0.0,0.0,0.0,100.0,missing_minute_data
920790.BJ,20260903,1min,0,0,,,0,0,,0,,0.0,0.0,,,,,,0,0.0,0.0,0.0,100.0,missing_minute_data
000813.SZ,20260903,1min,0,0,,,0,0,,0,,0.0,0.0,,,,,,0,0.0,0.0,0.0,100.0,missing_minute_data
001299.SZ,20260903,1min,0,0,,,0,0,,0,,0.0,0.0,,,,,,0,0.0,0.0,0.0,100.0,missing_minute_data
002059.SZ,20260903,1min,0,0,,,0,0,,0,,0.0,0.0,,,,,,0,0.0,0.0,0.0,100.0,missing_minute_data
002297.SZ,20260903,1min,0,0,,,0,0,,0,,0.0,0.0,,,,,,0,0.0,0.0,0.0,100.0,missing_minute_data
002300.SZ,20260903,1min,0,0,,,0,0,,0,,0.0,0.0,,,,,,0,0.0,0.0,0.0,100.0,missing_minute_data
002328.SZ,20260903,1min,0,0,,,0,0,,0,,0.0,0.0,,,,,,0,0.0,0.0,0.0,100.0,missing_minute_data
002403.SZ,20260903,1min,0,0,,,0,0,,0,,0.0,0.0,,,,,,0,0.0,0.0,0.0,100.0,missing_minute_data
002631.SZ,20260903,1min,0,0,,,0,0,,0,,0.0,0.0,,,,,,0,0.0,0.0,0.0,100.0,missing_minute_data
002708.SZ,20260903,1min,0,0,,,0,0,,0,,0.0,0.0,,,,,,0,0.0,0.0,0.0,100.0,missing_minute_data
002787.SZ,20260903,1min,0,0,,,0,0,,0,,0.0,0.0,,,,,,0,0.0,0.0,0.0,100.0,missing_minute_data
002909.SZ,20260903,1min,0,0,,,0,0,,0,,0.0,0.0,,,,,,0,0.0,0.0,0.0,100.0,missing_minute_data
002969.SZ,20260903,1min,0,0,,,0,0,,0,,0.0,0.0,,,,,,0,0.0,0.0,0.0,100.0,missing_minute_data
002980.SZ,20260903,1min,0,0,,,0,0,,0,,0.0,0.0,,,,,,0,0.0,0.0,0.0,100.0,missing_minute_data
003018.SZ,20260903,1min,0,0,,,0,0,,0,,0.0,0.0,,,,,,0,0.0,0.0,0.0,100.0,missing_minute_data
300830.SZ,20260903,1min,0,0,,,0,0,,0,,0.0,0.0,,,,,,0,0.0,0.0,0.0,100.0,missing_minute_data
301489.SZ,20260903,1min,0,0,,,0,0,,0,,0.0,0.0,,,,,,0,0.0,0.0,0.0,100.0,missing_minute_data
600108.SH,20260903,1min,0,0,,,0,0,,0,,0.0,0.0,,,,,,0,0.0,0.0,0.0,100.0,missing_minute_data
600185.SH,20260903,1min,0,0,,,0,0,,0,,0.0,0.0,,,,,,0,0.0,0.0,0.0,100.0,missing_minute_data
600234.SH,20260903,1min,0,0,,,0,0,,0,,0.0,0.0,,,,,,0,0.0,0.0,0.0,100.0,missing_minute_data
600479.SH,20260903,1min,0,0,,,0,0,,0,,0.0,0.0,,,,,,0,0.0,0.0,0.0,100.0,missing_minute_data
600610.SH,20260903,1min,0,0,,,0,0,,0,,0.0,0.0,,,,,,0,0.0,0.0,0.0,100.0,missing_minute_data
600611.SH,20260903,1min,0,0,,,0,0,,0,,0.0,0.0,,,,,,0,0.0,0.0,0.0,100.0,missing_minute_data
600657.SH,20260903,1min,0,0,,,0,0,,0,,0.0,0.0,,,,,,0,0.0,0.0,0.0,100.0,missing_minute_data
600693.SH,20260903,1min,0,0,,,0,0,,0,,0.0,0.0,,,,,,0,0.0,0.0,0.0,100.0,missing_minute_data
600703.SH,20260903,1min,0,0,,,0,0,,0,,0.0,0.0,,,,,,0,0.0,0.0,0.0,100.0,missing_minute_data
600865.SH,20260903,1min,0,0,,,0,0,,0,,0.0,0.0,,,,,,0,0.0,0.0,0.0,100.0,missing_minute_data
600969.SH,20260903,1min,0,0,,,0,0,,0,,0.0,0.0,,,,,,0,0.0,0.0,0.0,100.0,missing_minute_data
601086.SH,20260903,1min,0,0,,,0,0,,0,,0.0,0.0,,,,,,0,0.0,0.0,0.0,100.0,missing_minute_data
601212.SH,20260903,1min,0,0,,,0,0,,0,,0.0,0.0,,,,,,0,0.0,0.0,0.0,100.0,missing_minute_data
603090.SH,20260903,1min,0,0,,,0,0,,0,,0.0,0.0,,,,,,0,0.0,0.0,0.0,100.0,missing_minute_data
603138.SH,20260903,1min,0,0,,,0,0,,0,,0.0,0.0,,,,,,0,0.0,0.0,0.0,100.0,missing_minute_data
603150.SH,20260903,1min,0,0,,,0,0,,0,,0.0,0.0,,,,,,0,0.0,0.0,0.0,100.0,missing_minute_data
603162.SH,20260903,1min,0,0,,,0,0,,0,,0.0,0.0,,,,,,0,0.0,0.0,0.0,100.0,missing_minute_data
603270.SH,20260903,1min,0,0,,,0,0,,0,,0.0,0.0,,,,,,0,0.0,0.0,0.0,100.0,missing_minute_data
603538.SH,20260903,1min,0,0,,,0,0,,0,,0.0,0.0,,,,,,0,0.0,0.0,0.0,100.0,missing_minute_data
603728.SH,20260903,1min,0,0,,,0,0,,0,,0.0,0.0,,,,,,0,0.0,0.0,0.0,100.0,missing_minute_data
603757.SH,20260903,1min,0,0,,,0,0,,0,,0.0,0.0,,,,,,0,0.0,0.0,0.0,100.0,missing_minute_data
603989.SH,20260903,1min,0,0,,,0,0,,0,,0.0,0.0,,,,,,0,0.0,0.0,0.0,100.0,missing_minute_data
605068.SH,20260903,1min,0,0,,,0,0,,0,,0.0,0.0,,,,,,0,0.0,0.0,0.0,100.0,missing_minute_data
605088.SH,20260903,1min,0,0,,,0,0,,0,,0.0,0.0,,,,,,0,0.0,0.0,0.0,100.0,missing_minute_data
605288.SH,20260903,1min,0,0,,,0,0,,0,,0.0,0.0,,,,,,0,0.0,0.0,0.0,100.0,missing_minute_data
605398.SH,20260903,1min,0,0,,,0,0,,0,,0.0,0.0,,,,,,0,0.0,0.0,0.0,100.0,missing_minute_data
605577.SH,20260903,1min,0,0,,,0,0,,0,,0.0,0.0,,,,,,0,0.0,0.0,0.0,100.0,missing_minute_data
