prediction_id,signal_date,expected_buy_date,expected_exit_date,ts_code,name,industry,stage,stage_transition,stage_focus,source_rank,d_close,estimated_up_limit,recommended_max_price,max_auction_change_pct,observation_max_price,observation_auction_change_pct,observation_price_basis,observation_price_is_formal,observation_rank,observation_selected,observation_pool_size,take_profit_pct,stop_loss_pct,take_profit_price,stop_loss_price,latest_exit_time,exit_policy_version,predicted_net_return,predicted_return_lcb,predicted_return_ucb,predicted_outcome_q10,predicted_outcome_q90,predicted_fill_probability,predicted_exit_probability,predicted_profit_probability,predicted_big_loss_probability,predicted_continuation_limit_up_probability,max_big_loss_probability,big_loss_threshold,min_return_lcb,conservative_ev,selection_score,risk_gate_pass,selected,action,price_action,entry_rule,exit_rule,guidance_only,broker_connected,order_type,market_order_allowed,mechanism_limit_pct,decision_universe_rule,decision_universe_reason,minute_available,model_ready,model_promoted,model_reason,model_version,generated_at_utc,source_snapshot_sha256,feature_contract
20260724-000533.SZ-auction_v5_manual_guidance_4,20260724,20260727,20260728,000533.SZ,顺钠股份,电网设备,2→3,2→3,1.0,3.0,9.55,10.51,,,9.07,-5.0262,model_diagnostic_cap,0,3.0,1,15,0.03,-0.025,,,14:50,tplus1_first_touch_tp3_sl2p5_time1450_v1,-0.070276510532782,-0.078014000602821,-0.0625390204627431,-0.1406959667363883,-0.0106702598600956,0.0152769568853139,0.9983120780195048,0.4500424280766654,0.640801570209284,0.3018592777964468,0.15,-0.03,0.0,-0.0013685854758295,0.0001407109131526,0.0,0,REJECT,没有安全买入价格，放弃,系统仅供人工参考：T日9:25前仅用限价单参与集合竞价；不得使用无上限市价单，高于上限或未成交均放弃,T+1按实际成交价计算止盈/止损，首次触发即人工退出；均未触发则14:50退出；一字跌停顺延,1,0,LIMIT_ONLY_MANUAL,0,10.0,a_share_price_limit_le_10_v2,eligible_limit_le_10:10.00%:main_board_10pct,1.0,1,0,big_loss_probability_exceeds_cap,auction_v5_manual_guidance_4,2026-07-24T12:52:50+00:00,1e8f99d47a70c6b6b5a9abbadde485139af505ebb31c5fe227f5473f62481316,D_CLOSE_PLUS_D_MINUTE_NO_T_LEAKAGE_V4_DERIVED_LIMIT_STREAK
20260724-002298.SZ-auction_v5_manual_guidance_4,20260724,20260727,20260728,002298.SZ,中电鑫龙,电网设备,2→3,2→3,1.0,8.0,8.1,8.91,,,7.7,-4.9383,model_diagnostic_cap,0,2.0,1,15,0.03,-0.025,,,14:50,tplus1_first_touch_tp3_sl2p5_time1450_v1,-0.062651130480994,-0.070388620551033,-0.0549136404109551,-0.1330705866846002,-0.0030448798083076,0.0217267612422864,0.9983120780195048,0.5157263709637766,0.6321273760984922,0.337744376643564,0.15,-0.03,0.0,-0.0017750622246693,-8.634034145151427e-05,0.0,0,REJECT,没有安全买入价格，放弃,系统仅供人工参考：T日9:25前仅用限价单参与集合竞价；不得使用无上限市价单，高于上限或未成交均放弃,T+1按实际成交价计算止盈/止损，首次触发即人工退出；均未触发则14:50退出；一字跌停顺延,1,0,LIMIT_ONLY_MANUAL,0,10.0,a_share_price_limit_le_10_v2,eligible_limit_le_10:10.00%:main_board_10pct,1.0,1,0,big_loss_probability_exceeds_cap,auction_v5_manual_guidance_4,2026-07-24T12:52:50+00:00,1e8f99d47a70c6b6b5a9abbadde485139af505ebb31c5fe227f5473f62481316,D_CLOSE_PLUS_D_MINUTE_NO_T_LEAKAGE_V4_DERIVED_LIMIT_STREAK
20260724-603956.SH-auction_v5_manual_guidance_4,20260724,20260727,20260728,603956.SH,威派格,专用设备,2→3,2→3,1.0,10.0,6.31,6.94,,,5.99,-5.0713,model_diagnostic_cap,0,4.0,1,15,0.03,-0.025,,,14:50,tplus1_first_touch_tp3_sl2p5_time1450_v1,-0.0629842409815747,-0.0707217310516137,-0.0552467509115358,-0.133403697185181,-0.0033779903088883,0.0200330039588542,0.9983120780195048,0.299326946570478,0.6074550221781468,0.2995480461098075,0.15,-0.03,0.0,-0.0016285287222388,-0.0001307884916897,0.0,0,REJECT,没有安全买入价格，放弃,系统仅供人工参考：T日9:25前仅用限价单参与集合竞价；不得使用无上限市价单，高于上限或未成交均放弃,T+1按实际成交价计算止盈/止损，首次触发即人工退出；均未触发则14:50退出；一字跌停顺延,1,0,LIMIT_ONLY_MANUAL,0,10.0,a_share_price_limit_le_10_v2,eligible_limit_le_10:10.00%:main_board_10pct,1.0,1,0,big_loss_probability_exceeds_cap,auction_v5_manual_guidance_4,2026-07-24T12:52:50+00:00,1e8f99d47a70c6b6b5a9abbadde485139af505ebb31c5fe227f5473f62481316,D_CLOSE_PLUS_D_MINUTE_NO_T_LEAKAGE_V4_DERIVED_LIMIT_STREAK
20260724-000668.SZ-auction_v5_manual_guidance_4,20260724,20260727,20260728,000668.SZ,荣丰控股,房地产开发,2→3,2→3,1.0,32.0,17.67,19.44,,,16.79,-4.9802,model_diagnostic_cap,0,,0,15,0.03,-0.025,,,14:50,tplus1_first_touch_tp3_sl2p5_time1450_v1,-0.0651018004550253,-0.0728392905250642,-0.0573643103849863,-0.1355212566586315,-0.0054955497823389,0.0140457187159518,0.9983120780195048,0.3473378139635921,0.6549008417401724,0.182987228180887,0.15,-0.03,0.0,-0.0011915435712586,-0.0002766074303541,0.0,0,REJECT,没有安全买入价格，放弃,系统仅供人工参考：T日9:25前仅用限价单参与集合竞价；不得使用无上限市价单，高于上限或未成交均放弃,T+1按实际成交价计算止盈/止损，首次触发即人工退出；均未触发则14:50退出；一字跌停顺延,1,0,LIMIT_ONLY_MANUAL,0,10.0,a_share_price_limit_le_10_v2,eligible_limit_le_10:10.00%:main_board_10pct,0.0,1,0,big_loss_probability_exceeds_cap,auction_v5_manual_guidance_4,2026-07-24T12:52:50+00:00,1e8f99d47a70c6b6b5a9abbadde485139af505ebb31c5fe227f5473f62481316,D_CLOSE_PLUS_D_MINUTE_NO_T_LEAKAGE_V4_DERIVED_LIMIT_STREAK
20260724-002199.SZ-auction_v5_manual_guidance_4,20260724,20260727,20260728,002199.SZ,东晶电子,元件,2→3,2→3,1.0,29.0,11.8,12.98,,,11.21,-5.0,model_diagnostic_cap,0,10.0,1,15,0.03,-0.025,,,14:50,tplus1_first_touch_tp3_sl2p5_time1450_v1,-0.0655094014972051,-0.0732468915672441,-0.0577719114271662,-0.1359288577008114,-0.0059031508245187,0.0186629719716325,0.9983120780195048,0.2738956501382503,0.6387214099221606,0.2211570298481474,0.15,-0.03,0.0,-0.0015817883991831,-0.0004760032499424,0.0,0,REJECT,没有安全买入价格，放弃,系统仅供人工参考：T日9:25前仅用限价单参与集合竞价；不得使用无上限市价单，高于上限或未成交均放弃,T+1按实际成交价计算止盈/止损，首次触发即人工退出；均未触发则14:50退出；一字跌停顺延,1,0,LIMIT_ONLY_MANUAL,0,10.0,a_share_price_limit_le_10_v2,eligible_limit_le_10:10.00%:main_board_10pct,1.0,1,0,big_loss_probability_exceeds_cap,auction_v5_manual_guidance_4,2026-07-24T12:52:50+00:00,1e8f99d47a70c6b6b5a9abbadde485139af505ebb31c5fe227f5473f62481316,D_CLOSE_PLUS_D_MINUTE_NO_T_LEAKAGE_V4_DERIVED_LIMIT_STREAK
20260724-002012.SZ-auction_v5_manual_guidance_4,20260724,20260727,20260728,002012.SZ,凯恩股份,造纸,1→2,1→2,0.0,41.0,5.73,6.3,,,5.44,-5.0611,model_diagnostic_cap,0,,0,15,0.03,-0.025,,,14:50,tplus1_first_touch_tp3_sl2p5_time1450_v1,-0.0424566218547044,-0.0501941119247433,-0.0347191317846654,-0.1128760780583106,0.0171496288179819,0.0099699320418429,0.9983120780195048,0.3171304797671714,0.419812576437863,0.2322523390938216,0.15,-0.03,0.0,-0.0005496961437113,-0.0005496961437113,0.0,0,REJECT,没有安全买入价格，放弃,系统仅供人工参考：T日9:25前仅用限价单参与集合竞价；不得使用无上限市价单，高于上限或未成交均放弃,T+1按实际成交价计算止盈/止损，首次触发即人工退出；均未触发则14:50退出；一字跌停顺延,1,0,LIMIT_ONLY_MANUAL,0,10.0,a_share_price_limit_le_10_v2,eligible_limit_le_10:10.00%:main_board_10pct,0.0,1,0,big_loss_probability_exceeds_cap,auction_v5_manual_guidance_4,2026-07-24T12:52:50+00:00,1e8f99d47a70c6b6b5a9abbadde485139af505ebb31c5fe227f5473f62481316,D_CLOSE_PLUS_D_MINUTE_NO_T_LEAKAGE_V4_DERIVED_LIMIT_STREAK
20260724-002189.SZ-auction_v5_manual_guidance_4,20260724,20260727,20260728,002189.SZ,中光学,军工电子,1→2,1→2,0.0,36.0,19.1,21.01,,,18.15,-4.9738,model_diagnostic_cap,0,,0,15,0.03,-0.025,,,14:50,tplus1_first_touch_tp3_sl2p5_time1450_v1,-0.0349798657969785,-0.0427173558670175,-0.0272423757269396,-0.1053993220005847,0.0246263848757078,0.0122339912280071,0.9983120780195048,0.3705217239069227,0.4105317331696457,0.1104498004055047,0.15,-0.03,0.0,-0.0005796491211247,-0.0005796491211247,0.0,0,REJECT,没有安全买入价格，放弃,系统仅供人工参考：T日9:25前仅用限价单参与集合竞价；不得使用无上限市价单，高于上限或未成交均放弃,T+1按实际成交价计算止盈/止损，首次触发即人工退出；均未触发则14:50退出；一字跌停顺延,1,0,LIMIT_ONLY_MANUAL,0,10.0,a_share_price_limit_le_10_v2,eligible_limit_le_10:10.00%:main_board_10pct,0.0,1,0,big_loss_probability_exceeds_cap,auction_v5_manual_guidance_4,2026-07-24T12:52:50+00:00,1e8f99d47a70c6b6b5a9abbadde485139af505ebb31c5fe227f5473f62481316,D_CLOSE_PLUS_D_MINUTE_NO_T_LEAKAGE_V4_DERIVED_LIMIT_STREAK
20260724-603690.SH-auction_v5_manual_guidance_4,20260724,20260727,20260728,603690.SH,至纯科技,半导体,1→2,1→2,0.0,26.0,22.62,24.89,,,21.49,-4.9956,model_diagnostic_cap,0,,0,15,0.03,-0.025,,,14:50,tplus1_first_touch_tp3_sl2p5_time1450_v1,-0.028038746156138,-0.0357762362261769,-0.020301256086099,-0.0984582023597442,0.0315675045165483,0.0164815068786621,0.9983120780195048,0.5129736871145911,0.332917770852472,0.3147613428952636,0.15,-0.03,0.0,-0.000628121358438,-0.000628121358438,0.0,0,REJECT,没有安全买入价格，放弃,系统仅供人工参考：T日9:25前仅用限价单参与集合竞价；不得使用无上限市价单，高于上限或未成交均放弃,T+1按实际成交价计算止盈/止损，首次触发即人工退出；均未触发则14:50退出；一字跌停顺延,1,0,LIMIT_ONLY_MANUAL,0,10.0,a_share_price_limit_le_10_v2,eligible_limit_le_10:10.00%:main_board_10pct,0.0,1,0,big_loss_probability_exceeds_cap,auction_v5_manual_guidance_4,2026-07-24T12:52:50+00:00,1e8f99d47a70c6b6b5a9abbadde485139af505ebb31c5fe227f5473f62481316,D_CLOSE_PLUS_D_MINUTE_NO_T_LEAKAGE_V4_DERIVED_LIMIT_STREAK
20260724-605198.SH-auction_v5_manual_guidance_4,20260724,20260727,20260728,605198.SH,安德利,农产品加,1→2,1→2,0.0,39.0,54.63,60.1,,,51.9,-4.9973,model_diagnostic_cap,0,,0,15,0.03,-0.025,,,14:50,tplus1_first_touch_tp3_sl2p5_time1450_v1,-0.0400846277642308,-0.0478221178342697,-0.0323471376941919,-0.110504083967837,0.0195216229084555,0.0122903376234062,0.9983120780195048,0.3388725728036977,0.4013672098083707,0.0950808467632313,0.15,-0.03,0.0,-0.0006416790208673,-0.0006416790208673,0.0,0,REJECT,没有安全买入价格，放弃,系统仅供人工参考：T日9:25前仅用限价单参与集合竞价；不得使用无上限市价单，高于上限或未成交均放弃,T+1按实际成交价计算止盈/止损，首次触发即人工退出；均未触发则14:50退出；一字跌停顺延,1,0,LIMIT_ONLY_MANUAL,0,10.0,a_share_price_limit_le_10_v2,eligible_limit_le_10:10.00%:main_board_10pct,0.0,1,0,big_loss_probability_exceeds_cap,auction_v5_manual_guidance_4,2026-07-24T12:52:50+00:00,1e8f99d47a70c6b6b5a9abbadde485139af505ebb31c5fe227f5473f62481316,D_CLOSE_PLUS_D_MINUTE_NO_T_LEAKAGE_V4_DERIVED_LIMIT_STREAK
20260724-000670.SZ-auction_v5_manual_guidance_4,20260724,20260727,20260728,000670.SZ,盈方微,其他电子,1→2,1→2,0.0,11.0,6.34,6.98,,,6.02,-5.0473,model_diagnostic_cap,0,,0,15,0.03,-0.025,,,14:50,tplus1_first_touch_tp3_sl2p5_time1450_v1,-0.0297440841040024,-0.0374815741740413,-0.0220065940339634,-0.1001635403076086,0.0298621665686839,0.0170860890015326,0.9983120780195048,0.4207812303187668,0.3983774922990631,0.1554559551101519,0.15,-0.03,0.0,-0.0007138534662182,-0.0007138534662182,0.0,0,REJECT,没有安全买入价格，放弃,系统仅供人工参考：T日9:25前仅用限价单参与集合竞价；不得使用无上限市价单，高于上限或未成交均放弃,T+1按实际成交价计算止盈/止损，首次触发即人工退出；均未触发则14:50退出；一字跌停顺延,1,0,LIMIT_ONLY_MANUAL,0,10.0,a_share_price_limit_le_10_v2,eligible_limit_le_10:10.00%:main_board_10pct,0.0,1,0,big_loss_probability_exceeds_cap,auction_v5_manual_guidance_4,2026-07-24T12:52:50+00:00,1e8f99d47a70c6b6b5a9abbadde485139af505ebb31c5fe227f5473f62481316,D_CLOSE_PLUS_D_MINUTE_NO_T_LEAKAGE_V4_DERIVED_LIMIT_STREAK
20260724-002498.SZ-auction_v5_manual_guidance_4,20260724,20260727,20260728,002498.SZ,汉缆股份,电网设备,2→3,2→3,1.0,38.0,6.5,7.15,,,6.18,-4.9231,model_diagnostic_cap,0,5.0,1,15,0.03,-0.025,,,14:50,tplus1_first_touch_tp3_sl2p5_time1450_v1,-0.0680606306872491,-0.075798120757288,-0.0603231406172102,-0.1384800868908553,-0.0084543800145627,0.0249552880240615,0.9983120780195048,0.4619216103135158,0.6532018374497639,0.2948252812101206,0.15,-0.03,0.0,-0.002189603970601,-0.0007154775645504,0.0,0,REJECT,没有安全买入价格，放弃,系统仅供人工参考：T日9:25前仅用限价单参与集合竞价；不得使用无上限市价单，高于上限或未成交均放弃,T+1按实际成交价计算止盈/止损，首次触发即人工退出；均未触发则14:50退出；一字跌停顺延,1,0,LIMIT_ONLY_MANUAL,0,10.0,a_share_price_limit_le_10_v2,eligible_limit_le_10:10.00%:main_board_10pct,1.0,1,0,big_loss_probability_exceeds_cap,auction_v5_manual_guidance_4,2026-07-24T12:52:50+00:00,1e8f99d47a70c6b6b5a9abbadde485139af505ebb31c5fe227f5473f62481316,D_CLOSE_PLUS_D_MINUTE_NO_T_LEAKAGE_V4_DERIVED_LIMIT_STREAK
20260724-603976.SH-auction_v5_manual_guidance_4,20260724,20260727,20260728,603976.SH,正川股份,医疗器械,1→2,1→2,0.0,35.0,25.2,27.72,,,23.94,-5.0,model_diagnostic_cap,0,,0,15,0.03,-0.025,,,14:50,tplus1_first_touch_tp3_sl2p5_time1450_v1,-0.0311112272911135,-0.0388487173611525,-0.0233737372210746,-0.1015306834947197,0.0284950233815728,0.0165792765189691,0.9983120780195048,0.3719082260887403,0.4030452372297408,0.1994817693904011,0.15,-0.03,0.0,-0.0007176668194972,-0.0007176668194972,0.0,0,REJECT,没有安全买入价格，放弃,系统仅供人工参考：T日9:25前仅用限价单参与集合竞价；不得使用无上限市价单，高于上限或未成交均放弃,T+1按实际成交价计算止盈/止损，首次触发即人工退出；均未触发则14:50退出；一字跌停顺延,1,0,LIMIT_ONLY_MANUAL,0,10.0,a_share_price_limit_le_10_v2,eligible_limit_le_10:10.00%:main_board_10pct,0.0,1,0,big_loss_probability_exceeds_cap,auction_v5_manual_guidance_4,2026-07-24T12:52:50+00:00,1e8f99d47a70c6b6b5a9abbadde485139af505ebb31c5fe227f5473f62481316,D_CLOSE_PLUS_D_MINUTE_NO_T_LEAKAGE_V4_DERIVED_LIMIT_STREAK
20260724-002303.SZ-auction_v5_manual_guidance_4,20260724,20260727,20260728,002303.SZ,美盈森,包装印刷,1→2,1→2,0.0,22.0,4.57,5.03,,,4.34,-5.0328,model_diagnostic_cap,0,,0,15,0.03,-0.025,,,14:50,tplus1_first_touch_tp3_sl2p5_time1450_v1,-0.0318552984670224,-0.0395927885370614,-0.0241178083969835,-0.1022747546706286,0.0277509522056639,0.0169783437402454,0.9983120780195048,0.3998218324647339,0.4387131180543164,0.3399966789543353,0.15,-0.03,0.0,-0.0007657417769512,-0.0007657417769512,0.0,0,REJECT,没有安全买入价格，放弃,系统仅供人工参考：T日9:25前仅用限价单参与集合竞价；不得使用无上限市价单，高于上限或未成交均放弃,T+1按实际成交价计算止盈/止损，首次触发即人工退出；均未触发则14:50退出；一字跌停顺延,1,0,LIMIT_ONLY_MANUAL,0,10.0,a_share_price_limit_le_10_v2,eligible_limit_le_10:10.00%:main_board_10pct,0.0,1,0,big_loss_probability_exceeds_cap,auction_v5_manual_guidance_4,2026-07-24T12:52:50+00:00,1e8f99d47a70c6b6b5a9abbadde485139af505ebb31c5fe227f5473f62481316,D_CLOSE_PLUS_D_MINUTE_NO_T_LEAKAGE_V4_DERIVED_LIMIT_STREAK
20260724-002265.SZ-auction_v5_manual_guidance_4,20260724,20260727,20260728,002265.SZ,建设工业,汽车零部件,1→2,1→2,0.0,27.0,19.34,21.28,,,18.37,-5.0155,model_diagnostic_cap,0,,0,15,0.03,-0.025,,,14:50,tplus1_first_touch_tp3_sl2p5_time1450_v1,-0.0263423780438483,-0.0340798681138873,-0.0186048879738094,-0.0967618342474545,0.033263872628838,0.0212169507220172,0.9983120780195048,0.4538132193290496,0.3417220999199958,0.2808025321363021,0.15,-0.03,0.0,-0.00077820459337,-0.00077820459337,0.0,0,REJECT,没有安全买入价格，放弃,系统仅供人工参考：T日9:25前仅用限价单参与集合竞价；不得使用无上限市价单，高于上限或未成交均放弃,T+1按实际成交价计算止盈/止损，首次触发即人工退出；均未触发则14:50退出；一字跌停顺延,1,0,LIMIT_ONLY_MANUAL,0,10.0,a_share_price_limit_le_10_v2,eligible_limit_le_10:10.00%:main_board_10pct,0.0,1,0,big_loss_probability_exceeds_cap,auction_v5_manual_guidance_4,2026-07-24T12:52:50+00:00,1e8f99d47a70c6b6b5a9abbadde485139af505ebb31c5fe227f5473f62481316,D_CLOSE_PLUS_D_MINUTE_NO_T_LEAKAGE_V4_DERIVED_LIMIT_STREAK
20260724-603068.SH-auction_v5_manual_guidance_4,20260724,20260727,20260728,603068.SH,博通集成,半导体,1→2,1→2,0.0,21.0,37.02,40.73,,,35.17,-4.9973,model_diagnostic_cap,0,,0,15,0.03,-0.025,,,14:50,tplus1_first_touch_tp3_sl2p5_time1450_v1,-0.0257562731946953,-0.0334937632647342,-0.0180187831246563,-0.0961757293983015,0.033849977477991,0.02377967943427,0.9983120780195048,0.4868613022048802,0.3369599388644804,0.2894622313454347,0.15,-0.03,0.0,-0.0008548668120233,-0.0008548668120233,0.0,0,REJECT,没有安全买入价格，放弃,系统仅供人工参考：T日9:25前仅用限价单参与集合竞价；不得使用无上限市价单，高于上限或未成交均放弃,T+1按实际成交价计算止盈/止损，首次触发即人工退出；均未触发则14:50退出；一字跌停顺延,1,0,LIMIT_ONLY_MANUAL,0,10.0,a_share_price_limit_le_10_v2,eligible_limit_le_10:10.00%:main_board_10pct,0.0,1,0,big_loss_probability_exceeds_cap,auction_v5_manual_guidance_4,2026-07-24T12:52:50+00:00,1e8f99d47a70c6b6b5a9abbadde485139af505ebb31c5fe227f5473f62481316,D_CLOSE_PLUS_D_MINUTE_NO_T_LEAKAGE_V4_DERIVED_LIMIT_STREAK
20260724-600617.SH-auction_v5_manual_guidance_4,20260724,20260727,20260728,600617.SH,国新能源,燃气Ⅱ,1→2,1→2,0.0,20.0,3.39,3.73,,,3.22,-5.0147,model_diagnostic_cap,0,,0,15,0.03,-0.025,,,14:50,tplus1_first_touch_tp3_sl2p5_time1450_v1,-0.0334850915939182,-0.0412225816639572,-0.0257476015238793,-0.1039045477975245,0.0261211590787681,0.0210439487628638,0.9983120780195048,0.3919932671639262,0.4137016895604985,0.2322734350630286,0.15,-0.03,0.0,-0.0009676120937525,-0.0009676120937525,0.0,0,REJECT,没有安全买入价格，放弃,系统仅供人工参考：T日9:25前仅用限价单参与集合竞价；不得使用无上限市价单，高于上限或未成交均放弃,T+1按实际成交价计算止盈/止损，首次触发即人工退出；均未触发则14:50退出；一字跌停顺延,1,0,LIMIT_ONLY_MANUAL,0,10.0,a_share_price_limit_le_10_v2,eligible_limit_le_10:10.00%:main_board_10pct,0.0,1,0,big_loss_probability_exceeds_cap,auction_v5_manual_guidance_4,2026-07-24T12:52:50+00:00,1e8f99d47a70c6b6b5a9abbadde485139af505ebb31c5fe227f5473f62481316,D_CLOSE_PLUS_D_MINUTE_NO_T_LEAKAGE_V4_DERIVED_LIMIT_STREAK
20260724-603221.SH-auction_v5_manual_guidance_4,20260724,20260727,20260728,603221.SH,爱丽家居,家居用品,4→5,4→5,0.0,6.0,14.0,15.4,,,13.3,-5.0,model_diagnostic_cap,0,,0,15,0.03,-0.025,,,14:50,tplus1_first_touch_tp3_sl2p5_time1450_v1,-0.0778278637308994,-0.0855653538009384,-0.0700903736608605,-0.1482473199345056,-0.018221613058213,0.0103212027896637,0.9983120780195048,0.2559437364380734,0.6878869319476583,0.2815957333523021,0.15,-0.03,0.0,-0.0010171428491353,-0.0010171428491353,0.0,0,REJECT,没有安全买入价格，放弃,系统仅供人工参考：T日9:25前仅用限价单参与集合竞价；不得使用无上限市价单，高于上限或未成交均放弃,T+1按实际成交价计算止盈/止损，首次触发即人工退出；均未触发则14:50退出；一字跌停顺延,1,0,LIMIT_ONLY_MANUAL,0,10.0,a_share_price_limit_le_10_v2,eligible_limit_le_10:10.00%:main_board_10pct,1.0,1,0,big_loss_probability_exceeds_cap,auction_v5_manual_guidance_4,2026-07-24T12:52:50+00:00,1e8f99d47a70c6b6b5a9abbadde485139af505ebb31c5fe227f5473f62481316,D_CLOSE_PLUS_D_MINUTE_NO_T_LEAKAGE_V4_DERIVED_LIMIT_STREAK
20260724-002388.SZ-auction_v5_manual_guidance_4,20260724,20260727,20260728,002388.SZ,新亚制程,其他电子,1→2,1→2,0.0,17.0,4.36,4.8,,,4.14,-5.0459,model_diagnostic_cap,0,,0,15,0.03,-0.025,,,14:50,tplus1_first_touch_tp3_sl2p5_time1450_v1,-0.032016115557539,-0.0397536056275779,-0.0242786254875,-0.1024355717611452,0.0275901351151473,0.0237848569824993,0.9983120780195048,0.402460920485683,0.4268366442068448,0.3308001838319957,0.15,-0.03,0.0,-0.0010680735349369,-0.0010680735349369,0.0,0,REJECT,没有安全买入价格，放弃,系统仅供人工参考：T日9:25前仅用限价单参与集合竞价；不得使用无上限市价单，高于上限或未成交均放弃,T+1按实际成交价计算止盈/止损，首次触发即人工退出；均未触发则14:50退出；一字跌停顺延,1,0,LIMIT_ONLY_MANUAL,0,10.0,a_share_price_limit_le_10_v2,eligible_limit_le_10:10.00%:main_board_10pct,0.0,1,0,big_loss_probability_exceeds_cap,auction_v5_manual_guidance_4,2026-07-24T12:52:50+00:00,1e8f99d47a70c6b6b5a9abbadde485139af505ebb31c5fe227f5473f62481316,D_CLOSE_PLUS_D_MINUTE_NO_T_LEAKAGE_V4_DERIVED_LIMIT_STREAK
20260724-600178.SH-auction_v5_manual_guidance_4,20260724,20260727,20260728,600178.SH,东安动力,汽车零部件,1→2,1→2,0.0,31.0,9.5,10.45,,,9.03,-4.9474,model_diagnostic_cap,0,,0,15,0.03,-0.025,,,14:50,tplus1_first_touch_tp3_sl2p5_time1450_v1,-0.0328388842507541,-0.040576374320793,-0.0251013941807151,-0.1032583404543603,0.0267673664219322,0.0251752119120762,0.9983120780195048,0.3547661306152319,0.405084628971948,0.2840459844541894,0.15,-0.03,0.0,-0.0011347933009471,-0.0011347933009471,0.0,0,REJECT,没有安全买入价格，放弃,系统仅供人工参考：T日9:25前仅用限价单参与集合竞价；不得使用无上限市价单，高于上限或未成交均放弃,T+1按实际成交价计算止盈/止损，首次触发即人工退出；均未触发则14:50退出；一字跌停顺延,1,0,LIMIT_ONLY_MANUAL,0,10.0,a_share_price_limit_le_10_v2,eligible_limit_le_10:10.00%:main_board_10pct,0.0,1,0,big_loss_probability_exceeds_cap,auction_v5_manual_guidance_4,2026-07-24T12:52:50+00:00,1e8f99d47a70c6b6b5a9abbadde485139af505ebb31c5fe227f5473f62481316,D_CLOSE_PLUS_D_MINUTE_NO_T_LEAKAGE_V4_DERIVED_LIMIT_STREAK
20260724-601606.SH-auction_v5_manual_guidance_4,20260724,20260727,20260728,601606.SH,长城军工,地面兵装,2→3,2→3,1.0,4.0,32.05,35.25,,,30.45,-4.9922,model_diagnostic_cap,0,9.0,1,15,0.03,-0.025,,,14:50,tplus1_first_touch_tp3_sl2p5_time1450_v1,-0.0675614753190382,-0.0752989653890772,-0.0598239852489993,-0.1379809315226445,-0.0079552246463518,0.0268496984408997,0.9983120780195048,0.3379161462901723,0.6587907799135148,0.2420742714441747,0.15,-0.03,0.0,-0.0023469212616365,-0.0011365499044156,0.0,0,REJECT,没有安全买入价格，放弃,系统仅供人工参考：T日9:25前仅用限价单参与集合竞价；不得使用无上限市价单，高于上限或未成交均放弃,T+1按实际成交价计算止盈/止损，首次触发即人工退出；均未触发则14:50退出；一字跌停顺延,1,0,LIMIT_ONLY_MANUAL,0,10.0,a_share_price_limit_le_10_v2,eligible_limit_le_10:10.00%:main_board_10pct,0.0,1,0,big_loss_probability_exceeds_cap,auction_v5_manual_guidance_4,2026-07-24T12:52:50+00:00,1e8f99d47a70c6b6b5a9abbadde485139af505ebb31c5fe227f5473f62481316,D_CLOSE_PLUS_D_MINUTE_NO_T_LEAKAGE_V4_DERIVED_LIMIT_STREAK
20260724-002374.SZ-auction_v5_manual_guidance_4,20260724,20260727,20260728,002374.SZ,中锐股份,包装印刷,1→2,1→2,0.0,40.0,3.09,3.4,,,2.94,-4.8544,model_diagnostic_cap,0,,0,15,0.03,-0.025,,,14:50,tplus1_first_touch_tp3_sl2p5_time1450_v1,-0.0456931890081711,-0.05343067907821,-0.0379556989381322,-0.1161126452117773,0.0139130616645152,0.0200338825447282,0.9983120780195048,0.3136660282246361,0.4676923022270463,0.2764375130240077,0.15,-0.03,0.0,-0.0011981935427155,-0.0011981935427155,0.0,0,REJECT,没有安全买入价格，放弃,系统仅供人工参考：T日9:25前仅用限价单参与集合竞价；不得使用无上限市价单，高于上限或未成交均放弃,T+1按实际成交价计算止盈/止损，首次触发即人工退出；均未触发则14:50退出；一字跌停顺延,1,0,LIMIT_ONLY_MANUAL,0,10.0,a_share_price_limit_le_10_v2,eligible_limit_le_10:10.00%:main_board_10pct,0.0,1,0,big_loss_probability_exceeds_cap,auction_v5_manual_guidance_4,2026-07-24T12:52:50+00:00,1e8f99d47a70c6b6b5a9abbadde485139af505ebb31c5fe227f5473f62481316,D_CLOSE_PLUS_D_MINUTE_NO_T_LEAKAGE_V4_DERIVED_LIMIT_STREAK
20260724-000417.SZ-auction_v5_manual_guidance_4,20260724,20260727,20260728,000417.SZ,合百集团,一般零售,1→2,1→2,0.0,33.0,6.36,7.0,,,6.04,-5.0314,model_diagnostic_cap,0,,0,15,0.03,-0.025,,,14:50,tplus1_first_touch_tp3_sl2p5_time1450_v1,-0.0308600238990152,-0.0385975139690541,-0.0231225338289762,-0.1012794801026214,0.0287462267736711,0.028849499109253,0.9983120780195048,0.4364887397655863,0.3956425162363489,0.162364087348332,0.15,-0.03,0.0,-0.0012351536697621,-0.0012351536697621,0.0,0,REJECT,没有安全买入价格，放弃,系统仅供人工参考：T日9:25前仅用限价单参与集合竞价；不得使用无上限市价单，高于上限或未成交均放弃,T+1按实际成交价计算止盈/止损，首次触发即人工退出；均未触发则14:50退出；一字跌停顺延,1,0,LIMIT_ONLY_MANUAL,0,10.0,a_share_price_limit_le_10_v2,eligible_limit_le_10:10.00%:main_board_10pct,0.0,1,0,big_loss_probability_exceeds_cap,auction_v5_manual_guidance_4,2026-07-24T12:52:50+00:00,1e8f99d47a70c6b6b5a9abbadde485139af505ebb31c5fe227f5473f62481316,D_CLOSE_PLUS_D_MINUTE_NO_T_LEAKAGE_V4_DERIVED_LIMIT_STREAK
20260724-000011.SZ-auction_v5_manual_guidance_4,20260724,20260727,20260728,000011.SZ,深物业A,房地产开发,2→3,2→3,1.0,28.0,8.26,9.08,,,7.85,-4.9637,model_diagnostic_cap,0,7.0,1,15,0.03,-0.025,,,14:50,tplus1_first_touch_tp3_sl2p5_time1450_v1,-0.0670634379164957,-0.0748009279865346,-0.0593259478464567,-0.1374828941201019,-0.0074571872438093,0.030227033090703,0.9983120780195048,0.3415577048404197,0.6734866843907629,0.2633922161649604,0.15,-0.03,0.0,-0.0026404049296129,-0.0013234438487881,0.0,0,REJECT,没有安全买入价格，放弃,系统仅供人工参考：T日9:25前仅用限价单参与集合竞价；不得使用无上限市价单，高于上限或未成交均放弃,T+1按实际成交价计算止盈/止损，首次触发即人工退出；均未触发则14:50退出；一字跌停顺延,1,0,LIMIT_ONLY_MANUAL,0,10.0,a_share_price_limit_le_10_v2,eligible_limit_le_10:10.00%:main_board_10pct,1.0,1,0,big_loss_probability_exceeds_cap,auction_v5_manual_guidance_4,2026-07-24T12:52:50+00:00,1e8f99d47a70c6b6b5a9abbadde485139af505ebb31c5fe227f5473f62481316,D_CLOSE_PLUS_D_MINUTE_NO_T_LEAKAGE_V4_DERIVED_LIMIT_STREAK
20260724-002208.SZ-auction_v5_manual_guidance_4,20260724,20260727,20260728,002208.SZ,合肥城建,房地产开发,1→2,1→2,0.0,16.0,13.6,14.96,,,12.92,-5.0,model_diagnostic_cap,0,,0,15,0.03,-0.025,,,14:50,tplus1_first_touch_tp3_sl2p5_time1450_v1,-0.0281335145253201,-0.035871004595359,-0.0203960244552812,-0.0985529707289263,0.0314727361473662,0.0358273631932452,0.9983120780195048,0.5094090407141937,0.3379622183122601,0.3150817889695421,0.15,-0.03,0.0,-0.0013742221867249,-0.0013742221867249,0.0,0,REJECT,没有安全买入价格，放弃,系统仅供人工参考：T日9:25前仅用限价单参与集合竞价；不得使用无上限市价单，高于上限或未成交均放弃,T+1按实际成交价计算止盈/止损，首次触发即人工退出；均未触发则14:50退出；一字跌停顺延,1,0,LIMIT_ONLY_MANUAL,0,10.0,a_share_price_limit_le_10_v2,eligible_limit_le_10:10.00%:main_board_10pct,0.0,1,0,big_loss_probability_exceeds_cap,auction_v5_manual_guidance_4,2026-07-24T12:52:50+00:00,1e8f99d47a70c6b6b5a9abbadde485139af505ebb31c5fe227f5473f62481316,D_CLOSE_PLUS_D_MINUTE_NO_T_LEAKAGE_V4_DERIVED_LIMIT_STREAK
20260724-001229.SZ-auction_v5_manual_guidance_4,20260724,20260727,20260728,001229.SZ,魅视科技,计算机设,1→2,1→2,0.0,19.0,39.18,43.1,,,37.22,-5.0026,model_diagnostic_cap,0,,0,15,0.03,-0.025,,,14:50,tplus1_first_touch_tp3_sl2p5_time1450_v1,-0.0324629542620413,-0.0402004443320803,-0.0247254641920024,-0.1028824104656476,0.027143296410645,0.0353334550638466,0.9983120780195048,0.4102145316582384,0.375751174781849,0.1204037444842627,0.15,-0.03,0.0,-0.0015483079589102,-0.0015483079589102,0.0,0,REJECT,没有安全买入价格，放弃,系统仅供人工参考：T日9:25前仅用限价单参与集合竞价；不得使用无上限市价单，高于上限或未成交均放弃,T+1按实际成交价计算止盈/止损，首次触发即人工退出；均未触发则14:50退出；一字跌停顺延,1,0,LIMIT_ONLY_MANUAL,0,10.0,a_share_price_limit_le_10_v2,eligible_limit_le_10:10.00%:main_board_10pct,0.0,1,0,big_loss_probability_exceeds_cap,auction_v5_manual_guidance_4,2026-07-24T12:52:50+00:00,1e8f99d47a70c6b6b5a9abbadde485139af505ebb31c5fe227f5473f62481316,D_CLOSE_PLUS_D_MINUTE_NO_T_LEAKAGE_V4_DERIVED_LIMIT_STREAK
20260724-603726.SH-auction_v5_manual_guidance_4,20260724,20260727,20260728,603726.SH,朗迪集团,家电零部,1→2,1→2,0.0,15.0,25.0,27.5,,,23.75,-5.0,model_diagnostic_cap,0,,0,15,0.03,-0.025,,,14:50,tplus1_first_touch_tp3_sl2p5_time1450_v1,-0.0318378629969928,-0.0395753530670318,-0.0241003729269539,-0.102257319200599,0.0277683876756935,0.0414734408982276,0.9983120780195048,0.391711226303021,0.3921478035431835,0.2144433659443772,0.15,-0.03,0.0,-0.0018118374885651,-0.0018118374885651,0.0,0,REJECT,没有安全买入价格，放弃,系统仅供人工参考：T日9:25前仅用限价单参与集合竞价；不得使用无上限市价单，高于上限或未成交均放弃,T+1按实际成交价计算止盈/止损，首次触发即人工退出；均未触发则14:50退出；一字跌停顺延,1,0,LIMIT_ONLY_MANUAL,0,10.0,a_share_price_limit_le_10_v2,eligible_limit_le_10:10.00%:main_board_10pct,0.0,1,0,big_loss_probability_exceeds_cap,auction_v5_manual_guidance_4,2026-07-24T12:52:50+00:00,1e8f99d47a70c6b6b5a9abbadde485139af505ebb31c5fe227f5473f62481316,D_CLOSE_PLUS_D_MINUTE_NO_T_LEAKAGE_V4_DERIVED_LIMIT_STREAK
20260724-002300.SZ-auction_v5_manual_guidance_4,20260724,20260727,20260728,002300.SZ,太阳电缆,电网设备,2→3,2→3,1.0,7.0,7.1,7.82,,,6.75,-4.9296,model_diagnostic_cap,0,1.0,1,15,0.03,-0.025,,,14:50,tplus1_first_touch_tp3_sl2p5_time1450_v1,-0.0472954108150495,-0.0550329008850885,-0.0395579207450106,-0.1177148670186558,0.0123108398576368,0.0568451991136589,0.9983120780195048,0.5416029031131239,0.5632162382159572,0.3400070493524911,0.15,-0.03,0.0,-0.0036537987341602,-0.0019537634873977,0.0,0,REJECT,没有安全买入价格，放弃,系统仅供人工参考：T日9:25前仅用限价单参与集合竞价；不得使用无上限市价单，高于上限或未成交均放弃,T+1按实际成交价计算止盈/止损，首次触发即人工退出；均未触发则14:50退出；一字跌停顺延,1,0,LIMIT_ONLY_MANUAL,0,10.0,a_share_price_limit_le_10_v2,eligible_limit_le_10:10.00%:main_board_10pct,1.0,1,0,big_loss_probability_exceeds_cap,auction_v5_manual_guidance_4,2026-07-24T12:52:50+00:00,1e8f99d47a70c6b6b5a9abbadde485139af505ebb31c5fe227f5473f62481316,D_CLOSE_PLUS_D_MINUTE_NO_T_LEAKAGE_V4_DERIVED_LIMIT_STREAK
20260724-600539.SH-auction_v5_manual_guidance_4,20260724,20260727,20260728,600539.SH,狮头股份,互联网电,1→2,1→2,0.0,37.0,18.51,20.36,,,17.58,-5.0243,model_diagnostic_cap,0,,0,15,0.03,-0.025,,,14:50,tplus1_first_touch_tp3_sl2p5_time1450_v1,-0.0343117043865371,-0.0420491944565761,-0.0265742143164982,-0.1047311605901433,0.0252945462861492,0.0432580233750721,0.9983120780195048,0.3920814817286859,0.3831980545217096,0.1038308729142896,0.15,-0.03,0.0,-0.0019851990308092,-0.0019851990308092,0.0,0,REJECT,没有安全买入价格，放弃,系统仅供人工参考：T日9:25前仅用限价单参与集合竞价；不得使用无上限市价单，高于上限或未成交均放弃,T+1按实际成交价计算止盈/止损，首次触发即人工退出；均未触发则14:50退出；一字跌停顺延,1,0,LIMIT_ONLY_MANUAL,0,10.0,a_share_price_limit_le_10_v2,eligible_limit_le_10:10.00%:main_board_10pct,0.0,1,0,big_loss_probability_exceeds_cap,auction_v5_manual_guidance_4,2026-07-24T12:52:50+00:00,1e8f99d47a70c6b6b5a9abbadde485139af505ebb31c5fe227f5473f62481316,D_CLOSE_PLUS_D_MINUTE_NO_T_LEAKAGE_V4_DERIVED_LIMIT_STREAK
20260724-600698.SH-auction_v5_manual_guidance_4,20260724,20260727,20260728,600698.SH,湖南天雁,汽车零部件,2→3,2→3,1.0,30.0,6.84,7.52,,,6.5,-4.9708,model_diagnostic_cap,0,6.0,1,15,0.03,-0.025,,,14:50,tplus1_first_touch_tp3_sl2p5_time1450_v1,-0.0560150932066399,-0.0637525832766788,-0.0482776031366009,-0.1264345494102461,0.0035911574660464,0.0522796275036695,0.9983120780195048,0.3283582580492716,0.5904390064631613,0.2790396948139562,0.15,-0.03,0.0,-0.0038588983436921,-0.0024636998696223,0.0,0,REJECT,没有安全买入价格，放弃,系统仅供人工参考：T日9:25前仅用限价单参与集合竞价；不得使用无上限市价单，高于上限或未成交均放弃,T+1按实际成交价计算止盈/止损，首次触发即人工退出；均未触发则14:50退出；一字跌停顺延,1,0,LIMIT_ONLY_MANUAL,0,10.0,a_share_price_limit_le_10_v2,eligible_limit_le_10:10.00%:main_board_10pct,0.0,1,0,big_loss_probability_exceeds_cap,auction_v5_manual_guidance_4,2026-07-24T12:52:50+00:00,1e8f99d47a70c6b6b5a9abbadde485139af505ebb31c5fe227f5473f62481316,D_CLOSE_PLUS_D_MINUTE_NO_T_LEAKAGE_V4_DERIVED_LIMIT_STREAK
20260724-603580.SH-auction_v5_manual_guidance_4,20260724,20260727,20260728,603580.SH,艾艾精工,塑料,1→2,1→2,0.0,9.0,46.3,50.93,,,43.99,-4.9892,model_diagnostic_cap,0,,0,15,0.03,-0.025,,,14:50,tplus1_first_touch_tp3_sl2p5_time1450_v1,-0.028380262858834,-0.036117752928873,-0.0206427727887951,-0.0987997190624402,0.0312259878138523,0.0692369745814851,0.9983120780195048,0.4521037913597487,0.3448688523768151,0.2313540662362329,0.15,-0.03,0.0,-0.0026871371477147,-0.0026871371477147,0.0,0,REJECT,没有安全买入价格，放弃,系统仅供人工参考：T日9:25前仅用限价单参与集合竞价；不得使用无上限市价单，高于上限或未成交均放弃,T+1按实际成交价计算止盈/止损，首次触发即人工退出；均未触发则14:50退出；一字跌停顺延,1,0,LIMIT_ONLY_MANUAL,0,10.0,a_share_price_limit_le_10_v2,eligible_limit_le_10:10.00%:main_board_10pct,1.0,1,0,big_loss_probability_exceeds_cap,auction_v5_manual_guidance_4,2026-07-24T12:52:50+00:00,1e8f99d47a70c6b6b5a9abbadde485139af505ebb31c5fe227f5473f62481316,D_CLOSE_PLUS_D_MINUTE_NO_T_LEAKAGE_V4_DERIVED_LIMIT_STREAK
20260724-600984.SH-auction_v5_manual_guidance_4,20260724,20260727,20260728,600984.SH,建设机械,工程机械,2→3,2→3,1.0,18.0,4.0,4.4,,,3.8,-5.0,model_diagnostic_cap,0,,0,15,0.03,-0.025,,,14:50,tplus1_first_touch_tp3_sl2p5_time1450_v1,-0.0652583191998224,-0.0729958092698613,-0.0575208291297834,-0.1356777754034286,-0.005652068527136,0.050048871388215,0.9983120780195048,0.2928583641862551,0.6449044275281659,0.2054234642984569,0.15,-0.03,0.0,-0.0042386313166801,-0.0032115139951878,0.0,0,REJECT,没有安全买入价格，放弃,系统仅供人工参考：T日9:25前仅用限价单参与集合竞价；不得使用无上限市价单，高于上限或未成交均放弃,T+1按实际成交价计算止盈/止损，首次触发即人工退出；均未触发则14:50退出；一字跌停顺延,1,0,LIMIT_ONLY_MANUAL,0,10.0,a_share_price_limit_le_10_v2,eligible_limit_le_10:10.00%:main_board_10pct,1.0,1,0,big_loss_probability_exceeds_cap,auction_v5_manual_guidance_4,2026-07-24T12:52:50+00:00,1e8f99d47a70c6b6b5a9abbadde485139af505ebb31c5fe227f5473f62481316,D_CLOSE_PLUS_D_MINUTE_NO_T_LEAKAGE_V4_DERIVED_LIMIT_STREAK
20260724-002083.SZ-auction_v5_manual_guidance_4,20260724,20260727,20260728,002083.SZ,孚日股份,纺织制造,2→3,2→3,1.0,2.0,11.52,12.68,,,10.94,-5.0347,model_diagnostic_cap,0,8.0,1,15,0.03,-0.025,,,14:50,tplus1_first_touch_tp3_sl2p5_time1450_v1,-0.0578906990995594,-0.0656281891695984,-0.0501532090295205,-0.1283101553031656,0.0017155515731269,0.0605509327286907,0.9983120780195048,0.362583009307652,0.61123985180236,0.2617256690230035,0.15,-0.03,0.0,-0.0046207803837362,-0.0033121520386212,0.0,0,REJECT,没有安全买入价格，放弃,系统仅供人工参考：T日9:25前仅用限价单参与集合竞价；不得使用无上限市价单，高于上限或未成交均放弃,T+1按实际成交价计算止盈/止损，首次触发即人工退出；均未触发则14:50退出；一字跌停顺延,1,0,LIMIT_ONLY_MANUAL,0,10.0,a_share_price_limit_le_10_v2,eligible_limit_le_10:10.00%:main_board_10pct,0.0,1,0,big_loss_probability_exceeds_cap,auction_v5_manual_guidance_4,2026-07-24T12:52:50+00:00,1e8f99d47a70c6b6b5a9abbadde485139af505ebb31c5fe227f5473f62481316,D_CLOSE_PLUS_D_MINUTE_NO_T_LEAKAGE_V4_DERIVED_LIMIT_STREAK
20260724-002879.SZ-auction_v5_manual_guidance_4,20260724,20260727,20260728,002879.SZ,长缆科技,电网设备,4→5,4→5,0.0,5.0,18.05,19.85,,,17.15,-4.9861,model_diagnostic_cap,0,,0,15,0.03,-0.025,,,14:50,tplus1_first_touch_tp3_sl2p5_time1450_v1,-0.0706753842694278,-0.0784128743394667,-0.0629378941993888,-0.141094840473034,-0.0110691335967414,0.0584674618420801,0.9983120780195048,0.4629452770249317,0.6611655071199434,0.2896752024985705,0.15,-0.03,0.0,-0.0052968448304115,-0.0052968448304115,0.0,0,REJECT,没有安全买入价格，放弃,系统仅供人工参考：T日9:25前仅用限价单参与集合竞价；不得使用无上限市价单，高于上限或未成交均放弃,T+1按实际成交价计算止盈/止损，首次触发即人工退出；均未触发则14:50退出；一字跌停顺延,1,0,LIMIT_ONLY_MANUAL,0,10.0,a_share_price_limit_le_10_v2,eligible_limit_le_10:10.00%:main_board_10pct,1.0,1,0,big_loss_probability_exceeds_cap,auction_v5_manual_guidance_4,2026-07-24T12:52:50+00:00,1e8f99d47a70c6b6b5a9abbadde485139af505ebb31c5fe227f5473f62481316,D_CLOSE_PLUS_D_MINUTE_NO_T_LEAKAGE_V4_DERIVED_LIMIT_STREAK
20260724-000595.SZ-auction_v5_manual_guidance_4,20260724,20260727,20260728,000595.SZ,新能股份,电力,3→4,3→4,1.0,23.0,6.07,6.67,,,5.77,-4.9423,model_diagnostic_cap,0,,0,15,0.03,-0.025,,,14:50,tplus1_first_touch_tp3_sl2p5_time1450_v1,-0.0594360173707766,-0.0671735074408155,-0.0516985273007376,-0.1298554735743828,0.0001702333019097,0.0952126447945834,0.9983120780195048,0.3519310564156647,0.6416257145469282,0.2166605407811976,0.15,-0.03,0.0,-0.0074998224232337,-0.0064165197193277,0.0,0,REJECT,没有安全买入价格，放弃,系统仅供人工参考：T日9:25前仅用限价单参与集合竞价；不得使用无上限市价单，高于上限或未成交均放弃,T+1按实际成交价计算止盈/止损，首次触发即人工退出；均未触发则14:50退出；一字跌停顺延,1,0,LIMIT_ONLY_MANUAL,0,10.0,a_share_price_limit_le_10_v2,eligible_limit_le_10:10.00%:main_board_10pct,1.0,1,0,big_loss_probability_exceeds_cap,auction_v5_manual_guidance_4,2026-07-24T12:52:50+00:00,1e8f99d47a70c6b6b5a9abbadde485139af505ebb31c5fe227f5473f62481316,D_CLOSE_PLUS_D_MINUTE_NO_T_LEAKAGE_V4_DERIVED_LIMIT_STREAK
20260724-003001.SZ-auction_v5_manual_guidance_4,20260724,20260727,20260728,003001.SZ,中岩大地,专业工程,2→3,2→3,1.0,13.0,20.39,22.42,,,19.37,-5.0025,model_diagnostic_cap,0,,0,15,0.03,-0.025,,,14:50,tplus1_first_touch_tp3_sl2p5_time1450_v1,-0.0575914588531648,-0.0653289489232038,-0.0498539687831259,-0.1280109150567711,0.0020147918195215,0.1030707705953257,0.9983120780195048,0.3531408573708783,0.5285061556711201,0.2087649473472716,0.15,-0.03,0.0,-0.0075789009165482,-0.0065350761798119,0.0,0,REJECT,没有安全买入价格，放弃,系统仅供人工参考：T日9:25前仅用限价单参与集合竞价；不得使用无上限市价单，高于上限或未成交均放弃,T+1按实际成交价计算止盈/止损，首次触发即人工退出；均未触发则14:50退出；一字跌停顺延,1,0,LIMIT_ONLY_MANUAL,0,10.0,a_share_price_limit_le_10_v2,eligible_limit_le_10:10.00%:main_board_10pct,1.0,1,0,big_loss_probability_exceeds_cap,auction_v5_manual_guidance_4,2026-07-24T12:52:50+00:00,1e8f99d47a70c6b6b5a9abbadde485139af505ebb31c5fe227f5473f62481316,D_CLOSE_PLUS_D_MINUTE_NO_T_LEAKAGE_V4_DERIVED_LIMIT_STREAK
20260724-002218.SZ-auction_v5_manual_guidance_4,20260724,20260727,20260728,002218.SZ,拓日新能,电力,2→3,2→3,1.0,25.0,4.2,4.62,,,3.99,-5.0,model_diagnostic_cap,0,,0,15,0.03,-0.025,,,14:50,tplus1_first_touch_tp3_sl2p5_time1450_v1,-0.0416869878639024,-0.0494244779339414,-0.0339494977938635,-0.1121064440675086,0.0179192628087839,0.2575322179906182,0.9983120780195048,0.5460664928072806,0.4630401500111386,0.1861798575530734,0.15,-0.03,0.0,-0.0143349098660427,-0.0134040105782773,0.0,0,REJECT,没有安全买入价格，放弃,系统仅供人工参考：T日9:25前仅用限价单参与集合竞价；不得使用无上限市价单，高于上限或未成交均放弃,T+1按实际成交价计算止盈/止损，首次触发即人工退出；均未触发则14:50退出；一字跌停顺延,1,0,LIMIT_ONLY_MANUAL,0,10.0,a_share_price_limit_le_10_v2,eligible_limit_le_10:10.00%:main_board_10pct,1.0,1,0,big_loss_probability_exceeds_cap,auction_v5_manual_guidance_4,2026-07-24T12:52:50+00:00,1e8f99d47a70c6b6b5a9abbadde485139af505ebb31c5fe227f5473f62481316,D_CLOSE_PLUS_D_MINUTE_NO_T_LEAKAGE_V4_DERIVED_LIMIT_STREAK
