trade_date,verify_date,rank,ts_code,name,晋阶,stage_bonus,stage_risk_penalty,stage_adjustment,prob,Probability,p_limit_up_calibrated,rank_score,probability_is_calibrated,probability_semantics,model_contract_status,model_contract_reason,model_schema_version,_prob_src,prob_lr,prob_hgb,prob_lgbm,prob_rule,StrengthScore,ThemeBoost,board,final_score,raw_final_score,final_score_v2,intraday_available,intraday_status,intraday_missing_reason,intraday_quality_score,intraday_soft_risk_score,intraday_hard_risk_flag,intraday_risk_score,late_withdraw_score,reseal_score,open_board_count,auction_strength_score,intraday_confidence_score,risk_level,risk_label,regime_score,regime_smooth,regime_weight,regime_state,regime_E1,regime_E2,regime_E3,run_id,run_attempt,commit_sha,generated_at_utc,limit_times,advance_stage,stage_quality_weight,stage_risk_weight,stage_prior,stage_source,up_stat,final_score_pre_stage,stage_adjustment_applied,prob_final,rank_v2
20260817,20260818,1,002156.SZ,通富微电,1→2,-0.022,0.001925,-0.023925,0.3599611447121322,0.3599611447121322,0.3599611447121322,0.3599611447121322,True,calibrated_probability,valid,contract=valid; ordered feature contract validated; prediction=ok,step5_core_features_v1,hgb,0.2614318217113057,0.3599611447121322,0.3504026282750916,0.6360169230767717,68.663043,0.0164,半导体,0.366635,0.3905604257600311,0.366635,0,missing_stock,stock not covered by intraday_features.csv,0.688933,0.0,0,0.0,0.0,0.5,0.0,0.492884371029225,0.0,中,分时缺失|低置信,0.55,0.55,0.93,neutral,106,0.0,0,32027008125,1,14d563095a4610dbbd41021640e53425b2b88341,2026-08-17T11:53:30Z,1.0,1→2,0.78,0.035,0.16,limit_list_d,1/1,0.3905604257600311,True,0.3599611447121322,1
20260817,20260818,2,600206.SH,有研新材,1→2,-0.022,0.001925,-0.023925,0.3420089918801073,0.3420089918801073,0.3420089918801073,0.3420089918801073,True,calibrated_probability,valid,contract=valid; ordered feature contract validated; prediction=ok,step5_core_features_v1,hgb,0.2847657142781511,0.3420089918801073,0.3457309158949622,0.6272403197258397,65.380435,0.01,半导体,0.347011,0.3709363950853059,0.347011,0,missing_stock,stock not covered by intraday_features.csv,0.682323,0.0,0,0.0,0.0,0.5,0.0,0.4488184324537221,0.0,中,分时缺失|低置信,0.55,0.55,0.93,neutral,106,0.0,0,32027008125,1,14d563095a4610dbbd41021640e53425b2b88341,2026-08-17T11:53:30Z,1.0,1→2,0.78,0.035,0.16,limit_list_d,1/1,0.3709363950853059,True,0.3420089918801073,2
20260817,20260818,3,601700.SH,风范股份,1→2,-0.022,0.001925,-0.023925,0.3365582268490923,0.3365582268490923,0.3365582268490923,0.3365582268490923,True,calibrated_probability,valid,contract=valid; ordered feature contract validated; prediction=ok,step5_core_features_v1,hgb,0.1953228265722081,0.3365582268490923,0.2857930180951135,0.6359901365648569,68.445652,0.0164,电网设备,0.349819,0.3737436012559031,0.349819,0,missing_stock,stock not covered by intraday_features.csv,0.693476,0.0,0,0.0,0.0,0.5,0.0,0.5231707317073172,0.0,中,分时缺失|低置信,0.55,0.55,0.93,neutral,106,0.0,0,32027008125,1,14d563095a4610dbbd41021640e53425b2b88341,2026-08-17T11:53:30Z,1.0,1→2,0.78,0.035,0.16,limit_list_d,7/11,0.3737436012559031,True,0.3365582268490923,3
20260817,20260818,4,603118.SH,共进股份,3→4,0.01,0.0,0.01,0.3140181217182001,0.3140181217182001,0.3140181217182001,0.3140181217182001,True,calibrated_probability,valid,contract=valid; ordered feature contract validated; prediction=ok,step5_core_features_v1,hgb,0.2115920360217405,0.3140181217182001,0.3447806572738816,0.5367896461295136,68.847826,0.01,通信设备,0.368278,0.3582775679719709,0.368278,0,missing_stock,stock not covered by intraday_features.csv,0.765,0.0,0,0.0,0.0,0.5,0.0,1.0,0.0,中,分时缺失|低置信,0.55,0.55,0.93,neutral,106,0.0,0,32027008125,1,14d563095a4610dbbd41021640e53425b2b88341,2026-08-17T11:53:30Z,3.0,3→4,1.1,0.0,0.43,limit_list_d,3/3,0.3582775679719709,True,0.3140181217182001,4
20260817,20260818,5,002436.SZ,兴森科技,1→2,-0.022,0.001925,-0.023925,0.2913046145572663,0.2913046145572663,0.2913046145572663,0.2913046145572663,True,calibrated_probability,valid,contract=valid; ordered feature contract validated; prediction=ok,step5_core_features_v1,hgb,0.2037536657555905,0.2913046145572663,0.2550760920066858,0.7087089363332072,62.532609,0.5458931282264484,元件,0.347045,0.3709702272844287,0.347045,0,missing_stock,stock not covered by intraday_features.csv,0.699301,0.0,0,0.0,0.0,0.5,0.0,0.5620045950603106,0.0,中,分时缺失|低置信,0.55,0.55,0.93,neutral,106,0.0,0,32027008125,1,14d563095a4610dbbd41021640e53425b2b88341,2026-08-17T11:53:30Z,1.0,1→2,0.78,0.035,0.16,limit_list_d,1/1,0.3709702272844287,True,0.2913046145572663,5
20260817,20260818,6,600127.SH,金健米业,1→2,-0.022,0.001925,-0.023925,0.2844636655007838,0.2844636655007838,0.2844636655007838,0.2844636655007838,True,calibrated_probability,valid,contract=valid; ordered feature contract validated; prediction=ok,step5_core_features_v1,hgb,0.1998691256826154,0.2844636655007838,0.2647553164592761,0.6227543334888423,67.467391,0.0164,农产品加,0.311396,0.3353208863120872,0.311396,0,missing_stock,stock not covered by intraday_features.csv,0.751495,0.0,0,0.0,0.0,0.5,0.0,0.909965928449744,0.0,中,分时缺失|低置信,0.55,0.55,0.93,neutral,106,0.0,0,32027008125,1,14d563095a4610dbbd41021640e53425b2b88341,2026-08-17T11:53:30Z,1.0,1→2,0.78,0.035,0.16,limit_list_d,1/1,0.3353208863120872,True,0.2844636655007838,6
20260817,20260818,7,603186.SH,华正新材,2→3,-0.008,0.000825,-0.008825,0.2567597340872862,0.2567597340872862,0.2567597340872862,0.2567597340872862,True,calibrated_probability,valid,contract=valid; ordered feature contract validated; prediction=ok,step5_core_features_v1,hgb,0.220349787321995,0.2567597340872862,0.2480527531093855,0.6180518949310685,51.793478,0.5394931282264485,元件,0.315993,0.3248182412631348,0.315993,0,missing_stock,stock not covered by intraday_features.csv,0.765,0.0,0,0.0,0.0,0.5,0.0,1.0,0.0,中,分时缺失|低置信,0.55,0.55,0.93,neutral,106,0.0,0,32027008125,1,14d563095a4610dbbd41021640e53425b2b88341,2026-08-17T11:53:30Z,2.0,2→3,0.92,0.015,0.35,limit_list_d,5/10,0.3248182412631348,True,0.2567597340872862,7
20260817,20260818,8,002437.SZ,誉衡药业,1→2,-0.022,0.001925,-0.023925,0.2561642578966163,0.2561642578966163,0.2561642578966163,0.2561642578966163,True,calibrated_probability,valid,contract=valid; ordered feature contract validated; prediction=ok,step5_core_features_v1,hgb,0.1890262803766406,0.2561642578966163,0.2514805476846661,0.4716116348972625,47.673913,0.1179060031977598,化学制药,0.259807,0.2837324990813053,0.259807,0,missing_stock,stock not covered by intraday_features.csv,0.690447,0.0,0,0.0,0.0,0.5,0.0,0.5029801324503314,0.0,中,分时缺失|低置信,0.55,0.55,0.93,neutral,106,0.0,0,32027008125,1,14d563095a4610dbbd41021640e53425b2b88341,2026-08-17T11:53:30Z,1.0,1→2,0.78,0.035,0.16,limit_list_d,5/7,0.2837324990813053,True,0.2561642578966163,8
20260817,20260818,9,002907.SZ,华森制药,2→3,-0.008,0.000825,-0.008825,0.2416893435622868,0.2416893435622868,0.2416893435622868,0.2416893435622868,True,calibrated_probability,valid,contract=valid; ordered feature contract validated; prediction=ok,step5_core_features_v1,hgb,0.1898568478246056,0.2416893435622868,0.2415780410857298,0.6230121092345606,67.98913,0.0164,中药Ⅱ,0.297597,0.3064223389551393,0.297597,0,missing_stock,stock not covered by intraday_features.csv,0.765,0.0,0,0.0,0.0,0.5,0.0,1.0,0.0,中,分时缺失|低置信,0.55,0.55,0.93,neutral,106,0.0,0,32027008125,1,14d563095a4610dbbd41021640e53425b2b88341,2026-08-17T11:53:30Z,2.0,2→3,0.92,0.015,0.35,limit_list_d,2/2,0.3064223389551393,True,0.2416893435622868,9
20260817,20260818,10,603823.SH,百合花,1→2,-0.022,0.001925,-0.023925,0.2366365774886428,0.2366365774886428,0.2366365774886428,0.2366365774886428,True,calibrated_probability,valid,contract=valid; ordered feature contract validated; prediction=ok,step5_core_features_v1,hgb,0.162113380185835,0.2366365774886428,0.2522354089357798,0.5907889170666109,44.815217,0.83,化学制品,0.295197,0.3191221920882039,0.295197,0,missing_stock,stock not covered by intraday_features.csv,0.700503,0.0,0,0.0,0.0,0.5,0.0,0.5700169037892657,0.0,中,分时缺失|低置信,0.55,0.55,0.93,neutral,106,0.0,0,32027008125,1,14d563095a4610dbbd41021640e53425b2b88341,2026-08-17T11:53:30Z,1.0,1→2,0.78,0.035,0.16,limit_list_d,1/1,0.3191221920882039,True,0.2366365774886428,10
20260817,20260818,11,600459.SH,贵研铂业,1→2,-0.022,0.001925,-0.023925,0.2356139360834835,0.2356139360834835,0.2356139360834835,0.2356139360834835,True,calibrated_probability,valid,contract=valid; ordered feature contract validated; prediction=ok,step5_core_features_v1,hgb,0.1889762376633686,0.2356139360834835,0.2193110438407854,0.5853618223468786,62.097826,0.01,小金属,0.26597,0.2898946380276692,0.26597,0,missing_stock,stock not covered by intraday_features.csv,0.713534,0.0,0,0.0,0.0,0.5,0.0,0.6568965517241384,0.0,中,分时缺失|低置信,0.55,0.55,0.93,neutral,106,0.0,0,32027008125,1,14d563095a4610dbbd41021640e53425b2b88341,2026-08-17T11:53:30Z,1.0,1→2,0.78,0.035,0.16,limit_list_d,1/1,0.2898946380276692,True,0.2356139360834835,11
20260817,20260818,12,603011.SH,合锻智能,1→2,-0.022,0.001925,-0.023925,0.2355567612840694,0.2355567612840694,0.2355567612840694,0.2355567612840694,True,calibrated_probability,valid,contract=valid; ordered feature contract validated; prediction=ok,step5_core_features_v1,hgb,0.1870334693970355,0.2355567612840694,0.1842903519016593,0.774864025114172,65.467391,0.6729057079444091,专用设备,0.323661,0.3475864924330339,0.323661,0,missing_stock,stock not covered by intraday_features.csv,0.712191,0.0,0,0.0,0.0,0.5,0.0,0.6479381443298976,0.0,中,分时缺失|低置信,0.55,0.55,0.93,neutral,106,0.0,0,32027008125,1,14d563095a4610dbbd41021640e53425b2b88341,2026-08-17T11:53:30Z,1.0,1→2,0.78,0.035,0.16,limit_list_d,1/1,0.3475864924330339,True,0.2355567612840694,12
20260817,20260818,13,600330.SH,天通股份,1→2,-0.022,0.001925,-0.023925,0.2290780272964983,0.2290780272964983,0.2290780272964983,0.2290780272964983,True,calibrated_probability,valid,contract=valid; ordered feature contract validated; prediction=ok,step5_core_features_v1,hgb,0.2015822925779609,0.2290780272964983,0.1995635051934824,0.6406007441601618,66.619565,0.01,电子化学,0.270438,0.2943629798767796,0.270438,0,missing_stock,stock not covered by intraday_features.csv,0.687184,0.0,0,0.0,0.0,0.5,0.0,0.4812249799839872,0.0,中,分时缺失|低置信,0.55,0.55,0.93,neutral,106,0.0,0,32027008125,1,14d563095a4610dbbd41021640e53425b2b88341,2026-08-17T11:53:30Z,1.0,1→2,0.78,0.035,0.16,limit_list_d,1/1,0.2943629798767796,True,0.2290780272964983,13
20260817,20260818,14,600613.SH,神奇制药,3→4,0.01,0.0,0.01,0.227159252484395,0.227159252484395,0.227159252484395,0.227159252484395,True,calibrated_probability,valid,contract=valid; ordered feature contract validated; prediction=ok,step5_core_features_v1,hgb,0.2041553493779486,0.227159252484395,0.2259415720715514,0.6418038460182545,64.402174,0.1115060031977598,化学制药,0.306393,0.2963932096004428,0.306393,0,missing_stock,stock not covered by intraday_features.csv,0.751299,0.0,0,0.0,0.0,0.5,0.0,0.908658346333854,0.0,中,分时缺失|低置信,0.55,0.55,0.93,neutral,106,0.0,0,32027008125,1,14d563095a4610dbbd41021640e53425b2b88341,2026-08-17T11:53:30Z,3.0,3→4,1.1,0.0,0.43,limit_list_d,3/3,0.2963932096004428,True,0.227159252484395,14
20260817,20260818,15,603929.SH,亚翔集成,1→2,-0.022,0.001925,-0.023925,0.2225731067859922,0.2225731067859922,0.2225731067859922,0.2225731067859922,True,calibrated_probability,valid,contract=valid; ordered feature contract validated; prediction=ok,step5_core_features_v1,hgb,0.1883686264219669,0.2225731067859922,0.2203619437733258,0.4984236457168476,47.119565,0.01,专业工程,0.226885,0.2508095355194253,0.226885,0,missing_stock,stock not covered by intraday_features.csv,0.706231,0.0,0,0.0,0.0,0.5,0.0,0.6082052858020905,0.0,中,分时缺失|低置信,0.55,0.55,0.93,neutral,106,0.0,0,32027008125,1,14d563095a4610dbbd41021640e53425b2b88341,2026-08-17T11:53:30Z,1.0,1→2,0.78,0.035,0.16,limit_list_d,1/1,0.2508095355194253,True,0.2225731067859922,15
20260817,20260818,16,002863.SZ,今飞凯达,1→2,-0.022,0.001925,-0.023925,0.2067041769322901,0.2067041769322901,0.2067041769322901,0.2067041769322901,True,calibrated_probability,valid,contract=valid; ordered feature contract validated; prediction=ok,step5_core_features_v1,hgb,0.1634972727456619,0.2067041769322901,0.2015239545465753,0.4922991967462347,46.021739,0.328751396590983,汽车零部件,0.2381,0.2620249708211402,0.2381,0,missing_stock,stock not covered by intraday_features.csv,0.747919,0.0,0,0.0,0.0,0.5,0.0,0.8861233480176212,0.0,中,分时缺失|低置信,0.55,0.55,0.93,neutral,106,0.0,0,32027008125,1,14d563095a4610dbbd41021640e53425b2b88341,2026-08-17T11:53:30Z,1.0,1→2,0.78,0.035,0.16,limit_list_d,1/1,0.2620249708211402,True,0.2067041769322901,16
20260817,20260818,17,603936.SH,博敏电子,1→2,-0.022,0.001925,-0.023925,0.2055812867711232,0.2055812867711232,0.2055812867711232,0.2055812867711232,True,calibrated_probability,valid,contract=valid; ordered feature contract validated; prediction=ok,step5_core_features_v1,hgb,0.1868171066722998,0.2055812867711232,0.2042855033215875,0.6934940760714043,60.402174,0.5394931282264485,元件,0.282286,0.3062107201418208,0.282286,0,missing_stock,stock not covered by intraday_features.csv,0.710411,0.0,0,0.0,0.0,0.5,0.0,0.6360759493670883,0.0,中,分时缺失|低置信,0.55,0.55,0.93,neutral,106,0.0,0,32027008125,1,14d563095a4610dbbd41021640e53425b2b88341,2026-08-17T11:53:30Z,1.0,1→2,0.78,0.035,0.16,limit_list_d,1/1,0.3062107201418208,True,0.2055812867711232,17
20260817,20260818,18,603721.SH,中广天择,1→2,-0.022,0.001925,-0.023925,0.2042730291491036,0.2042730291491036,0.2042730291491036,0.2042730291491036,True,calibrated_probability,valid,contract=valid; ordered feature contract validated; prediction=ok,step5_core_features_v1,hgb,0.1775297518253123,0.2042730291491036,0.2280326357152573,0.5805114252442922,60.097826,0.01,影视院线,0.240031,0.2639560031736033,0.240031,0,missing_stock,stock not covered by intraday_features.csv,0.688975,0.0,0,0.0,0.0,0.5,0.0,0.493165467625899,0.0,中,分时缺失|低置信,0.55,0.55,0.93,neutral,106,0.0,0,32027008125,1,14d563095a4610dbbd41021640e53425b2b88341,2026-08-17T11:53:30Z,1.0,1→2,0.78,0.035,0.16,limit_list_d,1/1,0.2639560031736033,True,0.2042730291491036,18
20260817,20260818,19,600172.SH,黄河旋风,1→2,-0.022,0.001925,-0.023925,0.2024084995779101,0.2024084995779101,0.2024084995779101,0.2024084995779101,True,calibrated_probability,valid,contract=valid; ordered feature contract validated; prediction=ok,step5_core_features_v1,hgb,0.1930415551178721,0.2024084995779101,0.1856757936143749,0.6224471550597866,57.423913,0.2454420922806225,通用设备,0.251489,0.2754139366492004,0.251489,0,missing_stock,stock not covered by intraday_features.csv,0.689758,0.0,0,0.0,0.0,0.5,0.0,0.4983870967741935,0.0,中,分时缺失|低置信,0.55,0.55,0.93,neutral,106,0.0,0,32027008125,1,14d563095a4610dbbd41021640e53425b2b88341,2026-08-17T11:53:30Z,1.0,1→2,0.78,0.035,0.16,limit_list_d,1/1,0.2754139366492004,True,0.2024084995779101,19
20260817,20260818,20,001358.SZ,兴欣新材,1→2,-0.022,0.001925,-0.023925,0.200738524964712,0.200738524964712,0.200738524964712,0.200738524964712,True,calibrated_probability,valid,contract=valid; ordered feature contract validated; prediction=ok,step5_core_features_v1,hgb,0.1832201528946893,0.200738524964712,0.1690150058620385,0.7896831164115984,65.445652,0.83,化学制品,0.311329,0.3352544253214523,0.311329,0,missing_stock,stock not covered by intraday_features.csv,0.685315,0.0,0,0.0,0.0,0.5,0.0,0.4687646598905404,0.0,中,分时缺失|低置信,0.55,0.55,0.93,neutral,106,0.0,0,32027008125,1,14d563095a4610dbbd41021640e53425b2b88341,2026-08-17T11:53:30Z,1.0,1→2,0.78,0.035,0.16,limit_list_d,1/1,0.3352544253214523,True,0.200738524964712,20
20260817,20260818,21,600545.SH,卓郎智能,1→2,-0.022,0.001925,-0.023925,0.1992868586788589,0.1992868586788589,0.1992868586788589,0.1992868586788589,True,calibrated_probability,valid,contract=valid; ordered feature contract validated; prediction=ok,step5_core_features_v1,hgb,0.1523606741243964,0.1992868586788589,0.2348791107008724,0.5853861576789664,37.75,0.6729057079444091,专用设备,0.242838,0.2667627786093866,0.242838,0,missing_stock,stock not covered by intraday_features.csv,0.700826,0.0,0,0.0,0.0,0.5,0.0,0.572171945701357,0.0,中,分时缺失|低置信,0.55,0.55,0.93,neutral,106,0.0,0,32027008125,1,14d563095a4610dbbd41021640e53425b2b88341,2026-08-17T11:53:30Z,1.0,1→2,0.78,0.035,0.16,limit_list_d,1/1,0.2667627786093866,True,0.1992868586788589,21
20260817,20260818,22,002229.SZ,鸿博股份,1→2,-0.022,0.001925,-0.023925,0.1973708569730528,0.1973708569730528,0.1973708569730528,0.1973708569730528,True,calibrated_probability,valid,contract=valid; ordered feature contract validated; prediction=ok,step5_core_features_v1,hgb,0.2125293894292043,0.1973708569730528,0.179597774507972,0.7038400354995593,73.01087,0.01,IT服务Ⅱ,0.261026,0.2849505706503678,0.261026,0,missing_stock,stock not covered by intraday_features.csv,0.70758,0.0,0,0.0,0.0,0.5,0.0,0.6171974522292992,0.0,中,分时缺失|低置信,0.55,0.55,0.93,neutral,106,0.0,0,32027008125,1,14d563095a4610dbbd41021640e53425b2b88341,2026-08-17T11:53:30Z,1.0,1→2,0.78,0.035,0.16,limit_list_d,3/5,0.2849505706503678,True,0.1973708569730528,22
20260817,20260818,23,603002.SH,宏昌电子,1→2,-0.022,0.001925,-0.023925,0.1952395832272558,0.1952395832272558,0.1952395832272558,0.1952395832272558,True,calibrated_probability,valid,contract=valid; ordered feature contract validated; prediction=ok,step5_core_features_v1,hgb,0.1918439956621556,0.1952395832272558,0.2085721577065053,0.5826414628065828,59.076087,0.01,电子化学,0.231664,0.2555891130283099,0.231664,0,missing_stock,stock not covered by intraday_features.csv,0.697134,0.0,0,0.0,0.0,0.5,0.0,0.5475609756097566,0.0,中,分时缺失|低置信,0.55,0.55,0.93,neutral,106,0.0,0,32027008125,1,14d563095a4610dbbd41021640e53425b2b88341,2026-08-17T11:53:30Z,1.0,1→2,0.78,0.035,0.16,limit_list_d,1/1,0.2555891130283099,True,0.1952395832272558,23
20260817,20260818,24,000737.SZ,北方铜业,1→2,-0.022,0.001925,-0.023925,0.1951759990278154,0.1951759990278154,0.1951759990278154,0.1951759990278154,True,calibrated_probability,valid,contract=valid; ordered feature contract validated; prediction=ok,step5_core_features_v1,hgb,0.1771334403412698,0.1951759990278154,0.1745212017303334,0.5809150885685391,59.945652,0.01,工业金属,0.233359,0.2572837340887016,0.233359,0,missing_stock,stock not covered by intraday_features.csv,0.731507,0.0,0,0.0,0.0,0.5,0.0,0.7767108167770413,0.0,中,分时缺失|低置信,0.55,0.55,0.93,neutral,106,0.0,0,32027008125,1,14d563095a4610dbbd41021640e53425b2b88341,2026-08-17T11:53:30Z,1.0,1→2,0.78,0.035,0.16,limit_list_d,1/1,0.2572837340887016,True,0.1951759990278154,24
20260817,20260818,25,003031.SZ,中瓷电子,2→3,-0.008,0.000825,-0.008825,0.1941748571731779,0.1941748571731779,0.1941748571731779,0.1941748571731779,True,calibrated_probability,valid,contract=valid; ordered feature contract validated; prediction=ok,step5_core_features_v1,hgb,0.1832340352391585,0.1941748571731779,0.1943890691463909,0.5509728489182044,56.054348,0.01,通信设备,0.239975,0.2488003267904553,0.239975,0,missing_stock,stock not covered by intraday_features.csv,0.718547,0.0,0,0.0,0.0,0.5,0.0,0.6903136531365303,0.0,中,分时缺失|低置信,0.55,0.55,0.93,neutral,106,0.0,0,32027008125,1,14d563095a4610dbbd41021640e53425b2b88341,2026-08-17T11:53:30Z,2.0,2→3,0.92,0.015,0.35,limit_list_d,2/2,0.2488003267904553,True,0.1941748571731779,25
20260817,20260818,26,603395.SH,红四方,1→2,-0.022,0.001925,-0.023925,0.1932890588144445,0.1932890588144445,0.1932890588144445,0.1932890588144445,True,calibrated_probability,valid,contract=valid; ordered feature contract validated; prediction=ok,step5_core_features_v1,hgb,0.1767080875414834,0.1932890588144445,0.1733152136156438,0.5830918191827464,59.728261,0.01,农化制品,0.231603,0.2555280939393419,0.231603,0,missing_stock,stock not covered by intraday_features.csv,0.682913,0.0,0,0.0,0.0,0.5,0.0,0.4527548209366386,0.0,中,分时缺失|低置信,0.55,0.55,0.93,neutral,106,0.0,0,32027008125,1,14d563095a4610dbbd41021640e53425b2b88341,2026-08-17T11:53:30Z,1.0,1→2,0.78,0.035,0.16,limit_list_d,1/1,0.2555280939393419,True,0.1932890588144445,26
20260817,20260818,27,603010.SH,万盛股份,1→2,-0.022,0.001925,-0.023925,0.1922688934623432,0.1922688934623432,0.1922688934623432,0.1922688934623432,True,calibrated_probability,valid,contract=valid; ordered feature contract validated; prediction=ok,step5_core_features_v1,hgb,0.1707792170974031,0.1922688934623432,0.1845566218110314,0.7060890687073557,56.728261,0.83,化学制品,0.287966,0.3118909012697941,0.287966,0,missing_stock,stock not covered by intraday_features.csv,0.678504,0.0,0,0.0,0.0,0.5,0.0,0.4233570159857909,0.0,中,分时缺失|低置信,0.55,0.55,0.93,neutral,106,0.0,0,32027008125,1,14d563095a4610dbbd41021640e53425b2b88341,2026-08-17T11:53:30Z,1.0,1→2,0.78,0.035,0.16,limit_list_d,1/1,0.3118909012697941,True,0.1922688934623432,27
20260817,20260818,28,002682.SZ,龙洲股份,1→2,-0.022,0.001925,-0.023925,0.1898055201848603,0.1898055201848603,0.1898055201848603,0.1898055201848603,True,calibrated_probability,valid,contract=valid; ordered feature contract validated; prediction=ok,step5_core_features_v1,hgb,0.1763826747020672,0.1898055201848603,0.1754622230992456,0.5678275337541538,52.315217,0.01,物流,0.214339,0.2382635288986329,0.214339,0,missing_stock,stock not covered by intraday_features.csv,0.68056,0.0,0,0.0,0.0,0.5,0.0,0.4370689655172418,0.0,中,分时缺失|低置信,0.55,0.55,0.93,neutral,106,0.0,0,32027008125,1,14d563095a4610dbbd41021640e53425b2b88341,2026-08-17T11:53:30Z,1.0,1→2,0.78,0.035,0.16,limit_list_d,2/4,0.2382635288986329,True,0.1898055201848603,28
20260817,20260818,29,002081.SZ,金 螳 螂,4→5,0.01,0.000275,0.009725,0.1872139406806259,0.1872139406806259,0.1872139406806259,0.1872139406806259,True,calibrated_probability,valid,contract=valid; ordered feature contract validated; prediction=ok,step5_core_features_v1,hgb,0.2115369379257343,0.1872139406806259,0.1729698563452373,0.5679524231766644,72.630435,0.0164,装修装饰,0.287297,0.2775721669379767,0.287297,0,missing_stock,stock not covered by intraday_features.csv,0.718228,0.0,0,0.0,0.0,0.5,0.0,0.6881852551984874,0.0,中,分时缺失|低置信,0.55,0.55,0.93,neutral,106,0.0,0,32027008125,1,14d563095a4610dbbd41021640e53425b2b88341,2026-08-17T11:53:30Z,4.0,4→5,1.1,0.005,0.515,limit_list_d,4/4,0.2775721669379767,True,0.1872139406806259,29
20260817,20260818,30,603102.SH,百合股份,1→2,-0.022,0.001925,-0.023925,0.1863553478034958,0.1863553478034958,0.1863553478034958,0.1863553478034958,True,calibrated_probability,valid,contract=valid; ordered feature contract validated; prediction=ok,step5_core_features_v1,hgb,0.170576285328307,0.1863553478034958,0.203798376245048,0.5406595497496257,52.728261,0.01,食品加工,0.212749,0.2366744962316778,0.212749,0,missing_stock,stock not covered by intraday_features.csv,0.709869,0.0,0,0.0,0.0,0.5,0.0,0.6324632539280273,0.0,中,分时缺失|低置信,0.55,0.55,0.93,neutral,106,0.0,0,32027008125,1,14d563095a4610dbbd41021640e53425b2b88341,2026-08-17T11:53:30Z,1.0,1→2,0.78,0.035,0.16,limit_list_d,2/4,0.2366744962316778,True,0.1863553478034958,30
20260817,20260818,31,603773.SH,沃格光电,1→2,-0.022,0.001925,-0.023925,0.1859075649563366,0.1859075649563366,0.1859075649563366,0.1859075649563366,True,calibrated_probability,valid,contract=valid; ordered feature contract validated; prediction=ok,step5_core_features_v1,hgb,0.1894319052866349,0.1859075649563366,0.1769495785168687,0.6179113482988833,52.532609,0.4258611773793213,光学光电,0.244034,0.2679590655755373,0.244034,0,missing_stock,stock not covered by intraday_features.csv,0.700028,0.0,0,0.0,0.0,0.5,0.0,0.5668544057269187,0.0,中,分时缺失|低置信,0.55,0.55,0.93,neutral,106,0.0,0,32027008125,1,14d563095a4610dbbd41021640e53425b2b88341,2026-08-17T11:53:30Z,1.0,1→2,0.78,0.035,0.16,limit_list_d,5/10,0.2679590655755373,True,0.1859075649563366,31
20260817,20260818,32,603330.SH,天洋新材,4→5,0.01,0.000275,0.009725,0.1830802750922936,0.1830802750922936,0.1830802750922936,0.1830802750922936,True,calibrated_probability,valid,contract=valid; ordered feature contract validated; prediction=ok,step5_core_features_v1,hgb,0.1934432425095868,0.1830802750922936,0.1767112649867525,0.5610195489862188,56.815217,0.01,塑料,0.252281,0.2425558573338363,0.252281,0,missing_stock,stock not covered by intraday_features.csv,0.765,0.0,0,0.0,0.0,0.5,0.0,1.0,0.0,中,分时缺失|低置信,0.55,0.55,0.93,neutral,106,0.0,0,32027008125,1,14d563095a4610dbbd41021640e53425b2b88341,2026-08-17T11:53:30Z,4.0,4→5,1.1,0.005,0.515,limit_list_d,4/4,0.2425558573338363,True,0.1830802750922936,32
20260817,20260818,33,000779.SZ,甘咨询,1→2,-0.022,0.001925,-0.023925,0.1808235272275213,0.1808235272275213,0.1808235272275213,0.1808235272275213,True,calibrated_probability,valid,contract=valid; ordered feature contract validated; prediction=ok,step5_core_features_v1,hgb,0.1922910638003424,0.1808235272275213,0.1878915740845158,0.6507841002815414,66.163043,0.01,工程咨询,0.235747,0.2596717858284957,0.235747,0,missing_stock,stock not covered by intraday_features.csv,0.697407,0.0,0,0.0,0.0,0.5,0.0,0.5493788819875783,0.0,中,分时缺失|低置信,0.55,0.55,0.93,neutral,106,0.0,0,32027008125,1,14d563095a4610dbbd41021640e53425b2b88341,2026-08-17T11:53:30Z,1.0,1→2,0.78,0.035,0.16,limit_list_d,1/1,0.2596717858284957,True,0.1808235272275213,33
20260817,20260818,34,603079.SH,圣达生物,2→3,-0.008,0.000825,-0.008825,0.1789136523529982,0.1789136523529982,0.1789136523529982,0.1789136523529982,True,calibrated_probability,valid,contract=valid; ordered feature contract validated; prediction=ok,step5_core_features_v1,hgb,0.1637734711641777,0.1789136523529982,0.1744913105196598,0.6664939105781711,46.98913,0.83,化学制品,0.274239,0.2830639704932527,0.274239,0,missing_stock,stock not covered by intraday_features.csv,0.765,0.0,0,0.0,0.0,0.5,0.0,1.0,0.0,中,分时缺失|低置信,0.55,0.55,0.93,neutral,106,0.0,0,32027008125,1,14d563095a4610dbbd41021640e53425b2b88341,2026-08-17T11:53:30Z,2.0,2→3,0.92,0.015,0.35,limit_list_d,2/2,0.2830639704932527,True,0.1789136523529982,34
20260817,20260818,35,000735.SZ,罗 牛 山,1→2,-0.022,0.001925,-0.023925,0.1784772735202059,0.1784772735202059,0.1784772735202059,0.1784772735202059,True,calibrated_probability,valid,contract=valid; ordered feature contract validated; prediction=ok,step5_core_features_v1,hgb,0.1738014122398017,0.1784772735202059,0.1725424908342482,0.5870970671862196,56.597826,0.01,养殖业,0.214974,0.2388989742333749,0.214974,0,missing_stock,stock not covered by intraday_features.csv,0.733576,0.0,0,0.0,0.0,0.5,0.0,0.7905088062622306,0.0,中,分时缺失|低置信,0.55,0.55,0.93,neutral,106,0.0,0,32027008125,1,14d563095a4610dbbd41021640e53425b2b88341,2026-08-17T11:53:30Z,1.0,1→2,0.78,0.035,0.16,limit_list_d,1/1,0.2388989742333749,True,0.1784772735202059,35
20260817,20260818,36,605162.SH,新中港,1→2,-0.022,0.001925,-0.023925,0.1763548338420192,0.1763548338420192,0.1763548338420192,0.1763548338420192,True,calibrated_probability,valid,contract=valid; ordered feature contract validated; prediction=ok,step5_core_features_v1,hgb,0.1898826617452601,0.1763548338420192,0.1868014166991021,0.6313542742264563,68.184783,0.01,电力,0.236662,0.2605871804586442,0.236662,0,missing_stock,stock not covered by intraday_features.csv,0.671068,0.0,0,0.0,0.0,0.5,0.0,0.3737875288683603,0.0,中,分时缺失|低置信,0.55,0.55,0.93,neutral,106,0.0,0,32027008125,1,14d563095a4610dbbd41021640e53425b2b88341,2026-08-17T11:53:30Z,1.0,1→2,0.78,0.035,0.16,limit_list_d,1/1,0.2605871804586442,True,0.1763548338420192,36
20260817,20260818,37,600353.SH,旭光电子,2→3,-0.008,0.000825,-0.008825,0.1756906696748322,0.1756906696748322,0.1756906696748322,0.1756906696748322,True,calibrated_probability,valid,contract=valid; ordered feature contract validated; prediction=ok,step5_core_features_v1,hgb,0.1814001490677481,0.1756906696748322,0.1746537515419298,0.4887417201568801,46.815217,0.01,其他电子,0.208558,0.2173831335416133,0.208558,0,missing_stock,stock not covered by intraday_features.csv,0.739638,0.0,0,0.0,0.0,0.5,0.0,0.8309216886883652,0.0,中,分时缺失|低置信,0.55,0.55,0.93,neutral,106,0.0,0,32027008125,1,14d563095a4610dbbd41021640e53425b2b88341,2026-08-17T11:53:30Z,2.0,2→3,0.92,0.015,0.35,limit_list_d,2/2,0.2173831335416133,True,0.1756906696748322,37
20260817,20260818,38,000026.SZ,飞亚达,1→2,-0.022,0.001925,-0.023925,0.1735633394814378,0.1735633394814378,0.1735633394814378,0.1735633394814378,True,calibrated_probability,valid,contract=valid; ordered feature contract validated; prediction=ok,step5_core_features_v1,hgb,0.1687405835332096,0.1735633394814378,0.1620976320285388,0.5375205890449524,48.967391,0.01,饰品,0.196273,0.2201983504062373,0.196273,0,missing_stock,stock not covered by intraday_features.csv,0.68336,0.0,0,0.0,0.0,0.5,0.0,0.455736137667304,0.0,中,分时缺失|低置信,0.55,0.55,0.93,neutral,106,0.0,0,32027008125,1,14d563095a4610dbbd41021640e53425b2b88341,2026-08-17T11:53:30Z,1.0,1→2,0.78,0.035,0.16,limit_list_d,1/1,0.2201983504062373,True,0.1735633394814378,38
20260817,20260818,39,002578.SZ,闽发铝业,1→2,-0.022,0.001925,-0.023925,0.1735468136132812,0.1735468136132812,0.1735468136132812,0.1735468136132812,True,calibrated_probability,valid,contract=valid; ordered feature contract validated; prediction=ok,step5_core_features_v1,hgb,0.1729257754532719,0.1735468136132812,0.1713736875659366,0.567010359207016,53.641304,0.01,工业金属,0.20561,0.2295346082985277,0.20561,0,missing_stock,stock not covered by intraday_features.csv,0.693057,0.0,0,0.0,0.0,0.5,0.0,0.5203812316715541,0.0,中,分时缺失|低置信,0.55,0.55,0.93,neutral,106,0.0,0,32027008125,1,14d563095a4610dbbd41021640e53425b2b88341,2026-08-17T11:53:30Z,1.0,1→2,0.78,0.035,0.16,limit_list_d,1/1,0.2295346082985277,True,0.1735468136132812,39
20260817,20260818,40,605180.SH,华生科技,1→2,-0.022,0.001925,-0.023925,0.1731775048090983,0.1731775048090983,0.1731775048090983,0.1731775048090983,True,calibrated_probability,valid,contract=valid; ordered feature contract validated; prediction=ok,step5_core_features_v1,hgb,0.1692500224755202,0.1731775048090983,0.1601374313628286,0.5534086743772391,54.641304,0.01,纺织制造,0.207351,0.2312760921355997,0.207351,0,missing_stock,stock not covered by intraday_features.csv,0.676117,0.0,0,0.0,0.0,0.5,0.0,0.4074468085106383,0.0,中,分时缺失|低置信,0.55,0.55,0.93,neutral,106,0.0,0,32027008125,1,14d563095a4610dbbd41021640e53425b2b88341,2026-08-17T11:53:30Z,1.0,1→2,0.78,0.035,0.16,limit_list_d,1/1,0.2312760921355997,True,0.1731775048090983,40
20260817,20260818,41,002165.SZ,红 宝 丽,1→2,-0.022,0.001925,-0.023925,0.171256350996293,0.171256350996293,0.171256350996293,0.171256350996293,True,calibrated_probability,valid,contract=valid; ordered feature contract validated; prediction=ok,step5_core_features_v1,hgb,0.1901939644483857,0.171256350996293,0.1746107407678037,0.8136765446158022,69.728261,0.83,化学制品,0.299257,0.3231821215435589,0.299257,0,missing_stock,stock not covered by intraday_features.csv,0.6825,0.0,0,0.0,0.0,0.5,0.0,0.45,0.0,中,分时缺失|低置信,0.55,0.55,0.93,neutral,106,0.0,0,32027008125,1,14d563095a4610dbbd41021640e53425b2b88341,2026-08-17T11:53:30Z,1.0,1→2,0.78,0.035,0.16,limit_list_d,1/1,0.3231821215435589,True,0.171256350996293,41
20260817,20260818,42,002028.SZ,思源电气,1→2,-0.022,0.001925,-0.023925,0.1710000587995162,0.1710000587995162,0.1710000587995162,0.1710000587995162,True,calibrated_probability,valid,contract=valid; ordered feature contract validated; prediction=ok,step5_core_features_v1,hgb,0.1754788481857579,0.1710000587995162,0.170862898623708,0.5077812319236864,49.032609,0.01,电网设备,0.194609,0.2185344899288921,0.194609,0,missing_stock,stock not covered by intraday_features.csv,0.689527,0.0,0,0.0,0.0,0.5,0.0,0.4968468468468472,0.0,中,分时缺失|低置信,0.55,0.55,0.93,neutral,106,0.0,0,32027008125,1,14d563095a4610dbbd41021640e53425b2b88341,2026-08-17T11:53:30Z,1.0,1→2,0.78,0.035,0.16,limit_list_d,1/1,0.2185344899288921,True,0.1710000587995162,42
20260817,20260818,43,000670.SZ,盈方微,1→2,-0.022,0.001925,-0.023925,0.1701312559488221,0.1701312559488221,0.1701312559488221,0.1701312559488221,True,calibrated_probability,valid,contract=valid; ordered feature contract validated; prediction=ok,step5_core_features_v1,hgb,0.1986224188371949,0.1701312559488221,0.1295131006011454,0.6799768442395283,75.01087,0.01,其他电子,0.245958,0.2698828499334063,0.245958,0,missing_stock,stock not covered by intraday_features.csv,0.6825,0.0,0,0.0,0.0,0.5,0.0,0.45,0.0,中,分时缺失|低置信,0.55,0.55,0.93,neutral,106,0.0,0,32027008125,1,14d563095a4610dbbd41021640e53425b2b88341,2026-08-17T11:53:30Z,1.0,1→2,0.78,0.035,0.16,limit_list_d,1/1,0.2698828499334063,True,0.1701312559488221,43
20260817,20260818,44,002353.SZ,杰瑞股份,1→2,-0.022,0.001925,-0.023925,0.1689485809419182,0.1689485809419182,0.1689485809419182,0.1689485809419182,True,calibrated_probability,valid,contract=valid; ordered feature contract validated; prediction=ok,step5_core_features_v1,hgb,0.1635422601155867,0.1689485809419182,0.1782491238336178,0.6258657142161664,47.597826,0.679305707944409,专用设备,0.241789,0.2657139438858358,0.241789,0,missing_stock,stock not covered by intraday_features.csv,0.682738,0.0,0,0.0,0.0,0.5,0.0,0.4515895092390225,0.0,中,分时缺失|低置信,0.55,0.55,0.93,neutral,106,0.0,0,32027008125,1,14d563095a4610dbbd41021640e53425b2b88341,2026-08-17T11:53:30Z,1.0,1→2,0.78,0.035,0.16,limit_list_d,1/1,0.2657139438858358,True,0.1689485809419182,44
20260817,20260818,45,603790.SH,雅运股份,1→2,-0.022,0.001925,-0.023925,0.1685705020284418,0.1685705020284418,0.1685705020284418,0.1685705020284418,True,calibrated_probability,valid,contract=valid; ordered feature contract validated; prediction=ok,step5_core_features_v1,hgb,0.150844027909642,0.1685705020284418,0.1717514551435655,0.5633114816628568,38.032609,0.83,化学制品,0.233986,0.2579107232660631,0.233986,0,missing_stock,stock not covered by intraday_features.csv,0.670953,0.0,0,0.0,0.0,0.5,0.0,0.3730171073094875,0.0,中,分时缺失|低置信,0.55,0.55,0.93,neutral,106,0.0,0,32027008125,1,14d563095a4610dbbd41021640e53425b2b88341,2026-08-17T11:53:30Z,1.0,1→2,0.78,0.035,0.16,limit_list_d,1/1,0.2579107232660631,True,0.1685705020284418,45
20260817,20260818,46,603580.SH,艾艾精工,1→2,-0.022,0.001925,-0.023925,0.1684549173709781,0.1684549173709781,0.1684549173709781,0.1684549173709781,True,calibrated_probability,valid,contract=valid; ordered feature contract validated; prediction=ok,step5_core_features_v1,hgb,0.1658654487051671,0.1684549173709781,0.1703883369891368,0.511919031037866,47.793478,0.01,塑料,0.19035,0.2142746289289155,0.19035,0,missing_stock,stock not covered by intraday_features.csv,0.700531,0.0,0,0.0,0.0,0.5,0.0,0.5702041202041207,0.0,中,分时缺失|低置信,0.55,0.55,0.93,neutral,106,0.0,0,32027008125,1,14d563095a4610dbbd41021640e53425b2b88341,2026-08-17T11:53:30Z,1.0,1→2,0.78,0.035,0.16,limit_list_d,1/1,0.2142746289289155,True,0.1684549173709781,46
20260817,20260818,47,603067.SH,振华股份,1→2,-0.022,0.001925,-0.023925,0.167470418189168,0.167470418189168,0.167470418189168,0.167470418189168,True,calibrated_probability,valid,contract=valid; ordered feature contract validated; prediction=ok,step5_core_features_v1,hgb,0.1845929964637425,0.167470418189168,0.1667874610654109,0.5758425672755761,57.423913,0.01,化学原料,0.208921,0.2328463495016484,0.208921,0,missing_stock,stock not covered by intraday_features.csv,0.698765,0.0,0,0.0,0.0,0.5,0.0,0.5584337349397578,0.0,中,分时缺失|低置信,0.55,0.55,0.93,neutral,106,0.0,0,32027008125,1,14d563095a4610dbbd41021640e53425b2b88341,2026-08-17T11:53:30Z,1.0,1→2,0.78,0.035,0.16,limit_list_d,1/1,0.2328463495016484,True,0.167470418189168,47
20260817,20260818,48,001207.SZ,联科科技,1→2,-0.022,0.001925,-0.023925,0.1663465168068122,0.1663465168068122,0.1663465168068122,0.1663465168068122,True,calibrated_probability,valid,contract=valid; ordered feature contract validated; prediction=ok,step5_core_features_v1,hgb,0.1675405382379927,0.1663465168068122,0.1590380855901494,0.542750918457207,50.336957,0.01,橡胶,0.193961,0.2178857065339993,0.193961,0,missing_stock,stock not covered by intraday_features.csv,0.67738,0.0,0,0.0,0.0,0.5,0.0,0.4158659924146653,0.0,中,分时缺失|低置信,0.55,0.55,0.93,neutral,106,0.0,0,32027008125,1,14d563095a4610dbbd41021640e53425b2b88341,2026-08-17T11:53:30Z,1.0,1→2,0.78,0.035,0.16,limit_list_d,1/1,0.2178857065339993,True,0.1663465168068122,48
20260817,20260818,49,002838.SZ,道恩股份,1→2,-0.022,0.001925,-0.023925,0.1658773587003426,0.1658773587003426,0.1658773587003426,0.1658773587003426,True,calibrated_probability,valid,contract=valid; ordered feature contract validated; prediction=ok,step5_core_features_v1,hgb,0.1598911763209511,0.1658773587003426,0.1731172937359763,0.4706488396995007,43.021739,0.01,塑料,0.179002,0.2029268598594706,0.179002,0,missing_stock,stock not covered by intraday_features.csv,0.689782,0.0,0,0.0,0.0,0.5,0.0,0.4985436893203888,0.0,中,分时缺失|低置信,0.55,0.55,0.93,neutral,106,0.0,0,32027008125,1,14d563095a4610dbbd41021640e53425b2b88341,2026-08-17T11:53:30Z,1.0,1→2,0.78,0.035,0.16,limit_list_d,1/1,0.2029268598594706,True,0.1658773587003426,49
20260817,20260818,50,002742.SZ,冀衡医药,1→2,-0.022,0.001925,-0.023925,0.1645803682929819,0.1645803682929819,0.1645803682929819,0.1645803682929819,True,calibrated_probability,valid,contract=valid; ordered feature contract validated; prediction=ok,step5_core_features_v1,hgb,0.1710686986100533,0.1645803682929819,0.1825110298369092,0.5666135791237585,55.336957,0.1115060031977598,化学制药,0.210533,0.2344575566664535,0.210533,0,missing_stock,stock not covered by intraday_features.csv,0.676177,0.0,0,0.0,0.0,0.5,0.0,0.4078454332552699,0.0,中,分时缺失|低置信,0.55,0.55,0.93,neutral,106,0.0,0,32027008125,1,14d563095a4610dbbd41021640e53425b2b88341,2026-08-17T11:53:30Z,1.0,1→2,0.78,0.035,0.16,limit_list_d,1/1,0.2344575566664535,True,0.1645803682929819,50
20260817,20260818,51,603958.SH,哈森股份,1→2,-0.022,0.001925,-0.023925,0.1645060155055488,0.1645060155055488,0.1645060155055488,0.1645060155055488,True,calibrated_probability,valid,contract=valid; ordered feature contract validated; prediction=ok,step5_core_features_v1,hgb,0.1643561731340078,0.1645060155055488,0.1461080108296126,0.5234425690402998,49.445652,0.01,服装家纺,0.19089,0.214814745623115,0.19089,0,missing_stock,stock not covered by intraday_features.csv,0.68309,0.0,0,0.0,0.0,0.5,0.0,0.4539344262295087,0.0,中,分时缺失|低置信,0.55,0.55,0.93,neutral,106,0.0,0,32027008125,1,14d563095a4610dbbd41021640e53425b2b88341,2026-08-17T11:53:30Z,1.0,1→2,0.78,0.035,0.16,limit_list_d,1/1,0.214814745623115,True,0.1645060155055488,51
20260817,20260818,52,002787.SZ,华源控股,1→2,-0.022,0.001925,-0.023925,0.1639313559262998,0.1639313559262998,0.1639313559262998,0.1639313559262998,True,calibrated_probability,valid,contract=valid; ordered feature contract validated; prediction=ok,step5_core_features_v1,hgb,0.1851862638695197,0.1639313559262998,0.1825411382304149,0.6134450066724113,64.923913,0.01,包装印刷,0.221444,0.2453690059176407,0.221444,0,missing_stock,stock not covered by intraday_features.csv,0.69299,0.0,0,0.0,0.0,0.5,0.0,0.5199300699300696,0.0,中,分时缺失|低置信,0.55,0.55,0.93,neutral,106,0.0,0,32027008125,1,14d563095a4610dbbd41021640e53425b2b88341,2026-08-17T11:53:30Z,1.0,1→2,0.78,0.035,0.16,limit_list_d,1/1,0.2453690059176407,True,0.1639313559262998,52
20260817,20260818,53,603095.SH,越剑智能,2→3,-0.008,0.000825,-0.008825,0.1615757494918283,0.1615757494918283,0.1615757494918283,0.1615757494918283,True,calibrated_probability,valid,contract=valid; ordered feature contract validated; prediction=ok,step5_core_features_v1,hgb,0.1567156993369894,0.1615757494918283,0.1590165860420174,0.6289351945693049,43.467391,0.6729057079444091,专用设备,0.242975,0.2517997841784651,0.242975,0,missing_stock,stock not covered by intraday_features.csv,0.716235,0.0,0,0.0,0.0,0.5,0.0,0.6748995983935744,0.0,中,分时缺失|低置信,0.55,0.55,0.93,neutral,106,0.0,0,32027008125,1,14d563095a4610dbbd41021640e53425b2b88341,2026-08-17T11:53:30Z,2.0,2→3,0.92,0.015,0.35,limit_list_d,3/4,0.2517997841784651,True,0.1615757494918283,53
20260817,20260818,54,002651.SZ,利君股份,2→3,-0.008,0.000825,-0.008825,0.1603982983484291,0.1603982983484291,0.1603982983484291,0.1603982983484291,True,calibrated_probability,valid,contract=valid; ordered feature contract validated; prediction=ok,step5_core_features_v1,hgb,0.1818888618164422,0.1603982983484291,0.1629131033920092,0.6032421645288638,63.652174,0.01,航空装备,0.231527,0.2403523876131312,0.231527,0,missing_stock,stock not covered by intraday_features.csv,0.709318,0.0,0,0.0,0.0,0.5,0.0,0.6287842669845058,0.0,中,分时缺失|低置信,0.55,0.55,0.93,neutral,106,0.0,0,32027008125,1,14d563095a4610dbbd41021640e53425b2b88341,2026-08-17T11:53:30Z,2.0,2→3,0.92,0.015,0.35,limit_list_d,2/2,0.2403523876131312,True,0.1603982983484291,54
20260817,20260818,55,000811.SZ,冰轮环境,1→2,-0.022,0.001925,-0.023925,0.1602423095509633,0.1602423095509633,0.1602423095509633,0.1602423095509633,True,calibrated_probability,valid,contract=valid; ordered feature contract validated; prediction=ok,step5_core_features_v1,hgb,0.1850283804191181,0.1602423095509633,0.1825569823970921,0.6147370500371204,57.858696,0.2454420922806225,通用设备,0.222842,0.2467671696303376,0.222842,0,missing_stock,stock not covered by intraday_features.csv,0.6825,0.0,0,0.0,0.0,0.5,0.0,0.45,0.0,中,分时缺失|低置信,0.55,0.55,0.93,neutral,106,0.0,0,32027008125,1,14d563095a4610dbbd41021640e53425b2b88341,2026-08-17T11:53:30Z,1.0,1→2,0.78,0.035,0.16,limit_list_d,1/1,0.2467671696303376,True,0.1602423095509633,55
20260817,20260818,56,603286.SH,日盈电子,1→2,-0.022,0.001925,-0.023925,0.1582187645476387,0.1582187645476387,0.1582187645476387,0.1582187645476387,True,calibrated_probability,valid,contract=valid; ordered feature contract validated; prediction=ok,step5_core_features_v1,hgb,0.1733955698877557,0.1582187645476387,0.1548641296038488,0.6254677317543902,57.152174,0.328751396590983,汽车零部件,0.226421,0.2503460521518843,0.226421,0,missing_stock,stock not covered by intraday_features.csv,0.688722,0.0,0,0.0,0.0,0.5,0.0,0.4914779499404045,0.0,中,分时缺失|低置信,0.55,0.55,0.93,neutral,106,0.0,0,32027008125,1,14d563095a4610dbbd41021640e53425b2b88341,2026-08-17T11:53:30Z,1.0,1→2,0.78,0.035,0.16,limit_list_d,1/1,0.2503460521518843,True,0.1582187645476387,56
20260817,20260818,57,603110.SH,东方材料,1→2,-0.022,0.001925,-0.023925,0.157263216062346,0.157263216062346,0.157263216062346,0.157263216062346,True,calibrated_probability,valid,contract=valid; ordered feature contract validated; prediction=ok,step5_core_features_v1,hgb,0.1725851872008703,0.157263216062346,0.16915333592053,0.734752936084771,55.880435,0.83,化学制品,0.261766,0.2856912750897961,0.261766,0,missing_stock,stock not covered by intraday_features.csv,0.681786,0.0,0,0.0,0.0,0.5,0.0,0.4452418715305313,0.0,中,分时缺失|低置信,0.55,0.55,0.93,neutral,106,0.0,0,32027008125,1,14d563095a4610dbbd41021640e53425b2b88341,2026-08-17T11:53:30Z,1.0,1→2,0.78,0.035,0.16,limit_list_d,1/1,0.2856912750897961,True,0.157263216062346,57
20260817,20260818,58,002668.SZ,TCL智家,1→2,-0.022,0.001925,-0.023925,0.1565715464381752,0.1565715464381752,0.1565715464381752,0.1565715464381752,True,calibrated_probability,valid,contract=valid; ordered feature contract validated; prediction=ok,step5_core_features_v1,hgb,0.1593977323939926,0.1565715464381752,0.1569458616753295,0.4810012548032181,43.184783,0.01,白色家电,0.172814,0.1967388792759535,0.172814,0,missing_stock,stock not covered by intraday_features.csv,0.687988,0.0,0,0.0,0.0,0.5,0.0,0.4865853658536586,0.0,中,分时缺失|低置信,0.55,0.55,0.93,neutral,106,0.0,0,32027008125,1,14d563095a4610dbbd41021640e53425b2b88341,2026-08-17T11:53:30Z,1.0,1→2,0.78,0.035,0.16,limit_list_d,1/1,0.1967388792759535,True,0.1565715464381752,58
20260817,20260818,59,603657.SH,春光科技,1→2,-0.022,0.001925,-0.023925,0.1554412816182278,0.1554412816182278,0.1554412816182278,0.1554412816182278,True,calibrated_probability,valid,contract=valid; ordered feature contract validated; prediction=ok,step5_core_features_v1,hgb,0.1703052346249811,0.1554412816182278,0.133991541902219,0.5323199190025862,51.141304,0.01,家电零部,0.187936,0.2118607359019902,0.187936,0,missing_stock,stock not covered by intraday_features.csv,0.6825,0.0,0,0.0,0.0,0.5,0.0,0.45,0.0,中,分时缺失|低置信,0.55,0.55,0.93,neutral,106,0.0,0,32027008125,1,14d563095a4610dbbd41021640e53425b2b88341,2026-08-17T11:53:30Z,1.0,1→2,0.78,0.035,0.16,limit_list_d,1/1,0.2118607359019902,True,0.1554412816182278,59
20260817,20260818,60,002289.SZ,宇顺电子,1→2,-0.022,0.001925,-0.023925,0.1551063715498465,0.1551063715498465,0.1551063715498465,0.1551063715498465,True,calibrated_probability,valid,contract=valid; ordered feature contract validated; prediction=ok,step5_core_features_v1,hgb,0.1627949826062026,0.1551063715498465,0.146186704733297,0.5855942791970618,45.217391,0.4258611773793213,光学光电,0.207843,0.2317677941909942,0.207843,0,missing_stock,stock not covered by intraday_features.csv,0.682742,0.0,0,0.0,0.0,0.5,0.0,0.4516159439806089,0.0,中,分时缺失|低置信,0.55,0.55,0.93,neutral,106,0.0,0,32027008125,1,14d563095a4610dbbd41021640e53425b2b88341,2026-08-17T11:53:30Z,1.0,1→2,0.78,0.035,0.16,limit_list_d,1/1,0.2317677941909942,True,0.1551063715498465,60
20260817,20260818,61,002172.SZ,澳洋健康,4→5,0.01,0.000275,0.009725,0.1545592397281151,0.1545592397281151,0.1545592397281151,0.1545592397281151,True,calibrated_probability,valid,contract=valid; ordered feature contract validated; prediction=ok,step5_core_features_v1,hgb,0.1851168092783134,0.1545592397281151,0.1602984634084985,0.5987154879575046,56.608696,0.0164,医疗服务,0.232395,0.2226703982712191,0.232395,0,missing_stock,stock not covered by intraday_features.csv,0.714218,0.0,0,0.0,0.0,0.5,0.0,0.6614537444933924,0.0,中,分时缺失|低置信,0.55,0.55,0.93,neutral,106,0.0,0,32027008125,1,14d563095a4610dbbd41021640e53425b2b88341,2026-08-17T11:53:30Z,4.0,4→5,1.1,0.005,0.515,limit_list_d,4/4,0.2226703982712191,True,0.1545592397281151,61
20260817,20260818,62,002448.SZ,中原内配,1→2,-0.022,0.001925,-0.023925,0.1525684973750977,0.1525684973750977,0.1525684973750977,0.1525684973750977,True,calibrated_probability,valid,contract=valid; ordered feature contract validated; prediction=ok,step5_core_features_v1,hgb,0.1850388500633565,0.1525684973750977,0.175764322413784,0.6457625627694344,62.576087,0.328751396590983,汽车零部件,0.233314,0.2572386911311056,0.233314,0,missing_stock,stock not covered by intraday_features.csv,0.697754,0.0,0,0.0,0.0,0.5,0.0,0.551694915254237,0.0,中,分时缺失|低置信,0.55,0.55,0.93,neutral,106,0.0,0,32027008125,1,14d563095a4610dbbd41021640e53425b2b88341,2026-08-17T11:53:30Z,1.0,1→2,0.78,0.035,0.16,limit_list_d,1/1,0.2572386911311056,True,0.1525684973750977,62
20260817,20260818,63,603389.SH,亚振家居,1→2,-0.022,0.001925,-0.023925,0.150390080769439,0.150390080769439,0.150390080769439,0.150390080769439,True,calibrated_probability,valid,contract=valid; ordered feature contract validated; prediction=ok,step5_core_features_v1,hgb,0.1614658524746068,0.150390080769439,0.1144625124393583,0.5130686119913112,47.076087,0.01,家居用品,0.176269,0.2001944613078381,0.176269,0,missing_stock,stock not covered by intraday_features.csv,0.685168,0.0,0,0.0,0.0,0.5,0.0,0.4677879133409338,0.0,中,分时缺失|低置信,0.55,0.55,0.93,neutral,106,0.0,0,32027008125,1,14d563095a4610dbbd41021640e53425b2b88341,2026-08-17T11:53:30Z,1.0,1→2,0.78,0.035,0.16,limit_list_d,1/1,0.2001944613078381,True,0.150390080769439,63
20260817,20260818,64,000029.SZ,深深房Ａ,1→2,-0.022,0.001925,-0.023925,0.149968177449649,0.149968177449649,0.149968177449649,0.149968177449649,True,calibrated_probability,valid,contract=valid; ordered feature contract validated; prediction=ok,step5_core_features_v1,hgb,0.1563644557543168,0.149968177449649,0.13070548182272,0.461714825791498,39.445652,0.01,房地产开发,0.160713,0.1846382589839851,0.160713,0,missing_stock,stock not covered by intraday_features.csv,0.697905,0.0,0,0.0,0.0,0.5,0.0,0.552702702702703,0.0,中,分时缺失|低置信,0.55,0.55,0.93,neutral,106,0.0,0,32027008125,1,14d563095a4610dbbd41021640e53425b2b88341,2026-08-17T11:53:30Z,1.0,1→2,0.78,0.035,0.16,limit_list_d,1/1,0.1846382589839851,True,0.149968177449649,64
20260817,20260818,65,605179.SH,一鸣食品,1→2,-0.022,0.001925,-0.023925,0.1497054704299943,0.1497054704299943,0.1497054704299943,0.1497054704299943,True,calibrated_probability,valid,contract=valid; ordered feature contract validated; prediction=ok,step5_core_features_v1,hgb,0.177900748860752,0.1497054704299943,0.1561343410083834,0.5918953120691254,57.032609,0.01,饮料乳品,0.195703,0.2196282780702268,0.195703,0,missing_stock,stock not covered by intraday_features.csv,0.696884,0.0,0,0.0,0.0,0.5,0.0,0.5458947038545918,0.0,中,分时缺失|低置信,0.55,0.55,0.93,neutral,106,0.0,0,32027008125,1,14d563095a4610dbbd41021640e53425b2b88341,2026-08-17T11:53:30Z,1.0,1→2,0.78,0.035,0.16,limit_list_d,10/15,0.2196282780702268,True,0.1497054704299943,65
20260817,20260818,66,001229.SZ,魅视科技,1→2,-0.022,0.001925,-0.023925,0.1484731264834301,0.1484731264834301,0.1484731264834301,0.1484731264834301,True,calibrated_probability,valid,contract=valid; ordered feature contract validated; prediction=ok,step5_core_features_v1,hgb,0.1717330527806437,0.1484731264834301,0.1572933639157152,0.5758890502592129,55.293478,0.01,计算机设,0.191362,0.2152873753076319,0.191362,0,missing_stock,stock not covered by intraday_features.csv,0.674038,0.0,0,0.0,0.0,0.5,0.0,0.3935872709739643,0.0,中,分时缺失|低置信,0.55,0.55,0.93,neutral,106,0.0,0,32027008125,1,14d563095a4610dbbd41021640e53425b2b88341,2026-08-17T11:53:30Z,1.0,1→2,0.78,0.035,0.16,limit_list_d,1/1,0.2152873753076319,True,0.1484731264834301,66
20260817,20260818,67,600222.SH,太龙药业,1→2,-0.022,0.001925,-0.023925,0.147690518413612,0.147690518413612,0.147690518413612,0.147690518413612,True,calibrated_probability,valid,contract=valid; ordered feature contract validated; prediction=ok,step5_core_features_v1,hgb,0.1702706610394769,0.147690518413612,0.1556761591230286,0.5562761609851655,51.336957,0.01,中药Ⅱ,0.182902,0.2068265076587591,0.182902,0,missing_stock,stock not covered by intraday_features.csv,0.686923,0.0,0,0.0,0.0,0.5,0.0,0.4794840294840291,0.0,中,分时缺失|低置信,0.55,0.55,0.93,neutral,106,0.0,0,32027008125,1,14d563095a4610dbbd41021640e53425b2b88341,2026-08-17T11:53:30Z,1.0,1→2,0.78,0.035,0.16,limit_list_d,1/1,0.2068265076587591,True,0.147690518413612,67
20260817,20260818,68,002820.SZ,桂发祥,2→3,-0.008,0.000825,-0.008825,0.146383571439452,0.146383571439452,0.146383571439452,0.146383571439452,True,calibrated_probability,valid,contract=valid; ordered feature contract validated; prediction=ok,step5_core_features_v1,hgb,0.1707021332384242,0.146383571439452,0.1372631940428923,0.502332018203378,43.336957,0.01,休闲食品,0.181087,0.1899116447768472,0.181087,0,missing_stock,stock not covered by intraday_features.csv,0.765,0.0,0,0.0,0.0,0.5,0.0,1.0,0.0,中,分时缺失|低置信,0.55,0.55,0.93,neutral,106,0.0,0,32027008125,1,14d563095a4610dbbd41021640e53425b2b88341,2026-08-17T11:53:30Z,2.0,2→3,0.92,0.015,0.35,limit_list_d,2/2,0.1899116447768472,True,0.146383571439452,68
20260817,20260818,69,603285.SH,键邦股份,1→2,-0.022,0.001925,-0.023925,0.1461744872091236,0.1461744872091236,0.1461744872091236,0.1461744872091236,True,calibrated_probability,valid,contract=valid; ordered feature contract validated; prediction=ok,step5_core_features_v1,hgb,0.1707346420415624,0.1461744872091236,0.1510928873510773,0.7703905580538037,56.619565,0.83,化学制品,0.255482,0.2794074248925404,0.255482,0,missing_stock,stock not covered by intraday_features.csv,0.6825,0.0,0,0.0,0.0,0.5,0.0,0.45,0.0,中,分时缺失|低置信,0.55,0.55,0.93,neutral,106,0.0,0,32027008125,1,14d563095a4610dbbd41021640e53425b2b88341,2026-08-17T11:53:30Z,1.0,1→2,0.78,0.035,0.16,limit_list_d,1/1,0.2794074248925404,True,0.1461744872091236,69
20260817,20260818,70,603916.SH,苏博特,1→2,-0.022,0.001925,-0.023925,0.1444936451000639,0.1444936451000639,0.1444936451000639,0.1444936451000639,True,calibrated_probability,valid,contract=valid; ordered feature contract validated; prediction=ok,step5_core_features_v1,hgb,0.1749282121007033,0.1444936451000639,0.1732475226147601,0.4835253692759,58.141304,0.01,水泥,0.194272,0.2181973903392755,0.194272,0,missing_stock,stock not covered by intraday_features.csv,0.637175,0.0,0,0.0,0.0,0.5,0.0,0.1478338354354344,0.0,中,分时缺失|低置信,0.55,0.55,0.93,neutral,106,0.0,0,32027008125,1,14d563095a4610dbbd41021640e53425b2b88341,2026-08-17T11:53:30Z,1.0,1→2,0.78,0.035,0.16,limit_list_d,1/1,0.2181973903392755,True,0.1444936451000639,70
20260817,20260818,71,600824.SH,益民集团,1→2,-0.022,0.001925,-0.023925,0.1443680144506105,0.1443680144506105,0.1443680144506105,0.1443680144506105,True,calibrated_probability,valid,contract=valid; ordered feature contract validated; prediction=ok,step5_core_features_v1,hgb,0.1576587281523941,0.1443680144506105,0.1502934495889719,0.5331499356386507,42.815217,0.1736599148755986,一般零售,0.176121,0.200046499105858,0.176121,0,missing_stock,stock not covered by intraday_features.csv,0.6825,0.0,0,0.0,0.0,0.5,0.0,0.45,0.0,中,分时缺失|低置信,0.55,0.55,0.93,neutral,106,0.0,0,32027008125,1,14d563095a4610dbbd41021640e53425b2b88341,2026-08-17T11:53:30Z,1.0,1→2,0.78,0.035,0.16,limit_list_d,1/1,0.200046499105858,True,0.1443680144506105,71
20260817,20260818,72,603530.SH,神马电力,1→2,-0.022,0.001925,-0.023925,0.1426912858177036,0.1426912858177036,0.1426912858177036,0.1426912858177036,True,calibrated_probability,valid,contract=valid; ordered feature contract validated; prediction=ok,step5_core_features_v1,hgb,0.1729896215684233,0.1426912858177036,0.1285048060226026,0.5216751224893449,48.467391,0.01,电网设备,0.173663,0.1975879128416234,0.173663,0,missing_stock,stock not covered by intraday_features.csv,0.686321,0.0,0,0.0,0.0,0.5,0.0,0.4754722988749734,0.0,中,分时缺失|低置信,0.55,0.55,0.93,neutral,106,0.0,0,32027008125,1,14d563095a4610dbbd41021640e53425b2b88341,2026-08-17T11:53:30Z,1.0,1→2,0.78,0.035,0.16,limit_list_d,1/1,0.1975879128416234,True,0.1426912858177036,72
20260817,20260818,73,000564.SZ,供销大集,1→2,-0.022,0.001925,-0.023925,0.1377988623450098,0.1377988623450098,0.1377988623450098,0.1377988623450098,True,calibrated_probability,valid,contract=valid; ordered feature contract validated; prediction=ok,step5_core_features_v1,hgb,0.1703749341003816,0.1377988623450098,0.152762546113272,0.4481631355163764,50.652174,0.1736599148755986,一般零售,0.187197,0.2111220066319376,0.187197,0,missing_stock,stock not covered by intraday_features.csv,0.6825,0.0,0,0.0,0.0,0.5,0.0,0.45,0.0,中,分时缺失|低置信,0.55,0.55,0.93,neutral,106,0.0,0,32027008125,1,14d563095a4610dbbd41021640e53425b2b88341,2026-08-17T11:53:30Z,1.0,1→2,0.78,0.035,0.16,limit_list_d,1/1,0.2111220066319376,True,0.1377988623450098,73
20260817,20260818,74,603880.SH,南卫股份,1→2,-0.022,0.001925,-0.023925,0.1366266327301403,0.1366266327301403,0.1366266327301403,0.1366266327301403,True,calibrated_probability,valid,contract=valid; ordered feature contract validated; prediction=ok,step5_core_features_v1,hgb,0.1581932017180102,0.1366266327301403,0.1288079610778698,0.4981502946081525,42.858696,0.0573942950693908,医疗器械,0.161846,0.1857709806856668,0.161846,0,missing_stock,stock not covered by intraday_features.csv,0.679143,0.0,0,0.0,0.0,0.5,0.0,0.4276194029850751,0.0,中,分时缺失|低置信,0.55,0.55,0.93,neutral,106,0.0,0,32027008125,1,14d563095a4610dbbd41021640e53425b2b88341,2026-08-17T11:53:30Z,1.0,1→2,0.78,0.035,0.16,limit_list_d,1/1,0.1857709806856668,True,0.1366266327301403,74
20260817,20260818,75,601366.SH,利群股份,1→2,-0.022,0.001925,-0.023925,0.1338358214605547,0.1338358214605547,0.1338358214605547,0.1338358214605547,True,calibrated_probability,valid,contract=valid; ordered feature contract validated; prediction=ok,step5_core_features_v1,hgb,0.1604826190893507,0.1338358214605547,0.1232198459780315,0.5496465642395421,47.076087,0.1736599148755986,一般零售,0.177271,0.2011957040128189,0.177271,0,missing_stock,stock not covered by intraday_features.csv,0.692786,0.0,0,0.0,0.0,0.5,0.0,0.518571428571428,0.0,中,分时缺失|低置信,0.55,0.55,0.93,neutral,106,0.0,0,32027008125,1,14d563095a4610dbbd41021640e53425b2b88341,2026-08-17T11:53:30Z,1.0,1→2,0.78,0.035,0.16,limit_list_d,1/1,0.2011957040128189,True,0.1338358214605547,75
20260817,20260818,76,000551.SZ,创元科技,1→2,-0.022,0.001925,-0.023925,0.1328342035381728,0.1328342035381728,0.1328342035381728,0.1328342035381728,True,calibrated_probability,valid,contract=valid; ordered feature contract validated; prediction=ok,step5_core_features_v1,hgb,0.1861528487842251,0.1328342035381728,0.1616401761088435,0.6109640580046267,63.032609,0.01,环保设备,0.195893,0.2198183912459518,0.195893,0,missing_stock,stock not covered by intraday_features.csv,0.688883,0.0,0,0.0,0.0,0.5,0.0,0.4925531914893611,0.0,中,分时缺失|低置信,0.55,0.55,0.93,neutral,106,0.0,0,32027008125,1,14d563095a4610dbbd41021640e53425b2b88341,2026-08-17T11:53:30Z,1.0,1→2,0.78,0.035,0.16,limit_list_d,1/1,0.2198183912459518,True,0.1328342035381728,76
20260817,20260818,77,603458.SH,勘设股份,1→2,-0.022,0.001925,-0.023925,0.1321300981820663,0.1321300981820663,0.1321300981820663,0.1321300981820663,True,calibrated_probability,valid,contract=valid; ordered feature contract validated; prediction=ok,step5_core_features_v1,hgb,0.1616099034418845,0.1321300981820663,0.1462269226507485,0.5368866267078058,47.097826,0.01,工程咨询,0.163531,0.1874559514966772,0.163531,0,missing_stock,stock not covered by intraday_features.csv,0.686326,0.0,0,0.0,0.0,0.5,0.0,0.4755047821466525,0.0,中,分时缺失|低置信,0.55,0.55,0.93,neutral,106,0.0,0,32027008125,1,14d563095a4610dbbd41021640e53425b2b88341,2026-08-17T11:53:30Z,1.0,1→2,0.78,0.035,0.16,limit_list_d,1/1,0.1874559514966772,True,0.1321300981820663,77
20260817,20260818,78,603082.SH,北自科技,1→2,-0.022,0.001925,-0.023925,0.1302238579340519,0.1302238579340519,0.1302238579340519,0.1302238579340519,True,calibrated_probability,valid,contract=valid; ordered feature contract validated; prediction=ok,step5_core_features_v1,hgb,0.1736405303968846,0.1302238579340519,0.1620526229544905,0.6248546404843108,58.097826,0.01,自动化设,0.184197,0.2081215833230671,0.184197,0,missing_stock,stock not covered by intraday_features.csv,0.698191,0.0,0,0.0,0.0,0.5,0.0,0.5546077210460776,0.0,中,分时缺失|低置信,0.55,0.55,0.93,neutral,106,0.0,0,32027008125,1,14d563095a4610dbbd41021640e53425b2b88341,2026-08-17T11:53:30Z,1.0,1→2,0.78,0.035,0.16,limit_list_d,1/1,0.2081215833230671,True,0.1302238579340519,78
20260817,20260818,79,600281.SH,华阳新材,1→2,-0.022,0.001925,-0.023925,0.1300454515524379,0.1300454515524379,0.1300454515524379,0.1300454515524379,True,calibrated_probability,valid,contract=valid; ordered feature contract validated; prediction=ok,step5_core_features_v1,hgb,0.1558709024008496,0.1300454515524379,0.14327851697461,0.4975256617923621,41.380435,0.01,小金属,0.150637,0.1745619168559374,0.150637,0,missing_stock,stock not covered by intraday_features.csv,0.688622,0.0,0,0.0,0.0,0.5,0.0,0.4908163265306122,0.0,中,分时缺失|低置信,0.55,0.55,0.93,neutral,106,0.0,0,32027008125,1,14d563095a4610dbbd41021640e53425b2b88341,2026-08-17T11:53:30Z,1.0,1→2,0.78,0.035,0.16,limit_list_d,1/1,0.1745619168559374,True,0.1300454515524379,79
20260817,20260818,80,603089.SH,正裕工业,2→3,-0.008,0.000825,-0.008825,0.1288227625402211,0.1288227625402211,0.1288227625402211,0.1288227625402211,True,calibrated_probability,valid,contract=valid; ordered feature contract validated; prediction=ok,step5_core_features_v1,hgb,0.167047407394899,0.1288227625402211,0.1110674677967952,0.6111014589793318,55.043478,0.3351513965909831,汽车零部件,0.217219,0.2260437664389997,0.217219,0,missing_stock,stock not covered by intraday_features.csv,0.732346,0.0,0,0.0,0.0,0.5,0.0,0.7823076923076923,0.0,中,分时缺失|低置信,0.55,0.55,0.93,neutral,106,0.0,0,32027008125,1,14d563095a4610dbbd41021640e53425b2b88341,2026-08-17T11:53:30Z,2.0,2→3,0.92,0.015,0.35,limit_list_d,2/2,0.2260437664389997,True,0.1288227625402211,80
20260817,20260818,81,600313.SH,农发种业,1→2,-0.022,0.001925,-0.023925,0.1279407724723539,0.1279407724723539,0.1279407724723539,0.1279407724723539,True,calibrated_probability,valid,contract=valid; ordered feature contract validated; prediction=ok,step5_core_features_v1,hgb,0.1630341468685563,0.1279407724723539,0.1451560688683209,0.5199859298284207,48.184783,0.01,种植业,0.162772,0.1866973374998785,0.162772,0,missing_stock,stock not covered by intraday_features.csv,0.690536,0.0,0,0.0,0.0,0.5,0.0,0.5035714285714298,0.0,中,分时缺失|低置信,0.55,0.55,0.93,neutral,106,0.0,0,32027008125,1,14d563095a4610dbbd41021640e53425b2b88341,2026-08-17T11:53:30Z,1.0,1→2,0.78,0.035,0.16,limit_list_d,1/1,0.1866973374998785,True,0.1279407724723539,81
20260817,20260818,82,002478.SZ,常宝股份,1→2,-0.022,0.001925,-0.023925,0.1269710795984187,0.1269710795984187,0.1269710795984187,0.1269710795984187,True,calibrated_probability,valid,contract=valid; ordered feature contract validated; prediction=ok,step5_core_features_v1,hgb,0.1603916979735365,0.1269710795984187,0.1350129517334487,0.5170230850729287,45.119565,0.01,特钢Ⅱ,0.155963,0.1798881164881239,0.155963,0,missing_stock,stock not covered by intraday_features.csv,0.6825,0.0,0,0.0,0.0,0.5,0.0,0.45,0.0,中,分时缺失|低置信,0.55,0.55,0.93,neutral,106,0.0,0,32027008125,1,14d563095a4610dbbd41021640e53425b2b88341,2026-08-17T11:53:30Z,1.0,1→2,0.78,0.035,0.16,limit_list_d,1/1,0.1798881164881239,True,0.1269710795984187,82
20260817,20260818,83,000505.SZ,京粮控股,1→2,-0.022,0.001925,-0.023925,0.125375868278379,0.125375868278379,0.125375868278379,0.125375868278379,True,calibrated_probability,valid,contract=valid; ordered feature contract validated; prediction=ok,step5_core_features_v1,hgb,0.1600296547709354,0.125375868278379,0.1348172200094727,0.514751727252797,44.967391,0.01,农产品加,0.154542,0.1784671205640961,0.154542,0,missing_stock,stock not covered by intraday_features.csv,0.692126,0.0,0,0.0,0.0,0.5,0.0,0.5141711229946513,0.0,中,分时缺失|低置信,0.55,0.55,0.93,neutral,106,0.0,0,32027008125,1,14d563095a4610dbbd41021640e53425b2b88341,2026-08-17T11:53:30Z,1.0,1→2,0.78,0.035,0.16,limit_list_d,1/1,0.1784671205640961,True,0.125375868278379,83
20260817,20260818,84,001356.SZ,富岭股份,1→2,-0.022,0.001925,-0.023925,0.1245206281470389,0.1245206281470389,0.1245206281470389,0.1245206281470389,True,calibrated_probability,valid,contract=valid; ordered feature contract validated; prediction=ok,step5_core_features_v1,hgb,0.1778807726769504,0.1245206281470389,0.1327017637865935,0.6026471228841848,63.445652,0.01,家居用品,0.1909,0.214824974472158,0.1909,0,missing_stock,stock not covered by intraday_features.csv,0.688743,0.0,0,0.0,0.0,0.5,0.0,0.4916184971098272,0.0,中,分时缺失|低置信,0.55,0.55,0.93,neutral,106,0.0,0,32027008125,1,14d563095a4610dbbd41021640e53425b2b88341,2026-08-17T11:53:30Z,1.0,1→2,0.78,0.035,0.16,limit_list_d,1/1,0.214824974472158,True,0.1245206281470389,84
20260817,20260818,85,600860.SH,京城股份,1→2,-0.022,0.001925,-0.023925,0.1195031001984444,0.1195031001984444,0.1195031001984444,0.1195031001984444,True,calibrated_probability,valid,contract=valid; ordered feature contract validated; prediction=ok,step5_core_features_v1,hgb,0.1707610152240952,0.1195031001984444,0.0915919745216793,0.6327705679832605,59.923913,0.2454420922806225,通用设备,0.198455,0.2223801570835744,0.198455,0,missing_stock,stock not covered by intraday_features.csv,0.6825,0.0,0,0.0,0.0,0.5,0.0,0.45,0.0,中,分时缺失|低置信,0.55,0.55,0.93,neutral,106,0.0,0,32027008125,1,14d563095a4610dbbd41021640e53425b2b88341,2026-08-17T11:53:30Z,1.0,1→2,0.78,0.035,0.16,limit_list_d,1/1,0.2223801570835744,True,0.1195031001984444,85
20260817,20260818,86,002476.SZ,新叶股份,1→2,-0.022,0.001925,-0.023925,0.1144024027803127,0.1144024027803127,0.1144024027803127,0.1144024027803127,True,calibrated_probability,valid,contract=valid; ordered feature contract validated; prediction=ok,step5_core_features_v1,hgb,0.1697589405963062,0.1144024027803127,0.1169378766767294,0.5605100579890707,56.793478,0.01,炼化及贸,0.170513,0.1944378687154497,0.170513,0,missing_stock,stock not covered by intraday_features.csv,0.686447,0.0,0,0.0,0.0,0.5,0.0,0.4763157894736849,0.0,中,分时缺失|低置信,0.55,0.55,0.93,neutral,106,0.0,0,32027008125,1,14d563095a4610dbbd41021640e53425b2b88341,2026-08-17T11:53:30Z,1.0,1→2,0.78,0.035,0.16,limit_list_d,1/1,0.1944378687154497,True,0.1144024027803127,86
20260817,20260818,87,002258.SZ,利尔化学,1→2,-0.022,0.001925,-0.023925,0.1046333889422016,0.1046333889422016,0.1046333889422016,0.1046333889422016,True,calibrated_probability,valid,contract=valid; ordered feature contract validated; prediction=ok,step5_core_features_v1,hgb,0.1711774811355304,0.1046333889422016,0.1211548124946965,0.5747309522857447,57.01087,0.01,农化制品,0.164109,0.1880343430287719,0.164109,0,missing_stock,stock not covered by intraday_features.csv,0.684488,0.0,0,0.0,0.0,0.5,0.0,0.4632547864506627,0.0,中,分时缺失|低置信,0.55,0.55,0.93,neutral,106,0.0,0,32027008125,1,14d563095a4610dbbd41021640e53425b2b88341,2026-08-17T11:53:30Z,1.0,1→2,0.78,0.035,0.16,limit_list_d,1/1,0.1880343430287719,True,0.1046333889422016,87
20260817,20260818,88,605060.SH,联德股份,1→2,-0.022,0.001925,-0.023925,0.1019354348406568,0.1019354348406568,0.1019354348406568,0.1019354348406568,True,calibrated_probability,valid,contract=valid; ordered feature contract validated; prediction=ok,step5_core_features_v1,hgb,0.1538473056943053,0.1019354348406568,0.0848940813008821,0.5369205060750508,41.858696,0.2454420922806225,通用设备,0.150027,0.173952357333123,0.150027,0,missing_stock,stock not covered by intraday_features.csv,0.685178,0.0,0,0.0,0.0,0.5,0.0,0.4678530556191348,0.0,中,分时缺失|低置信,0.55,0.55,0.93,neutral,106,0.0,0,32027008125,1,14d563095a4610dbbd41021640e53425b2b88341,2026-08-17T11:53:30Z,1.0,1→2,0.78,0.035,0.16,limit_list_d,1/1,0.173952357333123,True,0.1019354348406568,88
20260817,20260818,89,002469.SZ,三维化学,1→2,-0.022,0.001925,-0.023925,0.1004878554315955,0.1004878554315955,0.1004878554315955,0.1004878554315955,True,calibrated_probability,valid,contract=valid; ordered feature contract validated; prediction=ok,step5_core_features_v1,hgb,0.154103748216154,0.1004878554315955,0.1257660983862077,0.4853183269946211,39.25,0.01,化学原料,0.125686,0.1496107295713477,0.125686,0,missing_stock,stock not covered by intraday_features.csv,0.685636,0.0,0,0.0,0.0,0.5,0.0,0.4709059233449476,0.0,中,分时缺失|低置信,0.55,0.55,0.93,neutral,106,0.0,0,32027008125,1,14d563095a4610dbbd41021640e53425b2b88341,2026-08-17T11:53:30Z,1.0,1→2,0.78,0.035,0.16,limit_list_d,1/1,0.1496107295713477,True,0.1004878554315955,89
20260817,20260818,90,000520.SZ,凤凰航运,1→2,-0.022,0.001925,-0.023925,0.093508437095372,0.093508437095372,0.093508437095372,0.093508437095372,True,calibrated_probability,valid,contract=valid; ordered feature contract validated; prediction=ok,step5_core_features_v1,hgb,0.1490927278438174,0.093508437095372,0.0975102528708334,0.468834495245319,35.184783,0.01,航运港口,0.11267,0.1365947027359912,0.11267,0,missing_stock,stock not covered by intraday_features.csv,0.689531,0.0,0,0.0,0.0,0.5,0.0,0.496875,0.0,中,分时缺失|低置信,0.55,0.55,0.93,neutral,106,0.0,0,32027008125,1,14d563095a4610dbbd41021640e53425b2b88341,2026-08-17T11:53:30Z,1.0,1→2,0.78,0.035,0.16,limit_list_d,1/1,0.1365947027359912,True,0.093508437095372,90
20260817,20260818,91,603703.SH,盛洋科技,1→2,-0.022,0.001925,-0.023925,0.0885531104067747,0.0885531104067747,0.0885531104067747,0.0885531104067747,True,calibrated_probability,valid,contract=valid; ordered feature contract validated; prediction=ok,step5_core_features_v1,hgb,0.1717281201757346,0.0885531104067747,0.0877955639092088,0.6702382421973792,60.826087,0.4322611773793213,光学光电,0.192965,0.2168902110831516,0.192965,0,missing_stock,stock not covered by intraday_features.csv,0.710192,0.0,0,0.0,0.0,0.5,0.0,0.6346153846153854,0.0,中,分时缺失|低置信,0.55,0.55,0.93,neutral,106,0.0,0,32027008125,1,14d563095a4610dbbd41021640e53425b2b88341,2026-08-17T11:53:30Z,1.0,1→2,0.78,0.035,0.16,limit_list_d,1/1,0.2168902110831516,True,0.0885531104067747,91
20260817,20260818,92,001318.SZ,阳光乳业,1→2,-0.022,0.001925,-0.023925,0.0849498753347499,0.0849498753347499,0.0849498753347499,0.0849498753347499,True,calibrated_probability,valid,contract=valid; ordered feature contract validated; prediction=ok,step5_core_features_v1,hgb,0.1512025706744434,0.0849498753347499,0.0949133842938609,0.472667035935524,36.184783,0.01,饮料乳品,0.108679,0.1326037095035557,0.108679,0,missing_stock,stock not covered by intraday_features.csv,0.684103,0.0,0,0.0,0.0,0.5,0.0,0.460685663401603,0.0,中,分时缺失|低置信,0.55,0.55,0.93,neutral,106,0.0,0,32027008125,1,14d563095a4610dbbd41021640e53425b2b88341,2026-08-17T11:53:30Z,1.0,1→2,0.78,0.035,0.16,limit_list_d,1/1,0.1326037095035557,True,0.0849498753347499,92
