trade_date,exec_date,target_date,entry_date,exit_date,ts_code,name,rank,prob,StrengthScore,ThemeBoost,board,sample_maturity,label_ready_fill,label_ready_ret,y_fill,fill_label_quality,eret_sample_eligible,eret_label_quality,entry_price_t1,entry_price_t_opening_auction,entry_price_proxy_t1,entry_price_proxy_mode,take_profit_price_tplus1,stop_loss_price_tplus1,latest_exit_time,exit_policy_version,exit_price_tplus1_timed,exit_price_tplus1_open,exit_price_source,exit_on_time,exit_reason,exit_price_t2_close,close_t2,realized_ret_open_to_tplus1_open_0930,realized_ret_t1_to_t2,premium_ret_t1_to_t2,eret_truth_version,return_holding_mode,execution_contract,run_id,run_attempt,commit_sha,generated_at_utc,buy_window_start,buy_window_end,open_t1,high_t1,low_t1,close_t1,market_target_date,open_t2,high_t2,low_t2,pre_close_t2,vol_t2,amount_t2,pct_chg_t2,auction_price_t2,auction_amount_t2,down_limit_t2
20260805,20260806,20260807,20260806,20260807,603928.SH,兴业股份,1,0.2880581744438821,65.893617,0.0164,塑料,FULLY_READY,1,1,1,strong_official_opening_auction,1,strong_tplus1_open_0930_fixed_open_0930,12.06,12.06,12.06,t_opening_auction,,,09:30,tplus1_open_0930_v1,12.32,12.32,tplus1_open_0930,1,fixed_open_0930,12.67,12.67,0.021558872305140975,0.021558872305140975,0.05058043117744604,eret_truth_v5_tplus1_open0930,manual_buy_t_0925_auction_to_tplus1_open0930_exit,D_signal_manual_T_0925_auction_guidance_Tplus1_open0930_exit,31009218894,1,ae5a233ecdf60fbd6a3cc866c135efd33f45e57b,2026-08-05T13:15:08Z,09:20:00,09:24:50,12.06,12.62,12.0,12.52,20260807,12.32,12.7,12.18,12.52,418572.11,521748.862,1.1981,12.32,9345952.0,11.27
20260805,20260806,20260807,20260806,20260807,603988.SH,中电电机,2,0.2693970599365623,62.234043,0.01,电机Ⅱ,FULLY_READY,1,1,1,strong_official_opening_auction,1,strong_tplus1_open_0930_fixed_open_0930,22.0,22.0,22.0,t_opening_auction,,,09:30,tplus1_open_0930_v1,22.01,22.01,tplus1_open_0930,1,fixed_open_0930,22.42,22.42,0.00045454545454548523,0.00045454545454548523,0.01909090909090927,eret_truth_v5_tplus1_open0930,manual_buy_t_0925_auction_to_tplus1_open0930_exit,D_signal_manual_T_0925_auction_guidance_Tplus1_open0930_exit,31009218894,1,ae5a233ecdf60fbd6a3cc866c135efd33f45e57b,2026-08-05T13:15:08Z,09:20:00,09:24:50,22.0,22.72,21.9,22.72,20260807,22.01,22.72,21.18,22.72,309053.12,681534.409,-1.3204,22.01,21569800.0,20.45
20260805,20260806,20260807,20260806,20260807,603618.SH,杭电股份,3,0.2407222465609593,57.0,0.0637942950693908,电网设备,FULLY_READY,1,1,1,strong_official_opening_auction,1,strong_tplus1_open_0930_fixed_open_0930,26.68,26.68,26.68,t_opening_auction,,,09:30,tplus1_open_0930_v1,26.76,26.76,tplus1_open_0930,1,fixed_open_0930,27.65,27.65,0.0029985007496251548,0.0029985007496251548,0.03635682158920539,eret_truth_v5_tplus1_open0930,manual_buy_t_0925_auction_to_tplus1_open0930_exit,D_signal_manual_T_0925_auction_guidance_Tplus1_open0930_exit,31009218894,1,ae5a233ecdf60fbd6a3cc866c135efd33f45e57b,2026-08-05T13:15:08Z,09:20:00,09:24:50,26.68,27.26,25.68,26.51,20260807,26.76,28.0,26.3,26.51,1067023.86,2914271.39,4.3003,26.76,17575968.0,23.86
20260805,20260806,20260807,20260806,20260807,601869.SH,长飞光纤,4,0.2396410171696479,60.691489,0.2518420922806225,通信设备,FULLY_READY,1,1,1,strong_official_opening_auction,1,strong_tplus1_open_0930_fixed_open_0930,310.56,310.56,310.56,t_opening_auction,,,09:30,tplus1_open_0930_v1,328.04,328.04,tplus1_open_0930,1,fixed_open_0930,338.69,338.69,0.056285419886656474,0.056285419886656474,0.09057831014940754,eret_truth_v5_tplus1_open0930,manual_buy_t_0925_auction_to_tplus1_open0930_exit,D_signal_manual_T_0925_auction_guidance_Tplus1_open0930_exit,31009218894,1,ae5a233ecdf60fbd6a3cc866c135efd33f45e57b,2026-08-05T13:15:08Z,09:20:00,09:24:50,310.56,333.0,310.5,328.25,20260807,328.04,345.0,326.88,328.25,160764.15,5413294.765,3.1805,328.04,34408772.0,295.43
20260805,20260806,20260807,20260806,20260807,603297.SH,永新光学,5,0.2355026519307212,40.659574,0.5394931282264485,光学光电,FULLY_READY,1,1,1,strong_official_opening_auction,1,strong_tplus1_open_0930_fixed_open_0930,101.5,101.5,101.5,t_opening_auction,,,09:30,tplus1_open_0930_v1,104.54,104.54,tplus1_open_0930,1,fixed_open_0930,105.16,105.16,0.029950738916256103,0.029950738916256103,0.03605911330049261,eret_truth_v5_tplus1_open0930,manual_buy_t_0925_auction_to_tplus1_open0930_exit,D_signal_manual_T_0925_auction_guidance_Tplus1_open0930_exit,31009218894,1,ae5a233ecdf60fbd6a3cc866c135efd33f45e57b,2026-08-05T13:15:08Z,09:20:00,09:24:50,101.5,107.74,100.02,105.07,20260807,104.54,106.2,103.5,105.07,17824.99,186939.722,0.0857,104.54,857228.0,94.56
20260805,20260806,20260807,20260806,20260807,002990.SZ,盛视科技,6,0.2329762088332252,61.276596,0.01,计算机设,FULLY_READY,1,1,1,strong_official_opening_auction,1,strong_tplus1_open_0930_fixed_open_0930,48.79,48.79,48.79,t_opening_auction,,,09:30,tplus1_open_0930_v1,49.45,49.45,tplus1_open_0930,1,fixed_open_0930,52.82,52.82,0.013527362164377887,0.013527362164377887,0.08259889321582281,eret_truth_v5_tplus1_open0930,manual_buy_t_0925_auction_to_tplus1_open0930_exit,D_signal_manual_T_0925_auction_guidance_Tplus1_open0930_exit,31009218894,1,ae5a233ecdf60fbd6a3cc866c135efd33f45e57b,2026-08-05T13:15:08Z,09:20:00,09:24:50,48.79,51.5,48.03,49.22,20260807,49.45,54.14,48.77,49.22,227912.33,1182285.2347,7.3141,49.45,5899385.0,44.3
20260805,20260806,20260807,20260806,20260807,002428.SZ,云南锗业,7,0.2288292636958708,57.765957,0.4322611773793213,小金属,FULLY_READY,1,1,1,strong_official_opening_auction,1,strong_tplus1_open_0930_fixed_open_0930,89.0,89.0,89.0,t_opening_auction,,,09:30,tplus1_open_0930_v1,97.0,97.0,tplus1_open_0930,1,fixed_open_0930,100.08,100.08,0.0898876404494382,0.0898876404494382,0.12449438202247198,eret_truth_v5_tplus1_open0930,manual_buy_t_0925_auction_to_tplus1_open0930_exit,D_signal_manual_T_0925_auction_guidance_Tplus1_open0930_exit,31009218894,1,ae5a233ecdf60fbd6a3cc866c135efd33f45e57b,2026-08-05T13:15:08Z,09:20:00,09:24:50,89.0,90.98,88.0,90.98,20260807,97.0,100.08,95.5,90.98,1193076.96,11740853.2528,10.0022,97.0,394188600.0,81.88
20260805,20260806,20260807,20260806,20260807,000657.SZ,中钨高新,8,0.2238216407437738,62.43617,0.4322611773793213,小金属,FULLY_READY,1,1,1,strong_official_opening_auction,1,strong_tplus1_open_0930_fixed_open_0930,61.45,61.45,61.45,t_opening_auction,,,09:30,tplus1_open_0930_v1,62.47,62.47,tplus1_open_0930,1,fixed_open_0930,67.01,67.01,0.01659886086248963,0.01659886086248963,0.09048006509357198,eret_truth_v5_tplus1_open0930,manual_buy_t_0925_auction_to_tplus1_open0930_exit,D_signal_manual_T_0925_auction_guidance_Tplus1_open0930_exit,31009218894,1,ae5a233ecdf60fbd6a3cc866c135efd33f45e57b,2026-08-05T13:15:08Z,09:20:00,09:24:50,61.45,63.17,59.47,62.5,20260807,62.47,67.99,62.3,62.5,1529225.36,9938051.80177,7.216,62.47,151837895.31,56.25
20260805,20260806,20260807,20260806,20260807,000981.SZ,山子高科,9,0.2235009872239205,72.978723,0.83,汽车零部件,FULLY_READY,1,1,1,strong_official_opening_auction,1,strong_tplus1_open_0930_fixed_open_0930,3.12,3.12,3.12,t_opening_auction,,,09:30,tplus1_open_0930_v1,2.97,2.97,tplus1_open_0930,1,fixed_open_0930,2.98,2.98,-0.04807692307692302,-0.04807692307692302,-0.044871794871794934,eret_truth_v5_tplus1_open0930,manual_buy_t_0925_auction_to_tplus1_open0930_exit,D_signal_manual_T_0925_auction_guidance_Tplus1_open0930_exit,31009218894,1,ae5a233ecdf60fbd6a3cc866c135efd33f45e57b,2026-08-05T13:15:08Z,09:20:00,09:24:50,3.12,3.18,2.97,3.01,20260807,2.97,3.0,2.82,3.01,5647550.19,1643669.53122,-0.9967,2.97,19521810.0,2.71
20260805,20260806,20260807,20260806,20260807,000510.SZ,新金路,10,0.2200799812883572,66.723404,0.01,化学原料,FULLY_READY,1,1,1,strong_official_opening_auction,1,strong_tplus1_open_0930_fixed_open_0930,16.17,16.17,16.17,t_opening_auction,,,09:30,tplus1_open_0930_v1,16.34,16.34,tplus1_open_0930,1,fixed_open_0930,16.87,16.87,0.010513296227581792,0.010513296227581792,0.04329004329004338,eret_truth_v5_tplus1_open0930,manual_buy_t_0925_auction_to_tplus1_open0930_exit,D_signal_manual_T_0925_auction_guidance_Tplus1_open0930_exit,31009218894,1,ae5a233ecdf60fbd6a3cc866c135efd33f45e57b,2026-08-05T13:15:08Z,09:20:00,09:24:50,16.17,16.77,15.83,16.11,20260807,16.34,16.9,15.71,16.11,769100.8,1273491.20929,4.7176,16.34,16838370.0,14.5
20260805,20260806,20260807,20260806,20260807,601700.SH,风范股份,11,0.2127212387162607,62.12766,0.0573942950693908,电网设备,FULLY_READY,1,1,1,strong_official_opening_auction,1,strong_tplus1_open_0930_fixed_open_0930,7.1,7.1,7.1,t_opening_auction,,,09:30,tplus1_open_0930_v1,6.87,6.87,tplus1_open_0930,1,fixed_open_0930,6.44,6.44,-0.032394366197183166,-0.032394366197183166,-0.09295774647887323,eret_truth_v5_tplus1_open0930,manual_buy_t_0925_auction_to_tplus1_open0930_exit,D_signal_manual_T_0925_auction_guidance_Tplus1_open0930_exit,31009218894,1,ae5a233ecdf60fbd6a3cc866c135efd33f45e57b,2026-08-05T13:15:08Z,09:20:00,09:24:50,7.1,7.16,6.9,7.16,20260807,6.87,6.94,6.44,7.16,982140.2,643757.044,-10.0559,6.87,84799845.0,6.44
20260805,20260806,20260807,20260806,20260807,600721.SH,百花医药,12,0.2023384541219992,60.957447,0.0164,医疗服务,FULLY_READY,1,1,1,strong_official_opening_auction,1,strong_tplus1_open_0930_fixed_open_0930,9.54,9.54,9.54,t_opening_auction,,,09:30,tplus1_open_0930_v1,10.25,10.25,tplus1_open_0930,1,fixed_open_0930,10.54,10.54,0.07442348008385746,0.07442348008385746,0.10482180293501053,eret_truth_v5_tplus1_open0930,manual_buy_t_0925_auction_to_tplus1_open0930_exit,D_signal_manual_T_0925_auction_guidance_Tplus1_open0930_exit,31009218894,1,ae5a233ecdf60fbd6a3cc866c135efd33f45e57b,2026-08-05T13:15:08Z,09:20:00,09:24:50,9.54,9.58,8.95,9.58,20260807,10.25,10.54,10.1,9.58,600682.52,628410.38,10.0209,10.25,66562475.0,8.62
20260805,20260806,20260807,20260806,20260807,603629.SH,利通电子,13,0.1975806653670324,58.829787,0.6729057079444091,消费电子,FULLY_READY,1,1,1,strong_official_opening_auction,1,strong_tplus1_open_0930_fixed_open_0930,112.31,112.31,112.31,t_opening_auction,,,09:30,tplus1_open_0930_v1,122.3,122.3,tplus1_open_0930,1,fixed_open_0930,127.4,127.4,0.088950227050129,0.088950227050129,0.13436025287151643,eret_truth_v5_tplus1_open0930,manual_buy_t_0925_auction_to_tplus1_open0930_exit,D_signal_manual_T_0925_auction_guidance_Tplus1_open0930_exit,31009218894,1,ae5a233ecdf60fbd6a3cc866c135efd33f45e57b,2026-08-05T13:15:08Z,09:20:00,09:24:50,112.31,123.92,112.31,122.52,20260807,122.3,129.89,119.52,122.52,532632.83,6644741.559,3.983,122.3,93559500.0,110.27
20260805,20260806,20260807,20260806,20260807,002396.SZ,星网锐捷,14,0.1954069968361627,65.276596,0.2518420922806225,通信设备,FULLY_READY,1,1,1,strong_official_opening_auction,1,strong_tplus1_open_0930_fixed_open_0930,27.98,27.98,27.98,t_opening_auction,,,09:30,tplus1_open_0930_v1,28.75,28.75,tplus1_open_0930,1,fixed_open_0930,29.6,29.6,0.02751965689778424,0.02751965689778424,0.05789849892780574,eret_truth_v5_tplus1_open0930,manual_buy_t_0925_auction_to_tplus1_open0930_exit,D_signal_manual_T_0925_auction_guidance_Tplus1_open0930_exit,31009218894,1,ae5a233ecdf60fbd6a3cc866c135efd33f45e57b,2026-08-05T13:15:08Z,09:20:00,09:24:50,27.98,29.4,27.61,29.02,20260807,28.75,30.05,28.35,29.02,899348.81,2628159.6499,1.9986,28.75,13259500.0,26.12
20260805,20260806,20260807,20260806,20260807,002842.SZ,翔鹭钨业,15,0.1937045052531747,62.085106,0.4258611773793213,小金属,FULLY_READY,1,1,1,strong_official_opening_auction,1,strong_tplus1_open_0930_fixed_open_0930,36.0,36.0,36.0,t_opening_auction,,,09:30,tplus1_open_0930_v1,36.0,36.0,tplus1_open_0930,1,fixed_open_0930,38.38,38.38,-1.1102230246251565e-16,-1.1102230246251565e-16,0.06611111111111101,eret_truth_v5_tplus1_open0930,manual_buy_t_0925_auction_to_tplus1_open0930_exit,D_signal_manual_T_0925_auction_guidance_Tplus1_open0930_exit,31009218894,1,ae5a233ecdf60fbd6a3cc866c135efd33f45e57b,2026-08-05T13:15:08Z,09:20:00,09:24:50,36.0,37.88,35.27,36.98,20260807,36.0,40.0,35.75,36.98,696478.68,2607972.18132,3.7858,36.0,32662800.0,33.28
20260805,20260806,20260807,20260806,20260807,600206.SH,有研新材,16,0.1905687631088791,66.212766,0.1115060031977598,半导体,FULLY_READY,1,1,1,strong_official_opening_auction,1,strong_tplus1_open_0930_fixed_open_0930,40.8,40.8,40.8,t_opening_auction,,,09:30,tplus1_open_0930_v1,46.0,46.0,tplus1_open_0930,1,fixed_open_0930,48.17,48.17,0.12745098039215685,0.12745098039215685,0.1806372549019608,eret_truth_v5_tplus1_open0930,manual_buy_t_0925_auction_to_tplus1_open0930_exit,D_signal_manual_T_0925_auction_guidance_Tplus1_open0930_exit,31009218894,1,ae5a233ecdf60fbd6a3cc866c135efd33f45e57b,2026-08-05T13:15:08Z,09:20:00,09:24:50,40.8,43.79,40.5,43.79,20260807,46.0,48.17,44.8,43.79,917104.93,4287778.276,10.0023,46.0,120421100.0,39.41
20260805,20260806,20260807,20260806,20260807,002213.SZ,大为股份,17,0.1894277895411955,56.723404,0.1115060031977598,半导体,FULLY_READY,1,1,1,strong_official_opening_auction,1,strong_tplus1_open_0930_fixed_open_0930,28.74,28.74,28.74,t_opening_auction,,,09:30,tplus1_open_0930_v1,29.32,29.32,tplus1_open_0930,1,fixed_open_0930,30.17,30.17,0.02018093249826025,0.02018093249826025,0.04975643702157284,eret_truth_v5_tplus1_open0930,manual_buy_t_0925_auction_to_tplus1_open0930_exit,D_signal_manual_T_0925_auction_guidance_Tplus1_open0930_exit,31009218894,1,ae5a233ecdf60fbd6a3cc866c135efd33f45e57b,2026-08-05T13:15:08Z,09:20:00,09:24:50,28.74,29.88,28.3,29.32,20260807,29.32,30.26,28.79,29.32,196491.23,583712.83018,2.899,29.32,4755704.0,26.39
20260805,20260806,20260807,20260806,20260807,000751.SZ,锌业股份,18,0.1827262293047513,66.712766,0.01,工业金属,FULLY_READY,1,1,1,strong_official_opening_auction,1,strong_tplus1_open_0930_fixed_open_0930,5.29,5.29,5.29,t_opening_auction,,,09:30,tplus1_open_0930_v1,5.14,5.14,tplus1_open_0930,1,fixed_open_0930,5.3,5.3,-0.02835538752362954,-0.02835538752362954,0.001890359168241762,eret_truth_v5_tplus1_open0930,manual_buy_t_0925_auction_to_tplus1_open0930_exit,D_signal_manual_T_0925_auction_guidance_Tplus1_open0930_exit,31009218894,1,ae5a233ecdf60fbd6a3cc866c135efd33f45e57b,2026-08-05T13:15:08Z,09:20:00,09:24:50,5.29,5.44,5.06,5.18,20260807,5.14,5.39,5.04,5.18,1378533.69,715912.08221,2.3166,5.14,12221892.0,4.66
20260805,20260806,20260807,20260806,20260807,600892.SH,大晟文化,19,0.1826798360991662,63.744681,0.0164,游戏Ⅱ,FULLY_READY,1,1,0,strong_opening_auction_limit_up_unconfirmed,0,not_filled_no_trade,,,,,,,09:30,tplus1_open_0930_v1,,4.33,,0,missing_entry_reference,4.12,4.12,,,,eret_truth_v5_tplus1_open0930,manual_buy_t_0925_auction_to_tplus1_open0930_exit,D_signal_manual_T_0925_auction_guidance_Tplus1_open0930_exit,31009218894,1,ae5a233ecdf60fbd6a3cc866c135efd33f45e57b,2026-08-05T13:15:08Z,09:20:00,09:24:50,4.58,4.58,4.21,4.58,20260807,4.33,4.42,4.12,4.58,329615.0,139280.93,-10.0437,4.33,26211655.0,4.12
20260805,20260806,20260807,20260806,20260807,002607.SZ,中公教育,20,0.1824974572647009,56.989362,0.01,教育,FULLY_READY,1,1,1,strong_official_opening_auction,1,strong_tplus1_open_0930_fixed_open_0930,2.31,2.31,2.31,t_opening_auction,,,09:30,tplus1_open_0930_v1,2.19,2.19,tplus1_open_0930,1,fixed_open_0930,2.15,2.15,-0.051948051948052076,-0.051948051948052076,-0.06926406926406925,eret_truth_v5_tplus1_open0930,manual_buy_t_0925_auction_to_tplus1_open0930_exit,D_signal_manual_T_0925_auction_guidance_Tplus1_open0930_exit,31009218894,1,ae5a233ecdf60fbd6a3cc866c135efd33f45e57b,2026-08-05T13:15:08Z,09:20:00,09:24:50,2.31,2.31,2.16,2.17,20260807,2.19,2.2,2.09,2.17,3071346.81,654992.19527,-0.9217,2.19,8869938.0,1.95
20260805,20260806,20260807,20260806,20260807,600397.SH,江钨装备,21,0.1820529830492422,66.734043,0.0164,专用设备,FULLY_READY,1,1,1,strong_official_opening_auction,1,strong_tplus1_open_0930_fixed_open_0930,16.5,16.5,16.5,t_opening_auction,,,09:30,tplus1_open_0930_v1,18.12,18.12,tplus1_open_0930,1,fixed_open_0930,18.41,18.41,0.09818181818181837,0.09818181818181837,0.11575757575757573,eret_truth_v5_tplus1_open0930,manual_buy_t_0925_auction_to_tplus1_open0930_exit,D_signal_manual_T_0925_auction_guidance_Tplus1_open0930_exit,31009218894,1,ae5a233ecdf60fbd6a3cc866c135efd33f45e57b,2026-08-05T13:15:08Z,09:20:00,09:24:50,16.5,16.89,16.5,16.89,20260807,18.12,18.58,17.21,16.89,2155322.89,3880172.397,8.9994,18.12,170741136.0,15.2
20260805,20260806,20260807,20260806,20260807,003032.SZ,传智教育,22,0.1716724648399656,73.042553,0.0164,教育,FULLY_READY,1,1,1,strong_official_opening_auction,1,strong_tplus1_open_0930_fixed_open_0930,11.5,11.5,11.5,t_opening_auction,,,09:30,tplus1_open_0930_v1,11.25,11.25,tplus1_open_0930,1,fixed_open_0930,11.5,11.5,-0.021739130434782594,-0.021739130434782594,0.0,eret_truth_v5_tplus1_open0930,manual_buy_t_0925_auction_to_tplus1_open0930_exit,D_signal_manual_T_0925_auction_guidance_Tplus1_open0930_exit,31009218894,1,ae5a233ecdf60fbd6a3cc866c135efd33f45e57b,2026-08-05T13:15:08Z,09:20:00,09:24:50,11.5,12.0,10.65,10.95,20260807,11.25,11.72,10.8,10.95,1095226.63,1239027.55256,5.0228,11.25,76479750.0,9.86
20260805,20260806,20260807,20260806,20260807,603657.SH,春光科技,23,0.1714674550186013,52.542553,0.0164,家电零部,FULLY_READY,1,1,1,strong_official_opening_auction,1,strong_tplus1_open_0930_fixed_open_0930,26.43,26.43,26.43,t_opening_auction,,,09:30,tplus1_open_0930_v1,28.03,28.03,tplus1_open_0930,1,fixed_open_0930,28.5,28.5,0.06053726825576988,0.06053726825576988,0.0783200908059023,eret_truth_v5_tplus1_open0930,manual_buy_t_0925_auction_to_tplus1_open0930_exit,D_signal_manual_T_0925_auction_guidance_Tplus1_open0930_exit,31009218894,1,ae5a233ecdf60fbd6a3cc866c135efd33f45e57b,2026-08-05T13:15:08Z,09:20:00,09:24:50,26.43,28.21,25.83,28.17,20260807,28.03,28.96,26.5,28.17,64079.95,176967.136,1.1715,28.03,1356652.0,25.35
20260805,20260806,20260807,20260806,20260807,001267.SZ,汇绿生态,24,0.1690868545446743,57.361702,0.2518420922806225,通信设备,FULLY_READY,1,1,1,strong_official_opening_auction,1,strong_tplus1_open_0930_fixed_open_0930,35.81,35.81,35.81,t_opening_auction,,,09:30,tplus1_open_0930_v1,41.01,41.01,tplus1_open_0930,1,fixed_open_0930,42.69,42.69,0.1452108349623007,0.1452108349623007,0.19212510471935174,eret_truth_v5_tplus1_open0930,manual_buy_t_0925_auction_to_tplus1_open0930_exit,D_signal_manual_T_0925_auction_guidance_Tplus1_open0930_exit,31009218894,1,ae5a233ecdf60fbd6a3cc866c135efd33f45e57b,2026-08-05T13:15:08Z,09:20:00,09:24:50,35.81,38.81,35.35,38.81,20260807,41.01,42.69,39.59,38.81,721009.24,2972378.04959,9.9974,41.01,70611018.0,34.93
20260805,20260806,20260807,20260806,20260807,600611.SH,大众交通,25,0.1686578575369607,63.968085,0.0164,铁路公路,FULLY_READY,1,1,1,strong_official_opening_auction,1,strong_tplus1_open_0930_fixed_open_0930,4.69,4.69,4.69,t_opening_auction,,,09:30,tplus1_open_0930_v1,4.72,4.72,tplus1_open_0930,1,fixed_open_0930,4.55,4.55,0.006396588486140553,0.006396588486140553,-0.029850746268656914,eret_truth_v5_tplus1_open0930,manual_buy_t_0925_auction_to_tplus1_open0930_exit,D_signal_manual_T_0925_auction_guidance_Tplus1_open0930_exit,31009218894,1,ae5a233ecdf60fbd6a3cc866c135efd33f45e57b,2026-08-05T13:15:08Z,09:20:00,09:24:50,4.69,5.16,4.58,4.89,20260807,4.72,4.8,4.5,4.89,1575751.44,725183.826,-6.953,4.72,22055616.0,4.4
20260805,20260806,20260807,20260806,20260807,002703.SZ,浙江世宝,26,0.167547340926018,52.308511,0.83,汽车零部件,FULLY_READY,1,1,1,strong_official_opening_auction,1,strong_tplus1_open_0930_fixed_open_0930,17.59,17.59,17.59,t_opening_auction,,,09:30,tplus1_open_0930_v1,16.0,16.0,tplus1_open_0930,1,fixed_open_0930,15.09,15.09,-0.09039226833428093,-0.09039226833428093,-0.14212620807276866,eret_truth_v5_tplus1_open0930,manual_buy_t_0925_auction_to_tplus1_open0930_exit,D_signal_manual_T_0925_auction_guidance_Tplus1_open0930_exit,31009218894,1,ae5a233ecdf60fbd6a3cc866c135efd33f45e57b,2026-08-05T13:15:08Z,09:20:00,09:24:50,17.59,17.59,15.9,16.35,20260807,16.0,16.1,14.93,16.35,843691.24,1286025.31486,-7.7064,16.0,35865744.0,14.72
20260805,20260806,20260807,20260806,20260807,002491.SZ,通鼎互联,27,0.1674666260612447,67.840426,0.2454420922806225,通信设备,FULLY_READY,1,1,1,strong_official_opening_auction,1,strong_tplus1_open_0930_fixed_open_0930,15.9,15.9,15.9,t_opening_auction,,,09:30,tplus1_open_0930_v1,16.8,16.8,tplus1_open_0930,1,fixed_open_0930,17.26,17.26,0.05660377358490587,0.05660377358490587,0.08553459119496876,eret_truth_v5_tplus1_open0930,manual_buy_t_0925_auction_to_tplus1_open0930_exit,D_signal_manual_T_0925_auction_guidance_Tplus1_open0930_exit,31009218894,1,ae5a233ecdf60fbd6a3cc866c135efd33f45e57b,2026-08-05T13:15:08Z,09:20:00,09:24:50,15.9,16.75,15.73,16.52,20260807,16.8,17.42,16.33,16.52,1767536.54,3001669.31409,4.4794,16.8,29500800.0,14.87
20260805,20260806,20260807,20260806,20260807,000593.SZ,德龙汇能,28,0.165298509816764,68.148936,0.01,燃气Ⅱ,FULLY_READY,1,1,1,strong_official_opening_auction,1,strong_tplus1_open_0930_fixed_open_0930,22.52,22.52,22.52,t_opening_auction,,,09:30,tplus1_open_0930_v1,22.44,22.44,tplus1_open_0930,1,fixed_open_0930,23.88,23.88,-0.003552397868561208,-0.003552397868561208,0.060390763765541866,eret_truth_v5_tplus1_open0930,manual_buy_t_0925_auction_to_tplus1_open0930_exit,D_signal_manual_T_0925_auction_guidance_Tplus1_open0930_exit,31009218894,1,ae5a233ecdf60fbd6a3cc866c135efd33f45e57b,2026-08-05T13:15:08Z,09:20:00,09:24:50,22.52,22.99,21.63,22.72,20260807,22.44,23.99,22.25,22.72,368824.83,860200.36663,5.1056,22.44,11922372.0,20.45
20260805,20260806,20260807,20260806,20260807,002119.SZ,康强电子,29,0.1639644579795288,68.56383,0.1115060031977598,半导体,FULLY_READY,1,1,1,strong_official_opening_auction,1,strong_tplus1_open_0930_fixed_open_0930,22.75,22.75,22.75,t_opening_auction,,,09:30,tplus1_open_0930_v1,23.12,23.12,tplus1_open_0930,1,fixed_open_0930,24.04,24.04,0.01626373626373634,0.01626373626373634,0.056703296703296546,eret_truth_v5_tplus1_open0930,manual_buy_t_0925_auction_to_tplus1_open0930_exit,D_signal_manual_T_0925_auction_guidance_Tplus1_open0930_exit,31009218894,1,ae5a233ecdf60fbd6a3cc866c135efd33f45e57b,2026-08-05T13:15:08Z,09:20:00,09:24:50,22.75,23.34,22.53,23.11,20260807,23.12,24.29,22.75,23.11,585167.33,1384236.32923,4.0242,23.12,15608312.0,20.8
20260805,20260806,20260807,20260806,20260807,002980.SZ,华盛昌,30,0.1622722973267337,51.404255,0.0573942950693908,电网设备,FULLY_READY,1,1,1,strong_official_opening_auction,1,strong_tplus1_open_0930_fixed_open_0930,75.63,75.63,75.63,t_opening_auction,,,09:30,tplus1_open_0930_v1,79.71,79.71,tplus1_open_0930,1,fixed_open_0930,82.79,82.79,0.05394684648948833,0.05394684648948833,0.0946714266825337,eret_truth_v5_tplus1_open0930,manual_buy_t_0925_auction_to_tplus1_open0930_exit,D_signal_manual_T_0925_auction_guidance_Tplus1_open0930_exit,31009218894,1,ae5a233ecdf60fbd6a3cc866c135efd33f45e57b,2026-08-05T13:15:08Z,09:20:00,09:24:50,75.63,80.55,74.0,79.03,20260807,79.71,83.75,78.3,79.03,89798.42,732397.41204,4.7577,79.71,3720225.12,71.13
20260805,20260806,20260807,20260806,20260807,603773.SH,沃格光电,31,0.1621914189743364,50.138298,0.5394931282264485,光学光电,FULLY_READY,1,1,1,strong_official_opening_auction,1,strong_tplus1_open_0930_fixed_open_0930,81.58,81.58,81.58,t_opening_auction,,,09:30,tplus1_open_0930_v1,93.06,93.06,tplus1_open_0930,1,fixed_open_0930,95.07,95.07,0.1407207648933564,0.1407207648933564,0.16535915665604306,eret_truth_v5_tplus1_open0930,manual_buy_t_0925_auction_to_tplus1_open0930_exit,D_signal_manual_T_0925_auction_guidance_Tplus1_open0930_exit,31009218894,1,ae5a233ecdf60fbd6a3cc866c135efd33f45e57b,2026-08-05T13:15:08Z,09:20:00,09:24:50,81.58,86.43,80.98,86.43,20260807,93.06,95.07,91.78,86.43,218904.74,2058335.11,9.9965,93.06,64611558.0,77.79
20260805,20260806,20260807,20260806,20260807,600367.SH,红星发展,32,0.1605398522535666,56.978723,0.01,化学原料,FULLY_READY,1,1,1,strong_official_opening_auction,1,strong_tplus1_open_0930_fixed_open_0930,30.38,30.38,30.38,t_opening_auction,,,09:30,tplus1_open_0930_v1,31.91,31.91,tplus1_open_0930,1,fixed_open_0930,32.96,32.96,0.050362080315997426,0.050362080315997426,0.08492429229756437,eret_truth_v5_tplus1_open0930,manual_buy_t_0925_auction_to_tplus1_open0930_exit,D_signal_manual_T_0925_auction_guidance_Tplus1_open0930_exit,31009218894,1,ae5a233ecdf60fbd6a3cc866c135efd33f45e57b,2026-08-05T13:15:08Z,09:20:00,09:24:50,30.38,31.95,29.96,31.49,20260807,31.91,33.5,31.75,31.49,571094.62,1865151.143,4.6681,31.91,16570863.0,28.34
20260805,20260806,20260807,20260806,20260807,603186.SH,华正新材,33,0.1584541158544074,63.968085,0.328751396590983,元件,FULLY_READY,1,1,1,strong_official_opening_auction,1,strong_tplus1_open_0930_fixed_open_0930,122.0,122.0,122.0,t_opening_auction,,,09:30,tplus1_open_0930_v1,132.3,132.3,tplus1_open_0930,1,fixed_open_0930,143.0,143.0,0.08442622950819678,0.08442622950819678,0.1721311475409837,eret_truth_v5_tplus1_open0930,manual_buy_t_0925_auction_to_tplus1_open0930_exit,D_signal_manual_T_0925_auction_guidance_Tplus1_open0930_exit,31009218894,1,ae5a233ecdf60fbd6a3cc866c135efd33f45e57b,2026-08-05T13:15:08Z,09:20:00,09:24:50,122.0,131.24,122.0,130.0,20260807,132.3,143.0,132.3,130.0,170182.57,2343854.878,10.0,132.3,47641230.0,117.0
20260805,20260806,20260807,20260806,20260807,002766.SZ,索菱股份,34,0.1574857754908474,49.691489,0.83,汽车零部件,FULLY_READY,1,1,0,strong_opening_auction_limit_up_unconfirmed,0,not_filled_no_trade,,,,,,,09:30,tplus1_open_0930_v1,,4.26,,0,missing_entry_reference,4.1,4.1,,,,eret_truth_v5_tplus1_open0930,manual_buy_t_0925_auction_to_tplus1_open0930_exit,D_signal_manual_T_0925_auction_guidance_Tplus1_open0930_exit,31009218894,1,ae5a233ecdf60fbd6a3cc866c135efd33f45e57b,2026-08-05T13:15:08Z,09:20:00,09:24:50,4.83,4.83,4.39,4.43,20260807,4.26,4.39,4.0,4.43,816470.5,336953.0615,-7.4492,4.26,17852382.0,3.99
20260805,20260806,20260807,20260806,20260807,000603.SZ,盛达资源,35,0.1572287786861397,63.308511,0.01,贵金属,FULLY_READY,1,1,0,strong_opening_auction_limit_up_unconfirmed,0,not_filled_no_trade,,,,,,,09:30,tplus1_open_0930_v1,,31.38,,0,missing_entry_reference,34.43,34.43,,,,eret_truth_v5_tplus1_open0930,manual_buy_t_0925_auction_to_tplus1_open0930_exit,D_signal_manual_T_0925_auction_guidance_Tplus1_open0930_exit,31009218894,1,ae5a233ecdf60fbd6a3cc866c135efd33f45e57b,2026-08-05T13:15:08Z,09:20:00,09:24:50,32.06,32.07,30.3,31.3,20260807,31.38,34.43,30.2,31.3,1127804.9,3615996.16855,10.0,31.38,88962300.0,28.17
20260805,20260806,20260807,20260806,20260807,603004.SH,鼎龙科技,36,0.1571783930818071,65.670213,0.1736599148755986,化学制品,FULLY_READY,1,1,1,strong_official_opening_auction,1,strong_tplus1_open_0930_fixed_open_0930,20.52,20.52,20.52,t_opening_auction,,,09:30,tplus1_open_0930_v1,20.84,20.84,tplus1_open_0930,1,fixed_open_0930,20.93,20.93,0.015594541910331383,0.015594541910331383,0.019980506822611988,eret_truth_v5_tplus1_open0930,manual_buy_t_0925_auction_to_tplus1_open0930_exit,D_signal_manual_T_0925_auction_guidance_Tplus1_open0930_exit,31009218894,1,ae5a233ecdf60fbd6a3cc866c135efd33f45e57b,2026-08-05T13:15:08Z,09:20:00,09:24:50,20.52,21.28,20.33,20.85,20260807,20.84,21.32,20.27,20.85,59338.12,122907.626,0.3837,20.84,2723788.0,18.77
20260805,20260806,20260807,20260806,20260807,603823.SH,百合花,37,0.1554095311043717,43.404255,0.1800599148755985,化学制品,FULLY_READY,1,1,1,strong_official_opening_auction,1,strong_tplus1_open_0930_fixed_open_0930,63.44,63.44,63.44,t_opening_auction,,,09:30,tplus1_open_0930_v1,69.13,69.13,tplus1_open_0930,1,fixed_open_0930,65.9,65.9,0.08969104665825967,0.08969104665825967,0.038776796973518435,eret_truth_v5_tplus1_open0930,manual_buy_t_0925_auction_to_tplus1_open0930_exit,D_signal_manual_T_0925_auction_guidance_Tplus1_open0930_exit,31009218894,1,ae5a233ecdf60fbd6a3cc866c135efd33f45e57b,2026-08-05T13:15:08Z,09:20:00,09:24:50,63.44,66.8,63.44,66.8,20260807,69.13,69.74,64.0,66.8,296379.68,1963601.628,-1.3473,69.13,36072034.0,60.12
20260805,20260806,20260807,20260806,20260807,600556.SH,天下秀,38,0.1551573326488766,55.893617,0.01,广告营销,FULLY_READY,1,1,1,strong_official_opening_auction,1,strong_tplus1_open_0930_fixed_open_0930,5.27,5.27,5.27,t_opening_auction,,,09:30,tplus1_open_0930_v1,5.11,5.11,tplus1_open_0930,1,fixed_open_0930,5.14,5.14,-0.030360531309297834,-0.030360531309297834,-0.024667931688804545,eret_truth_v5_tplus1_open0930,manual_buy_t_0925_auction_to_tplus1_open0930_exit,D_signal_manual_T_0925_auction_guidance_Tplus1_open0930_exit,31009218894,1,ae5a233ecdf60fbd6a3cc866c135efd33f45e57b,2026-08-05T13:15:08Z,09:20:00,09:24:50,5.27,5.68,5.13,5.21,20260807,5.11,5.36,4.93,5.21,1233436.12,626595.416,-1.3436,5.11,8883224.0,4.69
20260805,20260806,20260807,20260806,20260807,002636.SZ,金安国纪,39,0.1538283022286961,61.351064,0.3351513965909831,元件,FULLY_READY,1,1,1,strong_official_opening_auction,1,strong_tplus1_open_0930_fixed_open_0930,55.61,55.61,55.61,t_opening_auction,,,09:30,tplus1_open_0930_v1,60.5,60.5,tplus1_open_0930,1,fixed_open_0930,65.4,65.4,0.08793382485164525,0.08793382485164525,0.1760474734759938,eret_truth_v5_tplus1_open0930,manual_buy_t_0925_auction_to_tplus1_open0930_exit,D_signal_manual_T_0925_auction_guidance_Tplus1_open0930_exit,31009218894,1,ae5a233ecdf60fbd6a3cc866c135efd33f45e57b,2026-08-05T13:15:08Z,09:20:00,09:24:50,55.61,61.62,55.61,59.99,20260807,60.5,65.99,60.5,59.99,866558.97,5553996.95038,9.0182,60.5,45917806.0,53.99
20260805,20260806,20260807,20260806,20260807,002655.SZ,共达电声,40,0.1534245863946632,53.244681,0.6729057079444091,消费电子,FULLY_READY,1,1,1,strong_official_opening_auction,1,strong_tplus1_open_0930_fixed_open_0930,27.6,27.6,27.6,t_opening_auction,,,09:30,tplus1_open_0930_v1,28.11,28.11,tplus1_open_0930,1,fixed_open_0930,29.38,29.38,0.018478260869565055,0.018478260869565055,0.06449275362318829,eret_truth_v5_tplus1_open0930,manual_buy_t_0925_auction_to_tplus1_open0930_exit,D_signal_manual_T_0925_auction_guidance_Tplus1_open0930_exit,31009218894,1,ae5a233ecdf60fbd6a3cc866c135efd33f45e57b,2026-08-05T13:15:08Z,09:20:00,09:24:50,27.6,27.97,26.95,27.84,20260807,28.11,29.5,27.56,27.84,345889.72,992932.62047,5.5316,28.11,7064043.0,25.06
20260805,20260806,20260807,20260806,20260807,002992.SZ,宝明科技,41,0.1527227554922737,47.946809,0.5394931282264485,光学光电,FULLY_READY,1,1,1,strong_official_opening_auction,1,strong_tplus1_open_0930_fixed_open_0930,35.46,35.46,35.46,t_opening_auction,,,09:30,tplus1_open_0930_v1,35.87,35.87,tplus1_open_0930,1,fixed_open_0930,37.5,37.5,0.011562323745064829,0.011562323745064829,0.05752961082910324,eret_truth_v5_tplus1_open0930,manual_buy_t_0925_auction_to_tplus1_open0930_exit,D_signal_manual_T_0925_auction_guidance_Tplus1_open0930_exit,31009218894,1,ae5a233ecdf60fbd6a3cc866c135efd33f45e57b,2026-08-05T13:15:08Z,09:20:00,09:24:50,35.46,36.69,35.11,35.94,20260807,35.87,37.99,35.8,35.94,35517.0,131334.815,4.3406,35.87,441201.0,32.35
20260805,20260806,20260807,20260806,20260807,605376.SH,博迁新材,42,0.1518874133818601,54.489362,0.01,金属新材,FULLY_READY,1,1,1,strong_official_opening_auction,1,strong_tplus1_open_0930_fixed_open_0930,160.0,160.0,160.0,t_opening_auction,,,09:30,tplus1_open_0930_v1,163.81,163.81,tplus1_open_0930,1,fixed_open_0930,163.97,163.97,0.023812499999999792,0.023812499999999792,0.024812499999999904,eret_truth_v5_tplus1_open0930,manual_buy_t_0925_auction_to_tplus1_open0930_exit,D_signal_manual_T_0925_auction_guidance_Tplus1_open0930_exit,31009218894,1,ae5a233ecdf60fbd6a3cc866c135efd33f45e57b,2026-08-05T13:15:08Z,09:20:00,09:24:50,160.0,165.0,155.98,163.82,20260807,163.81,169.3,156.53,163.82,224128.46,3653639.001,0.0916,163.81,13170324.0,147.44
20260805,20260806,20260807,20260806,20260807,002649.SZ,博彦科技,43,0.1517200990278606,46.361702,0.01,IT服务Ⅱ,FULLY_READY,1,1,1,strong_official_opening_auction,1,strong_tplus1_open_0930_fixed_open_0930,10.78,10.78,10.78,t_opening_auction,,,09:30,tplus1_open_0930_v1,11.67,11.67,tplus1_open_0930,1,fixed_open_0930,10.66,10.66,0.08256029684601107,0.08256029684601107,-0.011131725417439675,eret_truth_v5_tplus1_open0930,manual_buy_t_0925_auction_to_tplus1_open0930_exit,D_signal_manual_T_0925_auction_guidance_Tplus1_open0930_exit,31009218894,1,ae5a233ecdf60fbd6a3cc866c135efd33f45e57b,2026-08-05T13:15:08Z,09:20:00,09:24:50,10.78,11.29,10.77,11.29,20260807,11.67,11.67,10.21,11.29,930621.84,995850.72041,-5.5802,11.67,80847426.0,10.16
20260805,20260806,20260807,20260806,20260807,002971.SZ,和远气体,44,0.1499708701582127,53.691489,0.1736599148755986,化学制品,FULLY_READY,1,1,1,strong_official_opening_auction,1,strong_tplus1_open_0930_fixed_open_0930,37.69,37.69,37.69,t_opening_auction,,,09:30,tplus1_open_0930_v1,43.99,43.99,tplus1_open_0930,1,fixed_open_0930,45.38,45.38,0.16715309100557207,0.16715309100557207,0.20403289997346818,eret_truth_v5_tplus1_open0930,manual_buy_t_0925_auction_to_tplus1_open0930_exit,D_signal_manual_T_0925_auction_guidance_Tplus1_open0930_exit,31009218894,1,ae5a233ecdf60fbd6a3cc866c135efd33f45e57b,2026-08-05T13:15:08Z,09:20:00,09:24:50,37.69,41.25,37.55,41.25,20260807,43.99,45.38,43.42,41.25,149310.67,672232.16666,10.0121,43.99,36071800.0,37.13
20260805,20260806,20260807,20260806,20260807,002579.SZ,中京电子,45,0.1479947805438119,61.106383,0.328751396590983,元件,FULLY_READY,1,1,1,strong_official_opening_auction,1,strong_tplus1_open_0930_fixed_open_0930,13.49,13.49,13.49,t_opening_auction,,,09:30,tplus1_open_0930_v1,13.7,13.7,tplus1_open_0930,1,fixed_open_0930,15.15,15.15,0.015567086730911672,0.015567086730911672,0.12305411415863587,eret_truth_v5_tplus1_open0930,manual_buy_t_0925_auction_to_tplus1_open0930_exit,D_signal_manual_T_0925_auction_guidance_Tplus1_open0930_exit,31009218894,1,ae5a233ecdf60fbd6a3cc866c135efd33f45e57b,2026-08-05T13:15:08Z,09:20:00,09:24:50,13.49,14.19,13.37,13.93,20260807,13.7,15.32,13.58,13.93,1813810.63,2630112.25448,8.7581,13.7,31582610.0,12.54
20260805,20260806,20260807,20260806,20260807,601231.SH,环旭电子,46,0.1478128175062504,44.957447,0.6729057079444091,消费电子,FULLY_READY,1,1,1,strong_official_opening_auction,1,strong_tplus1_open_0930_fixed_open_0930,25.96,25.96,25.96,t_opening_auction,,,09:30,tplus1_open_0930_v1,27.56,27.56,tplus1_open_0930,1,fixed_open_0930,27.61,27.61,0.0616332819722647,0.0616332819722647,0.06355932203389814,eret_truth_v5_tplus1_open0930,manual_buy_t_0925_auction_to_tplus1_open0930_exit,D_signal_manual_T_0925_auction_guidance_Tplus1_open0930_exit,31009218894,1,ae5a233ecdf60fbd6a3cc866c135efd33f45e57b,2026-08-05T13:15:08Z,09:20:00,09:24:50,25.96,27.88,25.8,27.52,20260807,27.56,28.17,27.1,27.52,416291.93,1151269.65,0.327,27.56,5900596.0,24.77
20260805,20260806,20260807,20260806,20260807,603306.SH,华懋科技,47,0.1475119927003463,51.031915,0.83,汽车零部件,FULLY_READY,1,1,1,strong_official_opening_auction,1,strong_tplus1_open_0930_fixed_open_0930,67.2,67.2,67.2,t_opening_auction,,,09:30,tplus1_open_0930_v1,67.67,67.67,tplus1_open_0930,1,fixed_open_0930,73.03,73.03,0.006994047619047539,0.006994047619047539,0.08675595238095224,eret_truth_v5_tplus1_open0930,manual_buy_t_0925_auction_to_tplus1_open0930_exit,D_signal_manual_T_0925_auction_guidance_Tplus1_open0930_exit,31009218894,1,ae5a233ecdf60fbd6a3cc866c135efd33f45e57b,2026-08-05T13:15:08Z,09:20:00,09:24:50,67.2,68.98,65.55,67.5,20260807,67.67,74.25,66.29,67.5,221324.76,1574032.105,8.1926,67.67,3992530.0,60.75
20260805,20260806,20260807,20260806,20260807,603201.SH,常润股份,48,0.1470607115723609,46.510638,0.83,汽车零部件,FULLY_READY,1,1,1,strong_official_opening_auction,1,strong_tplus1_open_0930_fixed_open_0930,18.05,18.05,18.05,t_opening_auction,,,09:30,tplus1_open_0930_v1,17.07,17.07,tplus1_open_0930,1,fixed_open_0930,16.68,16.68,-0.05429362880886435,-0.05429362880886435,-0.07590027700831037,eret_truth_v5_tplus1_open0930,manual_buy_t_0925_auction_to_tplus1_open0930_exit,D_signal_manual_T_0925_auction_guidance_Tplus1_open0930_exit,31009218894,1,ae5a233ecdf60fbd6a3cc866c135efd33f45e57b,2026-08-05T13:15:08Z,09:20:00,09:24:50,18.05,19.04,16.87,17.3,20260807,17.07,17.83,16.55,17.3,112701.34,191858.808,-3.5838,17.07,6973095.0,15.57
20260805,20260806,20260807,20260806,20260807,001210.SZ,金房能源,49,0.1463720675826805,47.0,0.01,电力,FULLY_READY,1,1,1,strong_official_opening_auction,1,strong_tplus1_open_0930_fixed_open_0930,21.88,21.88,21.88,t_opening_auction,,,09:30,tplus1_open_0930_v1,21.59,21.59,tplus1_open_0930,1,fixed_open_0930,21.88,21.88,-0.013254113345520957,-0.013254113345520957,2.220446049250313e-16,eret_truth_v5_tplus1_open0930,manual_buy_t_0925_auction_to_tplus1_open0930_exit,D_signal_manual_T_0925_auction_guidance_Tplus1_open0930_exit,31009218894,1,ae5a233ecdf60fbd6a3cc866c135efd33f45e57b,2026-08-05T13:15:08Z,09:20:00,09:24:50,21.88,22.8,21.1,21.78,20260807,21.59,21.96,20.85,21.78,110995.66,238706.0353,0.4591,21.59,6593586.0,19.6
20260805,20260806,20260807,20260806,20260807,000811.SZ,冰轮环境,50,0.1462423068514177,49.659574,0.01,通用设备,FULLY_READY,1,1,1,strong_official_opening_auction,1,strong_tplus1_open_0930_fixed_open_0930,38.74,38.74,38.74,t_opening_auction,,,09:30,tplus1_open_0930_v1,40.48,40.48,tplus1_open_0930,1,fixed_open_0930,42.28,42.28,0.04491481672689712,0.04491481672689712,0.09137842023748077,eret_truth_v5_tplus1_open0930,manual_buy_t_0925_auction_to_tplus1_open0930_exit,D_signal_manual_T_0925_auction_guidance_Tplus1_open0930_exit,31009218894,1,ae5a233ecdf60fbd6a3cc866c135efd33f45e57b,2026-08-05T13:15:08Z,09:20:00,09:24:50,38.74,40.99,38.3,40.31,20260807,40.48,43.3,39.15,40.31,616273.66,2570918.11037,4.8871,40.48,5027616.0,36.28
20260805,20260806,20260807,20260806,20260807,000962.SZ,东方钽业,51,0.1460220458683403,51.06383,0.4258611773793213,小金属,FULLY_READY,1,1,1,strong_official_opening_auction,1,strong_tplus1_open_0930_fixed_open_0930,53.4,53.4,53.4,t_opening_auction,,,09:30,tplus1_open_0930_v1,53.84,53.84,tplus1_open_0930,1,fixed_open_0930,55.18,55.18,0.008239700374531811,0.008239700374531811,0.033333333333333215,eret_truth_v5_tplus1_open0930,manual_buy_t_0925_auction_to_tplus1_open0930_exit,D_signal_manual_T_0925_auction_guidance_Tplus1_open0930_exit,31009218894,1,ae5a233ecdf60fbd6a3cc866c135efd33f45e57b,2026-08-05T13:15:08Z,09:20:00,09:24:50,53.4,55.7,51.85,53.86,20260807,53.84,55.4,51.79,53.86,475442.2,2574275.18037,2.4508,53.84,30198856.0,48.47
20260805,20260806,20260807,20260806,20260807,002036.SZ,联创电子,52,0.1443105665321998,59.989362,0.5394931282264485,光学光电,FULLY_READY,1,1,1,strong_official_opening_auction,1,strong_tplus1_open_0930_fixed_open_0930,7.73,7.73,7.73,t_opening_auction,,,09:30,tplus1_open_0930_v1,7.43,7.43,tplus1_open_0930,1,fixed_open_0930,7.29,7.29,-0.03880983182406217,-0.03880983182406217,-0.056921086675291166,eret_truth_v5_tplus1_open0930,manual_buy_t_0925_auction_to_tplus1_open0930_exit,D_signal_manual_T_0925_auction_guidance_Tplus1_open0930_exit,31009218894,1,ae5a233ecdf60fbd6a3cc866c135efd33f45e57b,2026-08-05T13:15:08Z,09:20:00,09:24:50,7.73,7.79,7.33,7.45,20260807,7.43,7.47,7.2,7.45,595140.7,433583.49765,-2.1477,7.43,7360901.0,6.71
20260805,20260806,20260807,20260806,20260807,002552.SZ,宝鼎科技,53,0.1441586401060129,63.776596,0.328751396590983,元件,FULLY_READY,1,1,1,strong_official_opening_auction,1,strong_tplus1_open_0930_fixed_open_0930,40.81,40.81,40.81,t_opening_auction,,,09:30,tplus1_open_0930_v1,47.0,47.0,tplus1_open_0930,1,fixed_open_0930,47.6,47.6,0.15167851016907608,0.15167851016907608,0.16638078902229836,eret_truth_v5_tplus1_open0930,manual_buy_t_0925_auction_to_tplus1_open0930_exit,D_signal_manual_T_0925_auction_guidance_Tplus1_open0930_exit,31009218894,1,ae5a233ecdf60fbd6a3cc866c135efd33f45e57b,2026-08-05T13:15:08Z,09:20:00,09:24:50,40.81,43.27,40.81,43.27,20260807,47.0,47.6,47.0,43.27,44482.0,211156.983,10.0069,47.0,36913800.0,38.94
20260805,20260806,20260807,20260806,20260807,002674.SZ,兴业科技,54,0.1437813054760572,66.117021,0.01,纺织制造,FULLY_READY,1,1,1,strong_official_opening_auction,1,strong_tplus1_open_0930_fixed_open_0930,27.0,27.0,27.0,t_opening_auction,,,09:30,tplus1_open_0930_v1,29.05,29.05,tplus1_open_0930,1,fixed_open_0930,28.33,28.33,0.07592592592592595,0.07592592592592595,0.049259259259259336,eret_truth_v5_tplus1_open0930,manual_buy_t_0925_auction_to_tplus1_open0930_exit,D_signal_manual_T_0925_auction_guidance_Tplus1_open0930_exit,31009218894,1,ae5a233ecdf60fbd6a3cc866c135efd33f45e57b,2026-08-05T13:15:08Z,09:20:00,09:24:50,27.0,29.4,27.0,28.65,20260807,29.05,29.29,27.4,28.65,380889.04,1073494.26917,-1.1169,29.05,36495515.0,25.79
20260805,20260806,20260807,20260806,20260807,603061.SH,金海通,55,0.1417263442618943,45.861702,0.1115060031977598,半导体,FULLY_READY,1,1,1,strong_official_opening_auction,1,strong_tplus1_open_0930_fixed_open_0930,290.0,290.0,290.0,t_opening_auction,,,09:30,tplus1_open_0930_v1,307.58,307.58,tplus1_open_0930,1,fixed_open_0930,316.7,316.7,0.06062068965517242,0.06062068965517242,0.09206896551724131,eret_truth_v5_tplus1_open0930,manual_buy_t_0925_auction_to_tplus1_open0930_exit,D_signal_manual_T_0925_auction_guidance_Tplus1_open0930_exit,31009218894,1,ae5a233ecdf60fbd6a3cc866c135efd33f45e57b,2026-08-05T13:15:08Z,09:20:00,09:24:50,290.0,314.98,288.88,307.73,20260807,307.58,321.52,300.66,307.73,43167.0,1350228.196,2.9149,307.58,4767490.0,276.96
20260805,20260806,20260807,20260806,20260807,605178.SH,时空科技,56,0.1402150195366457,41.851064,0.01,专业工程,FULLY_READY,1,1,1,strong_official_opening_auction,1,strong_tplus1_open_0930_fixed_open_0930,64.37,64.37,64.37,t_opening_auction,,,09:30,tplus1_open_0930_v1,64.09,64.09,tplus1_open_0930,1,fixed_open_0930,66.15,66.15,-0.004349852415721722,-0.004349852415721722,0.02765263321423017,eret_truth_v5_tplus1_open0930,manual_buy_t_0925_auction_to_tplus1_open0930_exit,D_signal_manual_T_0925_auction_guidance_Tplus1_open0930_exit,31009218894,1,ae5a233ecdf60fbd6a3cc866c135efd33f45e57b,2026-08-05T13:15:08Z,09:20:00,09:24:50,64.37,66.78,62.8,65.17,20260807,64.09,66.68,63.55,65.17,55681.0,365752.744,1.5038,64.09,3371134.0,58.65
20260805,20260806,20260807,20260806,20260807,001359.SZ,平安电工,57,0.1394855214001907,54.117021,0.01,塑料,FULLY_READY,1,1,1,strong_official_opening_auction,1,strong_tplus1_open_0930_fixed_open_0930,87.2,87.2,87.2,t_opening_auction,,,09:30,tplus1_open_0930_v1,86.05,86.05,tplus1_open_0930,1,fixed_open_0930,89.0,89.0,-0.013188073394495459,-0.013188073394495459,0.020642201834862428,eret_truth_v5_tplus1_open0930,manual_buy_t_0925_auction_to_tplus1_open0930_exit,D_signal_manual_T_0925_auction_guidance_Tplus1_open0930_exit,31009218894,1,ae5a233ecdf60fbd6a3cc866c135efd33f45e57b,2026-08-05T13:15:08Z,09:20:00,09:24:50,87.2,89.33,83.33,86.06,20260807,86.05,91.77,84.92,86.06,76615.15,676872.26824,3.4162,86.05,2753600.0,77.45
20260805,20260806,20260807,20260806,20260807,002214.SZ,大立科技,58,0.1383584164089082,47.882979,0.01,军工电子,FULLY_READY,1,1,0,strong_opening_auction_limit_up_unconfirmed,0,not_filled_no_trade,,,,,,,09:30,tplus1_open_0930_v1,,16.34,,0,missing_entry_reference,15.86,15.86,,,,eret_truth_v5_tplus1_open0930,manual_buy_t_0925_auction_to_tplus1_open0930_exit,D_signal_manual_T_0925_auction_guidance_Tplus1_open0930_exit,31009218894,1,ae5a233ecdf60fbd6a3cc866c135efd33f45e57b,2026-08-05T13:15:08Z,09:20:00,09:24:50,16.34,16.34,16.34,16.34,20260807,16.34,16.35,15.36,16.34,276016.76,437115.78347,-2.9376,16.34,53506964.0,14.71
20260805,20260806,20260807,20260806,20260807,002425.SZ,凯撒文化,59,0.1373480300324097,58.010638,0.01,游戏Ⅱ,FULLY_READY,1,1,0,strong_opening_auction_limit_up_unconfirmed,0,not_filled_no_trade,,,,,,,09:30,tplus1_open_0930_v1,,3.82,,0,missing_entry_reference,3.48,3.48,,,,eret_truth_v5_tplus1_open0930,manual_buy_t_0925_auction_to_tplus1_open0930_exit,D_signal_manual_T_0925_auction_guidance_Tplus1_open0930_exit,31009218894,1,ae5a233ecdf60fbd6a3cc866c135efd33f45e57b,2026-08-05T13:15:08Z,09:20:00,09:24:50,3.82,3.82,3.66,3.82,20260807,3.82,3.82,3.44,3.82,2051942.88,716963.49978,-8.9005,3.82,31165852.0,3.44
20260805,20260806,20260807,20260806,20260807,603268.SH,松发股份,60,0.1364910350210128,52.276596,0.01,航海装备,FULLY_READY,1,1,1,strong_official_opening_auction,1,strong_tplus1_open_0930_fixed_open_0930,176.1,176.1,176.1,t_opening_auction,,,09:30,tplus1_open_0930_v1,179.99,179.99,tplus1_open_0930,1,fixed_open_0930,183.11,183.11,0.022089721749006364,0.022089721749006364,0.039806927881885557,eret_truth_v5_tplus1_open0930,manual_buy_t_0925_auction_to_tplus1_open0930_exit,D_signal_manual_T_0925_auction_guidance_Tplus1_open0930_exit,31009218894,1,ae5a233ecdf60fbd6a3cc866c135efd33f45e57b,2026-08-05T13:15:08Z,09:20:00,09:24:50,176.1,184.37,171.53,180.0,20260807,179.99,187.41,179.02,180.0,86179.77,1585366.202,1.7278,179.99,7667574.0,162.0
20260805,20260806,20260807,20260806,20260807,002080.SZ,中材科技,61,0.1361313656815674,47.170213,0.0164,玻璃玻纤,FULLY_READY,1,1,1,strong_official_opening_auction,1,strong_tplus1_open_0930_fixed_open_0930,48.76,48.76,48.76,t_opening_auction,,,09:30,tplus1_open_0930_v1,52.1,52.1,tplus1_open_0930,1,fixed_open_0930,56.56,56.56,0.06849876948318312,0.06849876948318312,0.15996718621821193,eret_truth_v5_tplus1_open0930,manual_buy_t_0925_auction_to_tplus1_open0930_exit,D_signal_manual_T_0925_auction_guidance_Tplus1_open0930_exit,31009218894,1,ae5a233ecdf60fbd6a3cc866c135efd33f45e57b,2026-08-05T13:15:08Z,09:20:00,09:24:50,48.76,52.11,47.68,51.52,20260807,52.1,56.67,51.21,51.52,853326.55,4656491.91644,9.7826,52.1,36522100.0,46.37
20260805,20260806,20260807,20260806,20260807,003018.SZ,金富科技,62,0.1354998255695481,56.62766,0.01,包装印刷,FULLY_READY,1,1,1,strong_official_opening_auction,1,strong_tplus1_open_0930_fixed_open_0930,38.48,38.48,38.48,t_opening_auction,,,09:30,tplus1_open_0930_v1,39.44,39.44,tplus1_open_0930,1,fixed_open_0930,39.78,39.78,0.02494802494802495,0.02494802494802495,0.033783783783783994,eret_truth_v5_tplus1_open0930,manual_buy_t_0925_auction_to_tplus1_open0930_exit,D_signal_manual_T_0925_auction_guidance_Tplus1_open0930_exit,31009218894,1,ae5a233ecdf60fbd6a3cc866c135efd33f45e57b,2026-08-05T13:15:08Z,09:20:00,09:24:50,38.48,39.51,37.7,39.4,20260807,39.44,40.8,38.19,39.4,159809.56,633140.85827,0.9645,39.44,5269972.8,35.46
20260805,20260806,20260807,20260806,20260807,603078.SH,江化微,63,0.13470604577422,57.117021,0.01,电子化学,FULLY_READY,1,1,1,strong_official_opening_auction,1,strong_tplus1_open_0930_fixed_open_0930,31.48,31.48,31.48,t_opening_auction,,,09:30,tplus1_open_0930_v1,36.0,36.0,tplus1_open_0930,1,fixed_open_0930,36.37,36.37,0.1435832274459976,0.1435832274459976,0.15533672172808122,eret_truth_v5_tplus1_open0930,manual_buy_t_0925_auction_to_tplus1_open0930_exit,D_signal_manual_T_0925_auction_guidance_Tplus1_open0930_exit,31009218894,1,ae5a233ecdf60fbd6a3cc866c135efd33f45e57b,2026-08-05T13:15:08Z,09:20:00,09:24:50,31.48,34.19,31.4,34.19,20260807,36.0,37.38,33.9,34.19,544607.94,1934870.336,6.3761,36.0,33116400.0,30.77
20260805,20260806,20260807,20260806,20260807,603826.SH,坤彩科技,64,0.1339744783501634,50.223404,0.01,非金属材,FULLY_READY,1,1,1,strong_official_opening_auction,1,strong_tplus1_open_0930_fixed_open_0930,17.93,17.93,17.93,t_opening_auction,,,09:30,tplus1_open_0930_v1,17.21,17.21,tplus1_open_0930,1,fixed_open_0930,17.4,17.4,-0.04015616285554924,-0.04015616285554924,-0.029559397657557218,eret_truth_v5_tplus1_open0930,manual_buy_t_0925_auction_to_tplus1_open0930_exit,D_signal_manual_T_0925_auction_guidance_Tplus1_open0930_exit,31009218894,1,ae5a233ecdf60fbd6a3cc866c135efd33f45e57b,2026-08-05T13:15:08Z,09:20:00,09:24:50,17.93,18.0,17.17,17.22,20260807,17.21,17.9,17.21,17.22,143470.6,250462.006,1.0453,17.21,4517625.0,15.5
20260805,20260806,20260807,20260806,20260807,600078.SH,澄星股份,65,0.1334501809140655,40.723404,0.01,农化制品,FULLY_READY,1,1,1,strong_official_opening_auction,1,strong_tplus1_open_0930_fixed_open_0930,10.71,10.71,10.71,t_opening_auction,,,09:30,tplus1_open_0930_v1,10.82,10.82,tplus1_open_0930,1,fixed_open_0930,11.05,11.05,0.010270774976657293,0.010270774976657293,0.03174603174603163,eret_truth_v5_tplus1_open0930,manual_buy_t_0925_auction_to_tplus1_open0930_exit,D_signal_manual_T_0925_auction_guidance_Tplus1_open0930_exit,31009218894,1,ae5a233ecdf60fbd6a3cc866c135efd33f45e57b,2026-08-05T13:15:08Z,09:20:00,09:24:50,10.71,11.07,10.62,10.82,20260807,10.82,11.39,10.78,10.82,316254.4,348804.825,2.1257,10.82,2726640.0,9.74
20260805,20260806,20260807,20260806,20260807,002963.SZ,豪尔赛,66,0.1327909807698352,46.287234,0.01,装修装饰,FULLY_READY,1,1,0,strong_opening_auction_limit_up_unconfirmed,0,not_filled_no_trade,,,,,,,09:30,tplus1_open_0930_v1,,20.66,,0,missing_entry_reference,18.5,18.5,,,,eret_truth_v5_tplus1_open0930,manual_buy_t_0925_auction_to_tplus1_open0930_exit,D_signal_manual_T_0925_auction_guidance_Tplus1_open0930_exit,31009218894,1,ae5a233ecdf60fbd6a3cc866c135efd33f45e57b,2026-08-05T13:15:08Z,09:20:00,09:24:50,19.34,19.35,18.52,19.35,20260807,20.66,21.11,17.84,19.35,192253.24,362061.01236,-4.3928,20.66,18546482.0,17.42
20260805,20260806,20260807,20260806,20260807,600172.SH,黄河旋风,67,0.1326372570131832,67.861702,0.01,通用设备,FULLY_READY,1,1,1,strong_official_opening_auction,1,strong_tplus1_open_0930_fixed_open_0930,11.21,11.21,11.21,t_opening_auction,,,09:30,tplus1_open_0930_v1,11.74,11.74,tplus1_open_0930,1,fixed_open_0930,12.18,12.18,0.04727921498661902,0.04727921498661902,0.08652988403211404,eret_truth_v5_tplus1_open0930,manual_buy_t_0925_auction_to_tplus1_open0930_exit,D_signal_manual_T_0925_auction_guidance_Tplus1_open0930_exit,31009218894,1,ae5a233ecdf60fbd6a3cc866c135efd33f45e57b,2026-08-05T13:15:08Z,09:20:00,09:24:50,11.21,11.96,11.05,11.74,20260807,11.74,12.35,11.56,11.74,2104007.62,2528355.618,3.7479,11.74,20845544.0,10.57
20260805,20260806,20260807,20260806,20260807,603045.SH,福达合金,68,0.1314013726523595,52.159574,0.01,金属新材,FULLY_READY,1,1,1,strong_official_opening_auction,1,strong_tplus1_open_0930_fixed_open_0930,54.26,54.26,54.26,t_opening_auction,,,09:30,tplus1_open_0930_v1,54.27,54.27,tplus1_open_0930,1,fixed_open_0930,56.31,56.31,0.00018429782528572858,0.00018429782528572858,0.03778105418356059,eret_truth_v5_tplus1_open0930,manual_buy_t_0925_auction_to_tplus1_open0930_exit,D_signal_manual_T_0925_auction_guidance_Tplus1_open0930_exit,31009218894,1,ae5a233ecdf60fbd6a3cc866c135efd33f45e57b,2026-08-05T13:15:08Z,09:20:00,09:24:50,54.26,55.33,53.05,54.2,20260807,54.27,56.55,53.4,54.2,104467.79,579423.795,3.893,54.27,4298184.0,48.78
20260805,20260806,20260807,20260806,20260807,002348.SZ,高乐股份,69,0.1307860031189732,51.148936,0.01,文娱用品,FULLY_READY,1,1,1,strong_official_opening_auction,1,strong_tplus1_open_0930_fixed_open_0930,11.74,11.74,11.74,t_opening_auction,,,09:30,tplus1_open_0930_v1,11.9,11.9,tplus1_open_0930,1,fixed_open_0930,12.17,12.17,0.013628620102214661,0.013628620102214661,0.036626916524701736,eret_truth_v5_tplus1_open0930,manual_buy_t_0925_auction_to_tplus1_open0930_exit,D_signal_manual_T_0925_auction_guidance_Tplus1_open0930_exit,31009218894,1,ae5a233ecdf60fbd6a3cc866c135efd33f45e57b,2026-08-05T13:15:08Z,09:20:00,09:24:50,11.74,12.13,11.65,11.85,20260807,11.9,12.21,11.59,11.85,532575.04,637277.3096,2.7004,11.9,5521600.0,10.67
20260805,20260806,20260807,20260806,20260807,603626.SH,科森科技,70,0.1306075617852569,50.159574,0.6729057079444091,消费电子,FULLY_READY,1,1,1,strong_official_opening_auction,1,strong_tplus1_open_0930_fixed_open_0930,15.24,15.24,15.24,t_opening_auction,,,09:30,tplus1_open_0930_v1,15.68,15.68,tplus1_open_0930,1,fixed_open_0930,15.73,15.73,0.02887139107611536,0.02887139107611536,0.032152230971128404,eret_truth_v5_tplus1_open0930,manual_buy_t_0925_auction_to_tplus1_open0930_exit,D_signal_manual_T_0925_auction_guidance_Tplus1_open0930_exit,31009218894,1,ae5a233ecdf60fbd6a3cc866c135efd33f45e57b,2026-08-05T13:15:08Z,09:20:00,09:24:50,15.24,15.78,15.0,15.68,20260807,15.68,15.99,15.32,15.68,394294.71,616668.568,0.3189,15.68,2055648.0,14.11
20260805,20260806,20260807,20260806,20260807,601208.SH,东材科技,71,0.1290363069094881,63.053191,0.01,塑料,FULLY_READY,1,1,1,strong_official_opening_auction,1,strong_tplus1_open_0930_fixed_open_0930,39.33,39.33,39.33,t_opening_auction,,,09:30,tplus1_open_0930_v1,42.39,42.39,tplus1_open_0930,1,fixed_open_0930,45.94,45.94,0.0778032036613272,0.0778032036613272,0.16806509026188654,eret_truth_v5_tplus1_open0930,manual_buy_t_0925_auction_to_tplus1_open0930_exit,D_signal_manual_T_0925_auction_guidance_Tplus1_open0930_exit,31009218894,1,ae5a233ecdf60fbd6a3cc866c135efd33f45e57b,2026-08-05T13:15:08Z,09:20:00,09:24:50,39.33,43.1,39.33,41.76,20260807,42.39,45.94,41.5,41.76,1121555.1,4979797.228,10.0096,42.39,15900489.0,37.58
20260805,20260806,20260807,20260806,20260807,000712.SZ,锦龙股份,72,0.1285804525635556,51.095745,0.01,证券Ⅱ,FULLY_READY,1,1,1,strong_official_opening_auction,1,strong_tplus1_open_0930_fixed_open_0930,9.63,9.63,9.63,t_opening_auction,,,09:30,tplus1_open_0930_v1,9.46,9.46,tplus1_open_0930,1,fixed_open_0930,9.4,9.4,-0.017653167185877394,-0.017653167185877394,-0.023883696780893082,eret_truth_v5_tplus1_open0930,manual_buy_t_0925_auction_to_tplus1_open0930_exit,D_signal_manual_T_0925_auction_guidance_Tplus1_open0930_exit,31009218894,1,ae5a233ecdf60fbd6a3cc866c135efd33f45e57b,2026-08-05T13:15:08Z,09:20:00,09:24:50,9.63,9.75,9.43,9.51,20260807,9.46,9.51,9.26,9.51,327321.98,306088.75523,-1.1567,9.46,3818812.8,8.56
20260805,20260806,20260807,20260806,20260807,603115.SH,海星股份,73,0.1266939220337716,41.06383,0.328751396590983,元件,FULLY_READY,1,1,1,strong_official_opening_auction,1,strong_tplus1_open_0930_fixed_open_0930,77.58,77.58,77.58,t_opening_auction,,,09:30,tplus1_open_0930_v1,79.93,79.93,tplus1_open_0930,1,fixed_open_0930,79.82,79.82,0.030291312193864606,0.030291312193864606,0.028873420984789844,eret_truth_v5_tplus1_open0930,manual_buy_t_0925_auction_to_tplus1_open0930_exit,D_signal_manual_T_0925_auction_guidance_Tplus1_open0930_exit,31009218894,1,ae5a233ecdf60fbd6a3cc866c135efd33f45e57b,2026-08-05T13:15:08Z,09:20:00,09:24:50,77.58,81.18,76.17,79.93,20260807,79.93,82.35,77.0,79.93,99803.0,801977.158,-0.1376,79.93,4667912.0,71.94
20260805,20260806,20260807,20260806,20260807,002346.SZ,柘中股份,74,0.126377961214115,47.606383,0.0573942950693908,电网设备,FULLY_READY,1,1,1,strong_official_opening_auction,1,strong_tplus1_open_0930_fixed_open_0930,20.03,20.03,20.03,t_opening_auction,,,09:30,tplus1_open_0930_v1,20.19,20.19,tplus1_open_0930,1,fixed_open_0930,20.47,20.47,0.007988017973040495,0.007988017973040495,0.02196704942586125,eret_truth_v5_tplus1_open0930,manual_buy_t_0925_auction_to_tplus1_open0930_exit,D_signal_manual_T_0925_auction_guidance_Tplus1_open0930_exit,31009218894,1,ae5a233ecdf60fbd6a3cc866c135efd33f45e57b,2026-08-05T13:15:08Z,09:20:00,09:24:50,20.03,20.39,19.23,20.19,20260807,20.19,20.67,20.17,20.19,66257.0,135387.055,1.3868,20.19,1148811.0,18.17
20260805,20260806,20260807,20260806,20260807,001225.SZ,和泰机电,75,0.1237576785427486,53.287234,0.01,专用设备,FULLY_READY,1,1,1,strong_official_opening_auction,1,strong_tplus1_open_0930_fixed_open_0930,44.32,44.32,44.32,t_opening_auction,,,09:30,tplus1_open_0930_v1,45.17,45.17,tplus1_open_0930,1,fixed_open_0930,45.04,45.04,0.01917870036101088,0.01917870036101088,0.016245487364620947,eret_truth_v5_tplus1_open0930,manual_buy_t_0925_auction_to_tplus1_open0930_exit,D_signal_manual_T_0925_auction_guidance_Tplus1_open0930_exit,31009218894,1,ae5a233ecdf60fbd6a3cc866c135efd33f45e57b,2026-08-05T13:15:08Z,09:20:00,09:24:50,44.32,45.87,43.88,44.66,20260807,45.17,45.75,43.34,44.66,20848.0,92466.408,0.8509,45.17,1991997.0,40.19
20260805,20260806,20260807,20260806,20260807,002975.SZ,博杰股份,76,0.1230415515374437,49.56383,0.01,自动化设,FULLY_READY,1,1,1,strong_official_opening_auction,1,strong_tplus1_open_0930_fixed_open_0930,87.57,87.57,87.57,t_opening_auction,,,09:30,tplus1_open_0930_v1,95.26,95.26,tplus1_open_0930,1,fixed_open_0930,97.94,97.94,0.0878154619161815,0.0878154619161815,0.11841955007422644,eret_truth_v5_tplus1_open0930,manual_buy_t_0925_auction_to_tplus1_open0930_exit,D_signal_manual_T_0925_auction_guidance_Tplus1_open0930_exit,31009218894,1,ae5a233ecdf60fbd6a3cc866c135efd33f45e57b,2026-08-05T13:15:08Z,09:20:00,09:24:50,87.57,93.07,87.16,93.07,20260807,95.26,98.87,92.29,93.07,237403.44,2284144.49702,5.2326,95.26,50575439.2,83.76
20260805,20260806,20260807,20260806,20260807,600629.SH,华建集团,77,0.1229775632802216,55.43617,0.0164,工程咨询,FULLY_READY,1,1,1,strong_official_opening_auction,1,strong_tplus1_open_0930_fixed_open_0930,15.5,15.5,15.5,t_opening_auction,,,09:30,tplus1_open_0930_v1,15.55,15.55,tplus1_open_0930,1,fixed_open_0930,15.92,15.92,0.003225806451613078,0.003225806451613078,0.02709677419354839,eret_truth_v5_tplus1_open0930,manual_buy_t_0925_auction_to_tplus1_open0930_exit,D_signal_manual_T_0925_auction_guidance_Tplus1_open0930_exit,31009218894,1,ae5a233ecdf60fbd6a3cc866c135efd33f45e57b,2026-08-05T13:15:08Z,09:20:00,09:24:50,15.5,16.24,15.32,15.59,20260807,15.55,15.95,15.42,15.59,344367.58,539150.023,2.1167,15.55,8196405.0,14.03
20260805,20260806,20260807,20260806,20260807,001337.SZ,四川黄金,78,0.1225213493459298,45.021277,0.01,贵金属,FULLY_READY,1,1,1,strong_official_opening_auction,1,strong_tplus1_open_0930_fixed_open_0930,46.0,46.0,46.0,t_opening_auction,,,09:30,tplus1_open_0930_v1,45.0,45.0,tplus1_open_0930,1,fixed_open_0930,47.77,47.77,-0.021739130434782705,-0.021739130434782705,0.03847826086956507,eret_truth_v5_tplus1_open0930,manual_buy_t_0925_auction_to_tplus1_open0930_exit,D_signal_manual_T_0925_auction_guidance_Tplus1_open0930_exit,31009218894,1,ae5a233ecdf60fbd6a3cc866c135efd33f45e57b,2026-08-05T13:15:08Z,09:20:00,09:24:50,46.0,46.87,43.97,45.01,20260807,45.0,47.77,43.96,45.01,289885.59,1322803.9897,6.132,45.0,25425000.0,40.51
20260805,20260806,20260807,20260806,20260807,603663.SH,三祥新材,79,0.1216137507649622,51.43617,0.01,化学原料,FULLY_READY,1,1,1,strong_official_opening_auction,1,strong_tplus1_open_0930_fixed_open_0930,37.27,37.27,37.27,t_opening_auction,,,09:30,tplus1_open_0930_v1,39.12,39.12,tplus1_open_0930,1,fixed_open_0930,40.12,40.12,0.049637778374027164,0.049637778374027164,0.07646900992755534,eret_truth_v5_tplus1_open0930,manual_buy_t_0925_auction_to_tplus1_open0930_exit,D_signal_manual_T_0925_auction_guidance_Tplus1_open0930_exit,31009218894,1,ae5a233ecdf60fbd6a3cc866c135efd33f45e57b,2026-08-05T13:15:08Z,09:20:00,09:24:50,37.27,39.63,37.0,39.31,20260807,39.12,40.68,37.8,39.31,382430.09,1510291.788,2.0605,39.12,16541501.0,35.38
20260805,20260806,20260807,20260806,20260807,002734.SZ,利民股份,80,0.1204025155659031,57.925532,0.01,农化制品,FULLY_READY,1,1,1,strong_official_opening_auction,1,strong_tplus1_open_0930_fixed_open_0930,15.47,15.47,15.47,t_opening_auction,,,09:30,tplus1_open_0930_v1,16.15,16.15,tplus1_open_0930,1,fixed_open_0930,16.77,16.77,0.0439560439560438,0.0439560439560438,0.08403361344537807,eret_truth_v5_tplus1_open0930,manual_buy_t_0925_auction_to_tplus1_open0930_exit,D_signal_manual_T_0925_auction_guidance_Tplus1_open0930_exit,31009218894,1,ae5a233ecdf60fbd6a3cc866c135efd33f45e57b,2026-08-05T13:15:08Z,09:20:00,09:24:50,15.47,16.4,15.2,16.15,20260807,16.15,16.78,15.81,16.15,265180.67,432268.28371,3.839,16.15,5226140.0,14.54
20260805,20260806,20260807,20260806,20260807,002908.SZ,德生科技,81,0.1187562766742009,56.744681,0.01,IT服务Ⅱ,FULLY_READY,1,1,1,strong_official_opening_auction,1,strong_tplus1_open_0930_fixed_open_0930,7.53,7.53,7.53,t_opening_auction,,,09:30,tplus1_open_0930_v1,7.23,7.23,tplus1_open_0930,1,fixed_open_0930,7.16,7.16,-0.03984063745019917,-0.03984063745019917,-0.049136786188579085,eret_truth_v5_tplus1_open0930,manual_buy_t_0925_auction_to_tplus1_open0930_exit,D_signal_manual_T_0925_auction_guidance_Tplus1_open0930_exit,31009218894,1,ae5a233ecdf60fbd6a3cc866c135efd33f45e57b,2026-08-05T13:15:08Z,09:20:00,09:24:50,7.53,7.68,7.21,7.35,20260807,7.23,7.29,6.98,7.35,176950.26,125515.48758,-2.585,7.23,2123451.0,6.62
20260805,20260806,20260807,20260806,20260807,603256.SH,宏和科技,82,0.117846335810675,42.702128,0.01,玻璃玻纤,FULLY_READY,1,1,1,strong_official_opening_auction,1,strong_tplus1_open_0930_fixed_open_0930,138.0,138.0,138.0,t_opening_auction,,,09:30,tplus1_open_0930_v1,149.36,149.36,tplus1_open_0930,1,fixed_open_0930,158.8,158.8,0.08231884057971017,0.08231884057971017,0.1507246376811593,eret_truth_v5_tplus1_open0930,manual_buy_t_0925_auction_to_tplus1_open0930_exit,D_signal_manual_T_0925_auction_guidance_Tplus1_open0930_exit,31009218894,1,ae5a233ecdf60fbd6a3cc866c135efd33f45e57b,2026-08-05T13:15:08Z,09:20:00,09:24:50,138.0,150.98,137.02,148.74,20260807,149.36,163.61,146.2,148.74,387871.69,6046356.708,6.7635,149.36,32112400.0,133.87
20260805,20260806,20260807,20260806,20260807,603125.SH,常青科技,83,0.1175671994010564,51.797872,0.1736599148755986,化学制品,FULLY_READY,1,1,1,strong_official_opening_auction,1,strong_tplus1_open_0930_fixed_open_0930,22.59,22.59,22.59,t_opening_auction,,,09:30,tplus1_open_0930_v1,22.89,22.89,tplus1_open_0930,1,fixed_open_0930,23.53,23.53,0.013280212483399723,0.013280212483399723,0.04161133244798587,eret_truth_v5_tplus1_open0930,manual_buy_t_0925_auction_to_tplus1_open0930_exit,D_signal_manual_T_0925_auction_guidance_Tplus1_open0930_exit,31009218894,1,ae5a233ecdf60fbd6a3cc866c135efd33f45e57b,2026-08-05T13:15:08Z,09:20:00,09:24:50,22.59,23.18,22.21,23.0,20260807,22.89,23.73,22.6,23.0,61484.22,142808.905,2.3043,22.89,1245216.0,20.7
20260805,20260806,20260807,20260806,20260807,603206.SH,嘉环科技,84,0.1168399162931198,42.968085,0.01,通信服务,FULLY_READY,1,1,1,strong_official_opening_auction,1,strong_tplus1_open_0930_fixed_open_0930,15.54,15.54,15.54,t_opening_auction,,,09:30,tplus1_open_0930_v1,14.97,14.97,tplus1_open_0930,1,fixed_open_0930,14.69,14.69,-0.036679536679536606,-0.036679536679536606,-0.05469755469755466,eret_truth_v5_tplus1_open0930,manual_buy_t_0925_auction_to_tplus1_open0930_exit,D_signal_manual_T_0925_auction_guidance_Tplus1_open0930_exit,31009218894,1,ae5a233ecdf60fbd6a3cc866c135efd33f45e57b,2026-08-05T13:15:08Z,09:20:00,09:24:50,15.54,16.0,14.73,15.04,20260807,14.97,14.98,14.45,15.04,82791.0,121162.216,-2.3271,14.97,3112263.0,13.54
20260805,20260806,20260807,20260806,20260807,002182.SZ,宝武镁业,85,0.1132221702303326,42.180851,0.4258611773793213,小金属,FULLY_READY,1,1,1,strong_official_opening_auction,1,strong_tplus1_open_0930_fixed_open_0930,13.0,13.0,13.0,t_opening_auction,,,09:30,tplus1_open_0930_v1,12.75,12.75,tplus1_open_0930,1,fixed_open_0930,12.7,12.7,-0.019230769230769162,-0.019230769230769162,-0.023076923076923106,eret_truth_v5_tplus1_open0930,manual_buy_t_0925_auction_to_tplus1_open0930_exit,D_signal_manual_T_0925_auction_guidance_Tplus1_open0930_exit,31009218894,1,ae5a233ecdf60fbd6a3cc866c135efd33f45e57b,2026-08-05T13:15:08Z,09:20:00,09:24:50,13.0,13.15,12.51,12.77,20260807,12.75,12.79,12.48,12.77,262197.8,331779.9502,-0.5482,12.75,3414450.0,11.49
20260805,20260806,20260807,20260806,20260807,002222.SZ,福晶科技,86,0.1114909287957253,46.010638,0.5394931282264485,光学光电,FULLY_READY,1,1,1,strong_official_opening_auction,1,strong_tplus1_open_0930_fixed_open_0930,58.21,58.21,58.21,t_opening_auction,,,09:30,tplus1_open_0930_v1,60.2,60.2,tplus1_open_0930,1,fixed_open_0930,62.07,62.07,0.03418656588215074,0.03418656588215074,0.06631163030407139,eret_truth_v5_tplus1_open0930,manual_buy_t_0925_auction_to_tplus1_open0930_exit,D_signal_manual_T_0925_auction_guidance_Tplus1_open0930_exit,31009218894,1,ae5a233ecdf60fbd6a3cc866c135efd33f45e57b,2026-08-05T13:15:08Z,09:20:00,09:24:50,58.21,60.68,57.07,59.55,20260807,60.2,62.22,59.08,59.55,331025.38,2023050.86745,4.2317,60.2,6959120.0,53.6
20260805,20260806,20260807,20260806,20260807,002957.SZ,科瑞技术,87,0.1089500416941966,53.329787,0.01,自动化设,FULLY_READY,1,1,1,strong_official_opening_auction,1,strong_tplus1_open_0930_fixed_open_0930,38.14,38.14,38.14,t_opening_auction,,,09:30,tplus1_open_0930_v1,38.63,38.63,tplus1_open_0930,1,fixed_open_0930,41.31,41.31,0.012847404299947573,0.012847404299947573,0.08311484006292602,eret_truth_v5_tplus1_open0930,manual_buy_t_0925_auction_to_tplus1_open0930_exit,D_signal_manual_T_0925_auction_guidance_Tplus1_open0930_exit,31009218894,1,ae5a233ecdf60fbd6a3cc866c135efd33f45e57b,2026-08-05T13:15:08Z,09:20:00,09:24:50,38.14,39.5,37.84,38.64,20260807,38.63,41.5,38.0,38.64,315838.62,1256803.99935,6.9099,38.63,11252919.0,34.78
20260805,20260806,20260807,20260806,20260807,002355.SZ,兴民智通,88,0.1044326819543518,51.840426,0.83,汽车零部件,FULLY_READY,1,1,1,strong_official_opening_auction,1,strong_tplus1_open_0930_fixed_open_0930,5.27,5.27,5.27,t_opening_auction,,,09:30,tplus1_open_0930_v1,4.91,4.91,tplus1_open_0930,1,fixed_open_0930,4.71,4.71,-0.06831119544592024,-0.06831119544592024,-0.10626185958254264,eret_truth_v5_tplus1_open0930,manual_buy_t_0925_auction_to_tplus1_open0930_exit,D_signal_manual_T_0925_auction_guidance_Tplus1_open0930_exit,31009218894,1,ae5a233ecdf60fbd6a3cc866c135efd33f45e57b,2026-08-05T13:15:08Z,09:20:00,09:24:50,5.27,5.43,4.98,5.04,20260807,4.91,5.01,4.54,5.04,895753.93,418602.90031,-6.5476,4.91,16944901.0,4.54
20260805,20260806,20260807,20260806,20260807,601138.SH,工业富联,89,0.102860109078024,34.968085,0.6729057079444091,消费电子,FULLY_READY,1,1,1,strong_official_opening_auction,1,strong_tplus1_open_0930_fixed_open_0930,65.55,65.55,65.55,t_opening_auction,,,09:30,tplus1_open_0930_v1,68.27,68.27,tplus1_open_0930,1,fixed_open_0930,68.18,68.18,0.04149504195270781,0.04149504195270781,0.04012204424103749,eret_truth_v5_tplus1_open0930,manual_buy_t_0925_auction_to_tplus1_open0930_exit,D_signal_manual_T_0925_auction_guidance_Tplus1_open0930_exit,31009218894,1,ae5a233ecdf60fbd6a3cc866c135efd33f45e57b,2026-08-05T13:15:08Z,09:20:00,09:24:50,65.55,69.8,64.87,68.27,20260807,68.27,69.65,67.48,68.27,1610439.1,11014238.377,-0.1318,68.27,75441354.0,61.44
20260805,20260806,20260807,20260806,20260807,600130.SH,波导股份,90,0.1010660009470398,43.404255,0.6729057079444091,消费电子,FULLY_READY,1,1,1,strong_official_opening_auction,1,strong_tplus1_open_0930_fixed_open_0930,4.3,4.3,4.3,t_opening_auction,,,09:30,tplus1_open_0930_v1,4.29,4.29,tplus1_open_0930,1,fixed_open_0930,4.27,4.27,-0.0023255813953487747,-0.0023255813953487747,-0.006976744186046546,eret_truth_v5_tplus1_open0930,manual_buy_t_0925_auction_to_tplus1_open0930_exit,D_signal_manual_T_0925_auction_guidance_Tplus1_open0930_exit,31009218894,1,ae5a233ecdf60fbd6a3cc866c135efd33f45e57b,2026-08-05T13:15:08Z,09:20:00,09:24:50,4.3,4.39,4.2,4.29,20260807,4.29,4.31,4.2,4.29,306777.0,130319.271,-0.4662,4.29,2885025.0,3.86
20260805,20260806,20260807,20260806,20260807,603979.SH,金诚信,91,0.0959231108408891,37.691489,0.01,工业金属,FULLY_READY,1,1,1,strong_official_opening_auction,1,strong_tplus1_open_0930_fixed_open_0930,81.04,81.04,81.04,t_opening_auction,,,09:30,tplus1_open_0930_v1,77.92,77.92,tplus1_open_0930,1,fixed_open_0930,79.19,79.19,-0.038499506416584506,-0.038499506416584506,-0.022828232971372264,eret_truth_v5_tplus1_open0930,manual_buy_t_0925_auction_to_tplus1_open0930_exit,D_signal_manual_T_0925_auction_guidance_Tplus1_open0930_exit,31009218894,1,ae5a233ecdf60fbd6a3cc866c135efd33f45e57b,2026-08-05T13:15:08Z,09:20:00,09:24:50,81.04,81.13,77.22,78.4,20260807,77.92,80.07,76.3,78.4,106717.8,839298.827,1.0077,77.92,6436192.0,70.56
20260805,20260806,20260807,20260806,20260807,603995.SH,甬金股份,92,0.0957826136577558,38.425532,0.01,特钢Ⅱ,FULLY_READY,1,1,1,strong_official_opening_auction,1,strong_tplus1_open_0930_fixed_open_0930,22.9,22.9,22.9,t_opening_auction,,,09:30,tplus1_open_0930_v1,22.83,22.83,tplus1_open_0930,1,fixed_open_0930,23.79,23.79,-0.0030567685589519833,-0.0030567685589519833,0.038864628820960645,eret_truth_v5_tplus1_open0930,manual_buy_t_0925_auction_to_tplus1_open0930_exit,D_signal_manual_T_0925_auction_guidance_Tplus1_open0930_exit,31009218894,1,ae5a233ecdf60fbd6a3cc866c135efd33f45e57b,2026-08-05T13:15:08Z,09:20:00,09:24:50,22.9,23.18,22.5,22.84,20260807,22.83,23.84,22.61,22.84,76765.46,179356.669,4.1594,22.83,1120953.0,20.56
20260805,20260806,20260807,20260806,20260807,002721.SZ,金一文化,93,0.0951605340563643,35.638298,0.01,饰品,FULLY_READY,1,1,0,strong_opening_auction_limit_up_unconfirmed,0,not_filled_no_trade,,,,,,,09:30,tplus1_open_0930_v1,,3.23,,0,missing_entry_reference,3.08,3.08,,,,eret_truth_v5_tplus1_open0930,manual_buy_t_0925_auction_to_tplus1_open0930_exit,D_signal_manual_T_0925_auction_guidance_Tplus1_open0930_exit,31009218894,1,ae5a233ecdf60fbd6a3cc866c135efd33f45e57b,2026-08-05T13:15:08Z,09:20:00,09:24:50,2.94,2.94,2.94,2.94,20260807,3.23,3.23,2.94,2.94,4916412.0,1541652.24155,4.7619,3.23,77077813.0,2.65
20260805,20260806,20260807,20260806,20260807,603335.SH,迪生力,94,0.0736123244663282,56.744681,0.83,汽车零部件,FULLY_READY,1,1,1,strong_official_opening_auction,1,strong_tplus1_open_0930_fixed_open_0930,6.7,6.7,6.7,t_opening_auction,,,09:30,tplus1_open_0930_v1,6.83,6.83,tplus1_open_0930,1,fixed_open_0930,6.96,6.96,0.0194029850746269,0.0194029850746269,0.03880597014925358,eret_truth_v5_tplus1_open0930,manual_buy_t_0925_auction_to_tplus1_open0930_exit,D_signal_manual_T_0925_auction_guidance_Tplus1_open0930_exit,31009218894,1,ae5a233ecdf60fbd6a3cc866c135efd33f45e57b,2026-08-05T13:15:08Z,09:20:00,09:24:50,6.7,6.9,6.52,6.84,20260807,6.83,7.03,6.65,6.84,198403.69,136267.057,1.7544,6.83,1399467.0,6.16
