trade_date,exec_date,target_date,ts_code,name,rank,prob,StrengthScore,ThemeBoost,board,sample_maturity,label_ready_fill,label_ready_ret,y_fill,y_public_market_buyable,actual_order_fill_observed,actual_order_fill,fill_label_quality,entry_price_proxy_t1,entry_price_proxy_mode,auction_price_t1,auction_amount_t1,minute_open_t1,minute_open_available_t1,label_version,execution_contract,buy_window_start,buy_window_end,run_id,run_attempt,commit_sha,generated_at_utc,limit_type,open_times,fd_amount,seal_amount,first_seal_time,last_seal_time,intraday_available,intraday_status,intraday_missing_reason,minute_freq,minute_rows,first_limit_time,last_limit_time,limit_touch_count,open_board_count,max_drawdown_after_limit,reseal_count,reseal_minutes_avg,late_volume_ratio,late_price_weakness,late_limit_hold_minutes,late_withdraw_score,reseal_score,intraday_quality_score,intraday_confidence_score,intraday_risk_score,intraday_soft_risk_score,intraday_hard_risk_flag,intraday_tag,auction_strength_score,auction_amount,open_times_break,fd_amount_break,seal_amount_break,first_time_break,last_time_break,up_limit,down_limit,is_hot_board,board_rank,board_limit_up_count,is_st_like,is_limit_up,break_count_proxy,limit_up_strength,decision_board,decision_limit_pct,decision_universe_eligible,decision_universe_reason,decision_universe_rule,open_t1,high_t1,low_t1,close_t1,pre_close_t1,vol_t1,amount_t1,pct_chg_t1,auction_vol_t1,up_limit_t1,down_limit_t1,open_times_t1
20260805,20260806,20260807,603928.SH,兴业股份,1,0.2880581744438821,65.893617,0.0164,塑料,FULLY_READY,1,1,1,1,0,,strong_official_opening_auction,12.06,t_opening_auction,12.06,18613404.0,,0,pfill_truth_v7_public_buyable_explicit,manual_guidance_0925_public_market_fillability_proxy,09:20:00,09:24:50,31009218894,1,ae5a233ecdf60fbd6a3cc866c135efd33f45e57b,2026-08-05T13:15:08Z,U,2.0,57205781.0,57205781.0,94618.0,100539.0,,,,,,,,,,,,,,,,,,,,,,,,0.8292713886773293,2370426.0,,,,,,11.94,9.77,0.0,,,0.0,1.0,0.0,1.3914088781421952,MAIN,10.0,1,eligible_limit_le_10:10.00%:main_board_10pct,a_share_price_limit_le_10_v2,12.06,12.62,12.0,12.52,11.94,544127.7,672936.43,4.8576,1543400.0,13.13,10.75,
20260805,20260806,20260807,603988.SH,中电电机,2,0.2693970599365623,62.234043,0.01,电机Ⅱ,FULLY_READY,1,1,1,1,0,,strong_official_opening_auction,22.0,t_opening_auction,22.0,18792400.0,,0,pfill_truth_v7_public_buyable_explicit,manual_guidance_0925_public_market_fillability_proxy,09:20:00,09:24:50,31009218894,1,ae5a233ecdf60fbd6a3cc866c135efd33f45e57b,2026-08-05T13:15:08Z,U,1.0,34281065.0,34281065.0,142900.0,144021.0,,,,,,,,,,,,,,,,,,,,,,,,0.760979944148261,1271100.0,,,,,,20.65,16.89,0.0,,,0.0,1.0,0.0,1.5348022785757092,MAIN,10.0,1,eligible_limit_le_10:10.00%:main_board_10pct,a_share_price_limit_le_10_v2,22.0,22.72,21.9,22.72,20.65,200694.72,454383.924,10.0242,854200.0,22.72,18.59,4.0
20260805,20260806,20260807,603618.SH,杭电股份,3,0.2407222465609593,57.0,0.0637942950693908,电网设备,FULLY_READY,1,1,1,1,0,,strong_official_opening_auction,26.68,t_opening_auction,26.68,53890932.0,,0,pfill_truth_v7_public_buyable_explicit,manual_guidance_0925_public_market_fillability_proxy,09:20:00,09:24:50,31009218894,1,ae5a233ecdf60fbd6a3cc866c135efd33f45e57b,2026-08-05T13:15:08Z,U,12.0,78035964.0,78035964.0,130142.0,142748.0,,,,,,,,,,,,,,,,,,,,,,,,0.977913175932978,28315320.0,,,,,,26.22,21.46,1.0,9.0,4.0,0.0,1.0,0.0,1.4061455094248678,MAIN,10.0,1,eligible_limit_le_10:10.00%:main_board_10pct,a_share_price_limit_le_10_v2,26.68,27.26,25.68,26.51,26.22,1034210.65,2732802.077,1.106,2019900.0,28.84,23.6,
20260805,20260806,20260807,601869.SH,长飞光纤,4,0.2396410171696479,60.691489,0.2518420922806225,通信设备,FULLY_READY,1,1,1,1,0,,strong_official_opening_auction,310.56,t_opening_auction,310.56,101956848.0,,0,pfill_truth_v7_public_buyable_explicit,manual_guidance_0925_public_market_fillability_proxy,09:20:00,09:24:50,31009218894,1,ae5a233ecdf60fbd6a3cc866c135efd33f45e57b,2026-08-05T13:15:08Z,U,0.0,235223766.0,235223766.0,130027.0,130027.0,,,,,,,,,,,,,,,,,,,,,,,,0.9941609545569942,101223000.0,,,,,,312.4,255.6,1.0,6.0,5.0,0.0,1.0,0.0,2.488800137392447,MAIN,10.0,1,eligible_limit_le_10:10.00%:main_board_10pct,a_share_price_limit_le_10_v2,310.56,333.0,310.5,328.25,312.4,189895.47,6111282.207,5.0736,328300.0,343.64,281.16,
20260805,20260806,20260807,603297.SH,永新光学,5,0.2355026519307212,40.659574,0.5394931282264485,光学光电,FULLY_READY,1,1,1,1,0,,strong_official_opening_auction,101.5,t_opening_auction,101.5,3268300.0,,0,pfill_truth_v7_public_buyable_explicit,manual_guidance_0925_public_market_fillability_proxy,09:20:00,09:24:50,31009218894,1,ae5a233ecdf60fbd6a3cc866c135efd33f45e57b,2026-08-05T13:15:08Z,U,1.0,51722297.0,51722297.0,100147.0,100238.0,,,,,,,,,,,,,,,,,,,,,,,,0.8425996445798426,2671087.0,,,,,,102.22,83.64,1.0,3.0,6.0,0.0,1.0,0.0,1.8025086892361588,MAIN,10.0,1,eligible_limit_le_10:10.00%:main_board_10pct,a_share_price_limit_le_10_v2,101.5,107.74,100.02,105.07,102.22,31955.09,334118.385,2.7881,32200.0,112.44,92.0,
20260805,20260806,20260807,002990.SZ,盛视科技,6,0.2329762088332252,61.276596,0.01,计算机设,FULLY_READY,1,1,1,1,0,,strong_official_opening_auction,48.79,t_opening_auction,48.79,17735165.0,48.79,1,pfill_truth_v7_public_buyable_explicit,manual_guidance_0925_public_market_fillability_proxy,09:20:00,09:24:50,31009218894,1,ae5a233ecdf60fbd6a3cc866c135efd33f45e57b,2026-08-05T13:15:08Z,U,1.0,63544569.0,63544569.0,93012.0,105009.0,,,,,,,,,,,,,,,,,,,,,,,,0.9714394516374716,22699530.0,,,,,,49.29,40.33,0.0,,,0.0,1.0,0.0,1.5645107085299528,MAIN,10.0,1,eligible_limit_le_10:10.00%:main_board_10pct,a_share_price_limit_le_10_v2,48.79,51.5,48.03,49.22,49.29,225576.96,1124050.18621,-0.142,363500.0,54.22,44.36,
20260805,20260806,20260807,002428.SZ,云南锗业,7,0.2288292636958708,57.765957,0.4322611773793213,小金属,FULLY_READY,1,1,1,1,0,,strong_official_opening_auction,89.0,t_opening_auction,89.0,603544600.0,,0,pfill_truth_v7_public_buyable_explicit,manual_guidance_0925_public_market_fillability_proxy,09:20:00,09:24:50,31009218894,1,ae5a233ecdf60fbd6a3cc866c135efd33f45e57b,2026-08-05T13:15:08Z,U,1.0,985023579.0,985023579.0,93000.0,93212.0,,,,,,,,,,,,,,,,,,,,,,,,0.9996191926884996,627466732.8,,,,,,82.71,67.67,1.0,4.0,6.0,0.0,1.0,0.0,2.75,MAIN,10.0,1,eligible_limit_le_10:10.00%:main_board_10pct,a_share_price_limit_le_10_v2,89.0,90.98,88.0,90.98,82.71,781573.54,7063060.98467,9.9988,6781400.0,90.98,74.44,5.0
20260805,20260806,20260807,000657.SZ,中钨高新,8,0.2238216407437738,62.43617,0.4322611773793213,小金属,FULLY_READY,1,1,1,1,0,,strong_official_opening_auction,61.45,t_opening_auction,61.45,193413875.0,,0,pfill_truth_v7_public_buyable_explicit,manual_guidance_0925_public_market_fillability_proxy,09:20:00,09:24:50,31009218894,1,ae5a233ecdf60fbd6a3cc866c135efd33f45e57b,2026-08-05T13:15:08Z,U,0.0,217150008.0,217150008.0,111621.0,111621.0,,,,,,,,,,,,,,,,,,,,,,,,0.9874333587204874,49742364.0,,,,,,57.43,46.99,1.0,4.0,6.0,0.0,1.0,0.0,2.4704515837280274,MAIN,10.0,1,eligible_limit_le_10:10.00%:main_board_10pct,a_share_price_limit_le_10_v2,61.45,63.17,59.47,62.5,57.43,1715015.6,10522454.712,8.8281,3147500.0,63.17,51.69,
20260805,20260806,20260807,000981.SZ,山子高科,9,0.2235009872239205,72.978723,0.83,汽车零部件,FULLY_READY,1,1,1,1,0,,strong_official_opening_auction,3.12,t_opening_auction,3.12,77334816.0,,0,pfill_truth_v7_public_buyable_explicit,manual_guidance_0925_public_market_fillability_proxy,09:20:00,09:24:50,31009218894,1,ae5a233ecdf60fbd6a3cc866c135efd33f45e57b,2026-08-05T13:15:08Z,U,1.0,176177149.0,176177149.0,94206.0,94318.0,,,,,,,,,,,,,,,,,,,,,,,,0.9691546077684692,20612330.0,,,,,,3.17,2.59,1.0,1.0,7.0,0.0,1.0,0.0,1.9288557682841008,MAIN,10.0,1,eligible_limit_le_10:10.00%:main_board_10pct,a_share_price_limit_le_10_v2,3.12,3.18,2.97,3.01,3.17,9762108.39,2990536.79778,-5.0473,24786800.0,3.49,2.85,
20260805,20260806,20260807,000510.SZ,新金路,10,0.2200799812883572,66.723404,0.01,化学原料,FULLY_READY,1,1,1,1,0,,strong_official_opening_auction,16.17,t_opening_auction,16.17,22015455.0,16.17,1,pfill_truth_v7_public_buyable_explicit,manual_guidance_0925_public_market_fillability_proxy,09:20:00,09:24:50,31009218894,1,ae5a233ecdf60fbd6a3cc866c135efd33f45e57b,2026-08-05T13:15:08Z,U,1.0,57769098.0,57769098.0,94018.0,103721.0,,,,,,,,,,,,,,,,,,,,,,,,0.9378014724549378,9554595.0,,,,,,16.12,13.19,0.0,,,0.0,1.0,0.0,1.5586474265505883,MAIN,10.0,1,eligible_limit_le_10:10.00%:main_board_10pct,a_share_price_limit_le_10_v2,16.17,16.77,15.83,16.11,16.12,884916.88,1442022.20414,-0.062,1361500.0,17.73,14.51,
20260805,20260806,20260807,601700.SH,风范股份,11,0.2127212387162607,62.12766,0.0573942950693908,电网设备,FULLY_READY,1,1,1,1,0,,strong_official_opening_auction,7.1,t_opening_auction,7.1,99347460.0,7.1,1,pfill_truth_v7_public_buyable_explicit,manual_guidance_0925_public_market_fillability_proxy,09:20:00,09:24:50,31009218894,1,ae5a233ecdf60fbd6a3cc866c135efd33f45e57b,2026-08-05T13:15:08Z,U,1.0,106112349.0,106112349.0,92501.0,130534.0,,,,,,,,,,,,,,,,,,,,,,,,0.9904798172124905,60441444.0,,,,,,6.51,5.33,1.0,9.0,4.0,0.0,1.0,0.0,1.85772569435112,MAIN,10.0,1,eligible_limit_le_10:10.00%:main_board_10pct,a_share_price_limit_le_10_v2,7.1,7.16,6.9,7.16,6.51,1804371.64,1288381.235,9.9846,13992600.0,7.16,5.86,5.0
20260805,20260806,20260807,600721.SH,百花医药,12,0.2023384541219992,60.957447,0.0164,医疗服务,FULLY_READY,1,1,1,1,0,,strong_official_opening_auction,9.54,t_opening_auction,9.54,88147692.0,9.54,1,pfill_truth_v7_public_buyable_explicit,manual_guidance_0925_public_market_fillability_proxy,09:20:00,09:24:50,31009218894,1,ae5a233ecdf60fbd6a3cc866c135efd33f45e57b,2026-08-05T13:15:08Z,U,1.0,106390655.0,106390655.0,92501.0,93246.0,,,,,,,,,,,,,,,,,,,,,,,,0.9908606245239908,63191695.0,,,,,,8.71,7.13,0.0,,,0.0,1.0,0.0,1.6080082317501558,MAIN,10.0,1,eligible_limit_le_10:10.00%:main_board_10pct,a_share_price_limit_le_10_v2,9.54,9.58,8.95,9.58,8.71,1258271.13,1188527.589,9.9885,9239800.0,9.58,7.84,3.0
20260805,20260806,20260807,603629.SH,利通电子,13,0.1975806653670324,58.829787,0.6729057079444091,消费电子,FULLY_READY,1,1,1,1,0,,strong_official_opening_auction,112.31,t_opening_auction,112.31,159639680.0,,0,pfill_truth_v7_public_buyable_explicit,manual_guidance_0925_public_market_fillability_proxy,09:20:00,09:24:50,31009218894,1,ae5a233ecdf60fbd6a3cc866c135efd33f45e57b,2026-08-05T13:15:08Z,U,4.0,251500137.0,251500137.0,93310.0,101513.0,,,,,,,,,,,,,,,,,,,,,,,,0.996191926884996,142327360.0,,,,,,112.65,92.17,1.0,2.0,7.0,0.0,1.0,0.0,1.705323976361382,MAIN,10.0,1,eligible_limit_le_10:10.00%:main_board_10pct,a_share_price_limit_le_10_v2,112.31,123.92,112.31,122.52,112.65,767764.23,9273563.272,8.7617,1421420.0,123.92,101.39,
20260805,20260806,20260807,002396.SZ,星网锐捷,14,0.1954069968361627,65.276596,0.2518420922806225,通信设备,FULLY_READY,1,1,1,1,0,,strong_official_opening_auction,27.98,t_opening_auction,27.98,51169824.0,,0,pfill_truth_v7_public_buyable_explicit,manual_guidance_0925_public_market_fillability_proxy,09:20:00,09:24:50,31009218894,1,ae5a233ecdf60fbd6a3cc866c135efd33f45e57b,2026-08-05T13:15:08Z,U,4.0,104366115.0,104366115.0,94215.0,142815.0,,,,,,,,,,,,,,,,,,,,,,,,0.976009139375476,26527511.92,,,,,,28.7,23.48,1.0,6.0,5.0,0.0,1.0,0.0,1.555952910392209,MAIN,10.0,1,eligible_limit_le_10:10.00%:main_board_10pct,a_share_price_limit_le_10_v2,27.98,29.4,27.61,29.02,28.7,1072315.58,3073889.18303,1.115,1828800.0,31.57,25.83,
20260805,20260806,20260807,002842.SZ,翔鹭钨业,15,0.1937045052531747,62.085106,0.4258611773793213,小金属,FULLY_READY,1,1,1,1,0,,strong_official_opening_auction,36.0,t_opening_auction,36.0,54129600.0,,0,pfill_truth_v7_public_buyable_explicit,manual_guidance_0925_public_market_fillability_proxy,09:20:00,09:24:50,31009218894,1,ae5a233ecdf60fbd6a3cc866c135efd33f45e57b,2026-08-05T13:15:08Z,U,1.0,101284992.0,101284992.0,102915.0,102927.0,,,,,,,,,,,,,,,,,,,,,,,,0.9435135821274436,10709918.0,,,,,,34.56,28.28,1.0,4.0,6.0,0.0,1.0,0.0,1.8528249416149256,MAIN,10.0,1,eligible_limit_le_10:10.00%:main_board_10pct,a_share_price_limit_le_10_v2,36.0,37.88,35.27,36.98,34.56,735436.27,2664112.29466,7.0023,1503600.0,38.02,31.1,
20260805,20260806,20260807,600206.SH,有研新材,16,0.1905687631088791,66.212766,0.1115060031977598,半导体,FULLY_READY,1,1,1,1,0,,strong_official_opening_auction,40.8,t_opening_auction,40.8,124827600.0,,0,pfill_truth_v7_public_buyable_explicit,manual_guidance_0925_public_market_fillability_proxy,09:20:00,09:24:50,31009218894,1,ae5a233ecdf60fbd6a3cc866c135efd33f45e57b,2026-08-05T13:15:08Z,U,1.0,209866377.0,209866377.0,94632.0,102811.0,,,,,,,,,,,,,,,,,,,,,,,,0.9911144960649912,65265650.0,,,,,,39.81,32.57,1.0,8.0,4.0,0.0,1.0,0.0,1.9630572114964568,MAIN,10.0,1,eligible_limit_le_10:10.00%:main_board_10pct,a_share_price_limit_le_10_v2,40.8,43.79,40.5,43.79,39.81,1030099.92,4413325.53,9.9975,3059500.0,43.79,35.83,4.0
20260805,20260806,20260807,002213.SZ,大为股份,17,0.1894277895411955,56.723404,0.1115060031977598,半导体,FULLY_READY,1,1,1,1,0,,strong_official_opening_auction,28.74,t_opening_auction,28.74,13771604.46,,0,pfill_truth_v7_public_buyable_explicit,manual_guidance_0925_public_market_fillability_proxy,09:20:00,09:24:50,31009218894,1,ae5a233ecdf60fbd6a3cc866c135efd33f45e57b,2026-08-05T13:15:08Z,U,1.0,78415506.0,78415506.0,94609.0,104230.0,,,,,,,,,,,,,,,,,,,,,,,,0.7971566387407971,1718720.0,,,,,,28.86,23.62,1.0,8.0,4.0,0.0,1.0,0.0,1.8296077451055612,MAIN,10.0,1,eligible_limit_le_10:10.00%:main_board_10pct,a_share_price_limit_le_10_v2,28.74,29.88,28.3,29.32,28.86,263597.93,768547.77057,1.5939,479179.0,31.75,25.97,
20260805,20260806,20260807,000751.SZ,锌业股份,18,0.1827262293047513,66.712766,0.01,工业金属,FULLY_READY,1,1,1,1,0,,strong_official_opening_auction,5.29,t_opening_auction,5.29,20455372.0,,0,pfill_truth_v7_public_buyable_explicit,manual_guidance_0925_public_market_fillability_proxy,09:20:00,09:24:50,31009218894,1,ae5a233ecdf60fbd6a3cc866c135efd33f45e57b,2026-08-05T13:15:08Z,U,0.0,60465817.0,60465817.0,95118.0,95118.0,,,,,,,,,,,,,,,,,,,,,,,,0.8976897689768977,4955076.0,,,,,,5.12,4.19,0.0,,,0.0,1.0,0.0,2.061385146801648,MAIN,10.0,1,eligible_limit_le_10:10.00%:main_board_10pct,a_share_price_limit_le_10_v2,5.29,5.44,5.06,5.18,5.12,1782704.23,933325.25207,1.1719,3866800.0,5.63,4.61,
20260805,20260806,20260807,600892.SH,大晟文化,19,0.1826798360991662,63.744681,0.0164,游戏Ⅱ,FULLY_READY,1,1,0,0,0,,strong_opening_auction_limit_up_unconfirmed,,,4.58,50091460.0,,0,pfill_truth_v7_public_buyable_explicit,manual_guidance_0925_public_market_fillability_proxy,09:20:00,09:24:50,31009218894,1,ae5a233ecdf60fbd6a3cc866c135efd33f45e57b,2026-08-05T13:15:08Z,U,1.0,45849856.0,45849856.0,93051.0,93209.0,,,,,,,,,,,,,,,,,,,,,,,,0.933993399339934,8818849.0,,,,,,4.16,3.4,0.0,,,0.0,1.0,0.0,1.5465469629128543,MAIN,10.0,1,eligible_limit_le_10:10.00%:main_board_10pct,a_share_price_limit_le_10_v2,4.58,4.58,4.21,4.58,4.16,1453596.0,656784.579,10.0962,10937000.0,4.58,3.74,11.0
20260805,20260806,20260807,002607.SZ,中公教育,20,0.1824974572647009,56.989362,0.01,教育,FULLY_READY,1,1,1,1,0,,strong_official_opening_auction,2.31,t_opening_auction,2.31,35671482.0,,0,pfill_truth_v7_public_buyable_explicit,manual_guidance_0925_public_market_fillability_proxy,09:20:00,09:24:50,31009218894,1,ae5a233ecdf60fbd6a3cc866c135efd33f45e57b,2026-08-05T13:15:08Z,U,3.0,83874555.0,83874555.0,101133.0,143215.0,,,,,,,,,,,,,,,,,,,,,,,,0.8761106879918761,3869145.0,,,,,,2.35,1.93,0.0,,,0.0,1.0,0.0,1.3351497941654855,MAIN,10.0,1,eligible_limit_le_10:10.00%:main_board_10pct,a_share_price_limit_le_10_v2,2.31,2.31,2.16,2.17,2.35,5598770.86,1237157.99921,-7.6596,15442200.0,2.59,2.12,
20260805,20260806,20260807,600397.SH,江钨装备,21,0.1820529830492422,66.734043,0.0164,专用设备,FULLY_READY,1,1,1,1,0,,strong_official_opening_auction,16.5,t_opening_auction,16.5,96397950.0,,0,pfill_truth_v7_public_buyable_explicit,manual_guidance_0925_public_market_fillability_proxy,09:20:00,09:24:50,31009218894,1,ae5a233ecdf60fbd6a3cc866c135efd33f45e57b,2026-08-05T13:15:08Z,U,3.0,27312930.0,27312930.0,135934.0,144710.0,,,,,,,,,,,,,,,,,,,,,,,,0.9506219852754506,12175800.0,,,,,,15.35,12.56,0.0,,,0.0,1.0,0.0,1.2777281991845597,MAIN,10.0,1,eligible_limit_le_10:10.00%:main_board_10pct,a_share_price_limit_le_10_v2,16.5,16.89,16.5,16.89,15.35,242789.2,407628.793,10.0326,5842300.0,16.89,13.82,0.0
20260805,20260806,20260807,003032.SZ,传智教育,22,0.1716724648399656,73.042553,0.0164,教育,FULLY_READY,1,1,1,1,0,,strong_official_opening_auction,11.5,t_opening_auction,11.5,67502700.0,11.5,1,pfill_truth_v7_public_buyable_explicit,manual_guidance_0925_public_market_fillability_proxy,09:20:00,09:24:50,31009218894,1,ae5a233ecdf60fbd6a3cc866c135efd33f45e57b,2026-08-05T13:15:08Z,U,4.0,69475617.0,69475617.0,93048.0,142106.0,,,,,,,,,,,,,,,,,,,,,,,,0.9917491749174916,71787344.0,,,,,,11.73,9.59,0.0,,,0.0,1.0,0.0,1.2705319329213742,MAIN,10.0,1,eligible_limit_le_10:10.00%:main_board_10pct,a_share_price_limit_le_10_v2,11.5,12.0,10.65,10.95,11.73,1097463.42,1228161.66967,-6.6496,5869800.0,12.9,10.56,
20260805,20260806,20260807,603657.SH,春光科技,23,0.1714674550186013,52.542553,0.0164,家电零部,FULLY_READY,1,1,1,1,0,,strong_official_opening_auction,26.43,t_opening_auction,26.43,1702092.0,,0,pfill_truth_v7_public_buyable_explicit,manual_guidance_0925_public_market_fillability_proxy,09:20:00,09:24:50,31009218894,1,ae5a233ecdf60fbd6a3cc866c135efd33f45e57b,2026-08-05T13:15:08Z,U,0.0,64254734.0,64254734.0,100945.0,100945.0,,,,,,,,,,,,,,,,,,,,,,,,0.5811119573495811,363910.0,,,,,,26.14,21.38,0.0,,,0.0,1.0,0.0,2.0652316709669343,MAIN,10.0,1,eligible_limit_le_10:10.00%:main_board_10pct,a_share_price_limit_le_10_v2,26.43,28.21,25.83,28.17,26.14,75798.24,207642.863,7.7659,64400.0,28.75,23.53,
20260805,20260806,20260807,001267.SZ,汇绿生态,24,0.1690868545446743,57.361702,0.2518420922806225,通信设备,FULLY_READY,1,1,1,1,0,,strong_official_opening_auction,35.81,t_opening_auction,35.81,38302376.0,,0,pfill_truth_v7_public_buyable_explicit,manual_guidance_0925_public_market_fillability_proxy,09:20:00,09:24:50,31009218894,1,ae5a233ecdf60fbd6a3cc866c135efd33f45e57b,2026-08-05T13:15:08Z,U,2.0,79360596.0,79360596.0,94200.0,94500.0,,,,,,,,,,,,,,,,,,,,,,,,0.9870525514089872,48110129.71,,,,,,35.28,28.86,1.0,6.0,5.0,0.0,1.0,0.0,1.6639005377047933,MAIN,10.0,1,eligible_limit_le_10:10.00%:main_board_10pct,a_share_price_limit_le_10_v2,35.81,38.81,35.35,38.81,35.28,742916.2,2778782.03811,10.0057,1069600.0,38.81,31.75,3.0
20260805,20260806,20260807,600611.SH,大众交通,25,0.1686578575369607,63.968085,0.0164,铁路公路,FULLY_READY,1,1,1,1,0,,strong_official_opening_auction,4.69,t_opening_auction,4.69,51889921.0,,0,pfill_truth_v7_public_buyable_explicit,manual_guidance_0925_public_market_fillability_proxy,09:20:00,09:24:50,31009218894,1,ae5a233ecdf60fbd6a3cc866c135efd33f45e57b,2026-08-05T13:15:08Z,U,0.0,144909969.0,144909969.0,93002.0,93002.0,,,,,,,,,,,,,,,,,,,,,,,,0.9734704239654736,24432973.0,,,,,,4.69,3.83,0.0,,,0.0,1.0,0.0,2.147113198190761,MAIN,10.0,1,eligible_limit_le_10:10.00%:main_board_10pct,a_share_price_limit_le_10_v2,4.69,5.16,4.58,4.89,4.69,2595310.82,1269976.609,4.2644,11063949.0,5.16,4.22,
20260805,20260806,20260807,002703.SZ,浙江世宝,26,0.167547340926018,52.308511,0.83,汽车零部件,FULLY_READY,1,1,1,1,0,,strong_official_opening_auction,17.59,t_opening_auction,17.59,126327862.0,,0,pfill_truth_v7_public_buyable_explicit,manual_guidance_0925_public_market_fillability_proxy,09:20:00,09:24:50,31009218894,1,ae5a233ecdf60fbd6a3cc866c135efd33f45e57b,2026-08-05T13:15:08Z,U,0.0,213250189.0,213250189.0,92500.0,92500.0,,,,,,,,,,,,,,,,,,,,,,,,0.9892104595074892,54183665.8,,,,,,16.28,13.32,1.0,1.0,7.0,0.0,1.0,0.0,2.466492471394941,MAIN,10.0,1,eligible_limit_le_10:10.00%:main_board_10pct,a_share_price_limit_le_10_v2,17.59,17.59,15.9,16.35,16.28,1203637.36,2021982.04341,0.43,7181800.0,17.91,14.65,
20260805,20260806,20260807,002491.SZ,通鼎互联,27,0.1674666260612447,67.840426,0.2454420922806225,通信设备,FULLY_READY,1,1,1,1,0,,strong_official_opening_auction,15.9,t_opening_auction,15.9,40546590.0,,0,pfill_truth_v7_public_buyable_explicit,manual_guidance_0925_public_market_fillability_proxy,09:20:00,09:24:50,31009218894,1,ae5a233ecdf60fbd6a3cc866c135efd33f45e57b,2026-08-05T13:15:08Z,U,0.0,192398800.0,192398800.0,111433.0,111433.0,,,,,,,,,,,,,,,,,,,,,,,,0.982990606752983,35884420.0,,,,,,16.06,13.14,1.0,6.0,5.0,0.0,1.0,0.0,2.4453240552833506,MAIN,10.0,1,eligible_limit_le_10:10.00%:main_board_10pct,a_share_price_limit_le_10_v2,15.9,16.75,15.73,16.52,16.06,2048437.56,3330505.31041,2.8643,2550100.0,17.67,14.45,
20260805,20260806,20260807,000593.SZ,德龙汇能,28,0.165298509816764,68.148936,0.01,燃气Ⅱ,FULLY_READY,1,1,1,1,0,,strong_official_opening_auction,22.52,t_opening_auction,22.52,39252202.36,22.52,1,pfill_truth_v7_public_buyable_explicit,manual_guidance_0925_public_market_fillability_proxy,09:20:00,09:24:50,31009218894,1,ae5a233ecdf60fbd6a3cc866c135efd33f45e57b,2026-08-05T13:15:08Z,U,1.0,83185637.0,83185637.0,92500.0,93524.0,,,,,,,,,,,,,,,,,,,,,,,,0.9845138359989846,38482198.52,,,,,,22.52,18.42,0.0,,,0.0,1.0,0.0,1.5844504017705343,MAIN,10.0,1,eligible_limit_le_10:10.00%:main_board_10pct,a_share_price_limit_le_10_v2,22.52,22.99,21.63,22.72,22.52,425278.33,957788.38354,0.8881,1742993.0,24.77,20.27,
20260805,20260806,20260807,002119.SZ,康强电子,29,0.1639644579795288,68.56383,0.1115060031977598,半导体,FULLY_READY,1,1,1,1,0,,strong_official_opening_auction,22.75,t_opening_auction,22.75,31042375.0,,0,pfill_truth_v7_public_buyable_explicit,manual_guidance_0925_public_market_fillability_proxy,09:20:00,09:24:50,31009218894,1,ae5a233ecdf60fbd6a3cc866c135efd33f45e57b,2026-08-05T13:15:08Z,U,0.0,114998870.0,114998870.0,104645.0,104645.0,,,,,,,,,,,,,,,,,,,,,,,,0.9163493272404164,6731780.0,,,,,,22.3,18.24,1.0,8.0,4.0,0.0,1.0,0.0,2.366747327121597,MAIN,10.0,1,eligible_limit_le_10:10.00%:main_board_10pct,a_share_price_limit_le_10_v2,22.75,23.34,22.53,23.11,22.3,720882.56,1651936.53486,3.6323,1364500.0,24.53,20.07,
20260805,20260806,20260807,002980.SZ,华盛昌,30,0.1622722973267337,51.404255,0.0573942950693908,电网设备,FULLY_READY,1,1,1,1,0,,strong_official_opening_auction,75.63,t_opening_auction,75.63,8175603.0,75.63,1,pfill_truth_v7_public_buyable_explicit,manual_guidance_0925_public_market_fillability_proxy,09:20:00,09:24:50,31009218894,1,ae5a233ecdf60fbd6a3cc866c135efd33f45e57b,2026-08-05T13:15:08Z,U,13.0,7463242.0,7463242.0,130906.0,142342.0,,,,,,,,,,,,,,,,,,,,,,,,0.9587458745874587,14776835.0,,,,,,76.14,62.3,1.0,9.0,4.0,0.0,1.0,0.0,1.3290052854881238,MAIN,10.0,1,eligible_limit_le_10:10.00%:main_board_10pct,a_share_price_limit_le_10_v2,75.63,80.55,74.0,79.03,76.14,109091.0,851386.3254,3.7956,108100.0,83.75,68.53,
20260805,20260806,20260807,603773.SH,沃格光电,31,0.1621914189743364,50.138298,0.5394931282264485,光学光电,FULLY_READY,1,1,1,1,0,,strong_official_opening_auction,81.58,t_opening_auction,81.58,40382100.0,81.58,1,pfill_truth_v7_public_buyable_explicit,manual_guidance_0925_public_market_fillability_proxy,09:20:00,09:24:50,31009218894,1,ae5a233ecdf60fbd6a3cc866c135efd33f45e57b,2026-08-05T13:15:08Z,U,2.0,166627641.0,166627641.0,93623.0,94038.0,,,,,,,,,,,,,,,,,,,,,,,,0.9837522213759836,36882648.0,,,,,,78.57,64.29,1.0,3.0,6.0,0.0,1.0,0.0,1.7524944017101545,MAIN,10.0,1,eligible_limit_le_10:10.00%:main_board_10pct,a_share_price_limit_le_10_v2,81.58,86.43,80.98,86.43,78.57,134151.29,1135934.68,10.0038,495000.0,86.43,70.71,1.0
20260805,20260806,20260807,600367.SH,红星发展,32,0.1605398522535666,56.978723,0.01,化学原料,FULLY_READY,1,1,1,1,0,,strong_official_opening_auction,30.38,t_opening_auction,30.38,21065492.0,,0,pfill_truth_v7_public_buyable_explicit,manual_guidance_0925_public_market_fillability_proxy,09:20:00,09:24:50,31009218894,1,ae5a233ecdf60fbd6a3cc866c135efd33f45e57b,2026-08-05T13:15:08Z,U,2.0,75501085.0,75501085.0,102824.0,104818.0,,,,,,,,,,,,,,,,,,,,,,,,0.8885503935008886,4382916.0,,,,,,29.92,24.48,0.0,,,0.0,1.0,0.0,1.4099823462195518,MAIN,10.0,1,eligible_limit_le_10:10.00%:main_board_10pct,a_share_price_limit_le_10_v2,30.38,31.95,29.96,31.49,29.92,581003.74,1806807.633,5.2473,693400.0,32.91,26.93,
20260805,20260806,20260807,603186.SH,华正新材,33,0.1584541158544074,63.968085,0.328751396590983,元件,FULLY_READY,1,1,1,1,0,,strong_official_opening_auction,122.0,t_opening_auction,122.0,38515400.0,,0,pfill_truth_v7_public_buyable_explicit,manual_guidance_0925_public_market_fillability_proxy,09:20:00,09:24:50,31009218894,1,ae5a233ecdf60fbd6a3cc866c135efd33f45e57b,2026-08-05T13:15:08Z,U,3.0,160989755.0,160989755.0,100415.0,104715.0,,,,,,,,,,,,,,,,,,,,,,,,0.9667428281289668,18790848.0,,,,,,119.31,97.61,1.0,5.0,5.0,0.0,1.0,0.0,1.6634374632569076,MAIN,10.0,1,eligible_limit_le_10:10.00%:main_board_10pct,a_share_price_limit_le_10_v2,122.0,131.24,122.0,130.0,119.31,238821.75,3047448.01,8.9599,315700.0,131.24,107.38,
20260805,20260806,20260807,002766.SZ,索菱股份,34,0.1574857754908474,49.691489,0.83,汽车零部件,FULLY_READY,1,1,0,0,0,,strong_opening_auction_limit_up_unconfirmed,,,4.83,49942683.0,,0,pfill_truth_v7_public_buyable_explicit,manual_guidance_0925_public_market_fillability_proxy,09:20:00,09:24:50,31009218894,1,ae5a233ecdf60fbd6a3cc866c135efd33f45e57b,2026-08-05T13:15:08Z,U,0.0,56657980.0,56657980.0,92500.0,92500.0,,,,,,,,,,,,,,,,,,,,,,,,0.936024371667936,9166759.0,,,,,,4.39,3.59,1.0,1.0,7.0,0.0,1.0,0.0,2.307519414974329,MAIN,10.0,1,eligible_limit_le_10:10.00%:main_board_10pct,a_share_price_limit_le_10_v2,4.83,4.83,4.39,4.43,4.39,1189853.4,548274.34776,0.9112,10340100.0,4.83,3.95,
20260805,20260806,20260807,000603.SZ,盛达资源,35,0.1572287786861397,63.308511,0.01,贵金属,FULLY_READY,1,1,0,0,0,,strong_opening_auction_limit_up_unconfirmed,,,32.06,110283194.0,,0,pfill_truth_v7_public_buyable_explicit,manual_guidance_0925_public_market_fillability_proxy,09:20:00,09:24:50,31009218894,1,ae5a233ecdf60fbd6a3cc866c135efd33f45e57b,2026-08-05T13:15:08Z,U,0.0,140050009.0,140050009.0,101800.0,101800.0,,,,,,,,,,,,,,,,,,,,,,,,0.9658542777354658,18019537.3,,,,,,29.15,23.85,0.0,,,0.0,1.0,0.0,2.1421793467545003,MAIN,10.0,1,eligible_limit_le_10:10.00%:main_board_10pct,a_share_price_limit_le_10_v2,32.06,32.07,30.3,31.3,29.15,1209847.21,3822800.91694,7.3756,3439900.0,32.07,26.24,
20260805,20260806,20260807,603004.SH,鼎龙科技,36,0.1571783930818071,65.670213,0.1736599148755986,化学制品,FULLY_READY,1,1,1,1,0,,strong_official_opening_auction,20.52,t_opening_auction,20.52,3355020.0,,0,pfill_truth_v7_public_buyable_explicit,manual_guidance_0925_public_market_fillability_proxy,09:20:00,09:24:50,31009218894,1,ae5a233ecdf60fbd6a3cc866c135efd33f45e57b,2026-08-05T13:15:08Z,U,0.0,58846266.0,58846266.0,94553.0,94553.0,,,,,,,,,,,,,,,,,,,,,,,,0.251078954049251,36780.0,,,,,,20.22,16.54,1.0,7.0,4.0,0.0,1.0,0.0,2.309740971946825,MAIN,10.0,1,eligible_limit_le_10:10.00%:main_board_10pct,a_share_price_limit_le_10_v2,20.52,21.28,20.33,20.85,20.22,97144.55,202566.305,3.1157,163500.0,22.24,18.2,
20260805,20260806,20260807,603823.SH,百合花,37,0.1554095311043717,43.404255,0.1800599148755985,化学制品,FULLY_READY,1,1,1,1,0,,strong_official_opening_auction,63.44,t_opening_auction,63.44,28224456.0,,0,pfill_truth_v7_public_buyable_explicit,manual_guidance_0925_public_market_fillability_proxy,09:20:00,09:24:50,31009218894,1,ae5a233ecdf60fbd6a3cc866c135efd33f45e57b,2026-08-05T13:15:08Z,U,6.0,66232138.0,66232138.0,94114.0,95156.0,,,,,,,,,,,,,,,,,,,,,,,,0.958999746128459,14860584.0,,,,,,60.73,49.69,1.0,7.0,4.0,0.0,1.0,0.0,1.4600962825204178,MAIN,10.0,1,eligible_limit_le_10:10.00%:main_board_10pct,a_share_price_limit_le_10_v2,63.44,66.8,63.44,66.8,60.73,170904.78,1134316.622,9.9951,444900.0,66.8,54.66,46.0
20260805,20260806,20260807,600556.SH,天下秀,38,0.1551573326488766,55.893617,0.01,广告营销,FULLY_READY,1,1,1,1,0,,strong_official_opening_auction,5.27,t_opening_auction,5.27,17075854.0,,0,pfill_truth_v7_public_buyable_explicit,manual_guidance_0925_public_market_fillability_proxy,09:20:00,09:24:50,31009218894,1,ae5a233ecdf60fbd6a3cc866c135efd33f45e57b,2026-08-05T13:15:08Z,U,1.0,107239691.0,107239691.0,102033.0,102054.0,,,,,,,,,,,,,,,,,,,,,,,,0.8711601929423711,3635500.0,,,,,,5.54,4.54,0.0,,,0.0,1.0,0.0,1.6088701765990925,MAIN,10.0,1,eligible_limit_le_10:10.00%:main_board_10pct,a_share_price_limit_le_10_v2,5.27,5.68,5.13,5.21,5.54,1785408.89,955372.658,-5.9567,3240200.0,6.09,4.99,
20260805,20260806,20260807,002636.SZ,金安国纪,39,0.1538283022286961,61.351064,0.3351513965909831,元件,FULLY_READY,1,1,1,1,0,,strong_official_opening_auction,55.61,t_opening_auction,55.61,72254073.0,,0,pfill_truth_v7_public_buyable_explicit,manual_guidance_0925_public_market_fillability_proxy,09:20:00,09:24:50,31009218894,1,ae5a233ecdf60fbd6a3cc866c135efd33f45e57b,2026-08-05T13:15:08Z,U,3.0,94720435.0,94720435.0,130412.0,142127.0,,,,,,,,,,,,,,,,,,,,,,,,0.984133028687484,37293864.0,,,,,,56.18,45.96,1.0,5.0,5.0,0.0,1.0,0.0,1.5961605762738802,MAIN,10.0,1,eligible_limit_le_10:10.00%:main_board_10pct,a_share_price_limit_le_10_v2,55.61,61.62,55.61,59.99,56.18,819325.67,4809178.42991,6.7818,1299300.0,61.8,50.56,
20260805,20260806,20260807,002655.SZ,共达电声,40,0.1534245863946632,53.244681,0.6729057079444091,消费电子,FULLY_READY,1,1,1,1,0,,strong_official_opening_auction,27.6,t_opening_auction,27.6,10162320.0,27.6,1,pfill_truth_v7_public_buyable_explicit,manual_guidance_0925_public_market_fillability_proxy,09:20:00,09:24:50,31009218894,1,ae5a233ecdf60fbd6a3cc866c135efd33f45e57b,2026-08-05T13:15:08Z,U,0.0,77130551.0,77130551.0,105021.0,105021.0,,,,,,,,,,,,,,,,,,,,,,,,0.9504950495049505,12168926.0,,,,,,27.07,22.15,1.0,2.0,7.0,0.0,1.0,0.0,2.328303253489935,MAIN,10.0,1,eligible_limit_le_10:10.00%:main_board_10pct,a_share_price_limit_le_10_v2,27.6,27.97,26.95,27.84,27.07,401355.0,1104871.74,2.8445,368200.0,29.78,24.36,
20260805,20260806,20260807,002992.SZ,宝明科技,41,0.1527227554922737,47.946809,0.5394931282264485,光学光电,FULLY_READY,1,1,1,1,0,,strong_official_opening_auction,35.46,t_opening_auction,35.46,2875806.0,,0,pfill_truth_v7_public_buyable_explicit,manual_guidance_0925_public_market_fillability_proxy,09:20:00,09:24:50,31009218894,1,ae5a233ecdf60fbd6a3cc866c135efd33f45e57b,2026-08-05T13:15:08Z,U,0.0,58054586.0,58054586.0,130015.0,130015.0,,,,,,,,,,,,,,,,,,,,,,,,0.6647626301091648,629760.0,,,,,,36.19,29.61,1.0,3.0,6.0,0.0,1.0,0.0,2.3089372551456453,MAIN,10.0,1,eligible_limit_le_10:10.00%:main_board_10pct,a_share_price_limit_le_10_v2,35.46,36.69,35.11,35.94,36.19,38497.8,138666.07455,-0.6908,81100.0,39.81,32.57,
20260805,20260806,20260807,605376.SH,博迁新材,42,0.1518874133818601,54.489362,0.01,金属新材,FULLY_READY,1,1,1,1,0,,strong_official_opening_auction,160.0,t_opening_auction,160.0,34544000.0,,0,pfill_truth_v7_public_buyable_explicit,manual_guidance_0925_public_market_fillability_proxy,09:20:00,09:24:50,31009218894,1,ae5a233ecdf60fbd6a3cc866c135efd33f45e57b,2026-08-05T13:15:08Z,U,1.0,111139781.0,111139781.0,95653.0,104529.0,,,,,,,,,,,,,,,,,,,,,,,,0.9657273419649656,17998923.0,,,,,,157.65,128.99,0.0,,,0.0,1.0,0.0,1.6128295640524968,MAIN,10.0,1,eligible_limit_le_10:10.00%:main_board_10pct,a_share_price_limit_le_10_v2,160.0,165.0,155.98,163.82,157.65,216082.33,3477172.758,3.9137,215900.0,173.42,141.89,
20260805,20260806,20260807,002649.SZ,博彦科技,43,0.1517200990278606,46.361702,0.01,IT服务Ⅱ,FULLY_READY,1,1,1,1,0,,strong_official_opening_auction,10.78,t_opening_auction,10.78,50844948.0,,0,pfill_truth_v7_public_buyable_explicit,manual_guidance_0925_public_market_fillability_proxy,09:20:00,09:24:50,31009218894,1,ae5a233ecdf60fbd6a3cc866c135efd33f45e57b,2026-08-05T13:15:08Z,U,1.0,46152558.0,46152558.0,93651.0,93830.0,,,,,,,,,,,,,,,,,,,,,,,,0.9182533637979182,6970005.0,,,,,,10.26,8.4,0.0,,,0.0,1.0,0.0,1.5468542672317085,MAIN,10.0,1,eligible_limit_le_10:10.00%:main_board_10pct,a_share_price_limit_le_10_v2,10.78,11.29,10.77,11.29,10.26,561557.42,623599.74762,10.039,4716600.0,11.29,9.23,1.0
20260805,20260806,20260807,002971.SZ,和远气体,44,0.1499708701582127,53.691489,0.1736599148755986,化学制品,FULLY_READY,1,1,1,1,0,,strong_official_opening_auction,37.69,t_opening_auction,37.69,14129981.0,,0,pfill_truth_v7_public_buyable_explicit,manual_guidance_0925_public_market_fillability_proxy,09:20:00,09:24:50,31009218894,1,ae5a233ecdf60fbd6a3cc866c135efd33f45e57b,2026-08-05T13:15:08Z,U,0.0,48249375.0,48249375.0,103833.0,103833.0,,,,,,,,,,,,,,,,,,,,,,,,0.8558009647118558,3048540.0,,,,,,37.5,30.68,1.0,7.0,4.0,0.0,1.0,0.0,2.298982964498152,MAIN,10.0,1,eligible_limit_le_10:10.00%:main_board_10pct,a_share_price_limit_le_10_v2,37.69,41.25,37.55,41.25,37.5,227604.0,891435.4811,10.0,374900.0,41.25,33.75,0.0
20260805,20260806,20260807,002579.SZ,中京电子,45,0.1479947805438119,61.106383,0.328751396590983,元件,FULLY_READY,1,1,1,1,0,,strong_official_opening_auction,13.49,t_opening_auction,13.49,43891064.0,13.49,1,pfill_truth_v7_public_buyable_explicit,manual_guidance_0925_public_market_fillability_proxy,09:20:00,09:24:50,31009218894,1,ae5a233ecdf60fbd6a3cc866c135efd33f45e57b,2026-08-05T13:15:08Z,U,1.0,132995416.0,132995416.0,93212.0,93318.0,,,,,,,,,,,,,,,,,,,,,,,,0.9817212490479816,33286069.76,,,,,,12.98,10.62,1.0,5.0,5.0,0.0,1.0,0.0,1.8850174948451663,MAIN,10.0,1,eligible_limit_le_10:10.00%:main_board_10pct,a_share_price_limit_le_10_v2,13.49,14.19,13.37,13.93,12.98,1673817.87,2294047.59679,7.319,3253600.0,14.28,11.68,
20260805,20260806,20260807,601231.SH,环旭电子,46,0.1478128175062504,44.957447,0.6729057079444091,消费电子,FULLY_READY,1,1,1,1,0,,strong_official_opening_auction,25.96,t_opening_auction,25.96,16905152.0,,0,pfill_truth_v7_public_buyable_explicit,manual_guidance_0925_public_market_fillability_proxy,09:20:00,09:24:50,31009218894,1,ae5a233ecdf60fbd6a3cc866c135efd33f45e57b,2026-08-05T13:15:08Z,U,1.0,82035832.0,82035832.0,95320.0,95347.0,,,,,,,,,,,,,,,,,,,,,,,,0.9451637471439452,11074283.0,,,,,,25.96,21.24,1.0,2.0,7.0,0.0,1.0,0.0,1.8332831149923163,MAIN,10.0,1,eligible_limit_le_10:10.00%:main_board_10pct,a_share_price_limit_le_10_v2,25.96,27.88,25.8,27.52,25.96,737955.14,2004772.518,6.0092,651200.0,28.56,23.36,
20260805,20260806,20260807,603306.SH,华懋科技,47,0.1475119927003463,51.031915,0.83,汽车零部件,FULLY_READY,1,1,1,1,0,,strong_official_opening_auction,67.2,t_opening_auction,67.2,13466880.0,67.2,1,pfill_truth_v7_public_buyable_explicit,manual_guidance_0925_public_market_fillability_proxy,09:20:00,09:24:50,31009218894,1,ae5a233ecdf60fbd6a3cc866c135efd33f45e57b,2026-08-05T13:15:08Z,U,0.0,77309160.0,77309160.0,112431.0,112431.0,,,,,,,,,,,,,,,,,,,,,,,,0.9686468646864688,20181744.0,,,,,,67.46,55.2,1.0,1.0,7.0,0.0,1.0,0.0,2.3284845780833843,MAIN,10.0,1,eligible_limit_le_10:10.00%:main_board_10pct,a_share_price_limit_le_10_v2,67.2,68.98,65.55,67.5,67.46,178008.96,1196202.791,0.0593,200400.0,74.21,60.71,
20260805,20260806,20260807,603201.SH,常润股份,48,0.1470607115723609,46.510638,0.83,汽车零部件,FULLY_READY,1,1,1,1,0,,strong_official_opening_auction,18.05,t_opening_auction,18.05,7407720.0,,0,pfill_truth_v7_public_buyable_explicit,manual_guidance_0925_public_market_fillability_proxy,09:20:00,09:24:50,31009218894,1,ae5a233ecdf60fbd6a3cc866c135efd33f45e57b,2026-08-05T13:15:08Z,U,2.0,44201027.0,44201027.0,93252.0,94734.0,,,,,,,,,,,,,,,,,,,,,,,,0.8486925615638486,2843022.0,,,,,,17.6,14.4,1.0,1.0,7.0,0.0,1.0,0.0,1.6282063982450108,MAIN,10.0,1,eligible_limit_le_10:10.00%:main_board_10pct,a_share_price_limit_le_10_v2,18.05,19.04,16.87,17.3,17.6,155958.65,277909.708,-1.7045,410400.0,19.36,15.84,
20260805,20260806,20260807,001210.SZ,金房能源,49,0.1463720675826805,47.0,0.01,电力,FULLY_READY,1,1,1,1,0,,strong_official_opening_auction,21.88,t_opening_auction,21.88,7568292.0,,0,pfill_truth_v7_public_buyable_explicit,manual_guidance_0925_public_market_fillability_proxy,09:20:00,09:24:50,31009218894,1,ae5a233ecdf60fbd6a3cc866c135efd33f45e57b,2026-08-05T13:15:08Z,U,1.0,65670038.0,65670038.0,93236.0,93303.0,,,,,,,,,,,,,,,,,,,,,,,,0.6473724295506473,569010.4,,,,,,20.79,17.01,0.0,,,0.0,1.0,0.0,1.566668493424968,MAIN,10.0,1,eligible_limit_le_10:10.00%:main_board_10pct,a_share_price_limit_le_10_v2,21.88,22.8,21.1,21.78,20.79,187739.17,407473.45847,4.7619,345900.0,22.87,18.71,
20260805,20260806,20260807,000811.SZ,冰轮环境,50,0.1462423068514177,49.659574,0.01,通用设备,FULLY_READY,1,1,1,1,0,,strong_official_opening_auction,38.74,t_opening_auction,38.74,21090056.0,,0,pfill_truth_v7_public_buyable_explicit,manual_guidance_0925_public_market_fillability_proxy,09:20:00,09:24:50,31009218894,1,ae5a233ecdf60fbd6a3cc866c135efd33f45e57b,2026-08-05T13:15:08Z,U,7.0,15961154.0,15961154.0,104836.0,142406.0,,,,,,,,,,,,,,,,,,,,,,,,0.974105102817974,25076532.0,,,,,,39.47,32.29,1.0,10.0,4.0,0.0,1.0,0.0,1.3912038293704645,MAIN,10.0,1,eligible_limit_le_10:10.00%:main_board_10pct,a_share_price_limit_le_10_v2,38.74,40.99,38.3,40.31,39.47,540176.53,2151370.47409,2.1282,544400.0,43.42,35.52,
20260805,20260806,20260807,000962.SZ,东方钽业,51,0.1460220458683403,51.06383,0.4258611773793213,小金属,FULLY_READY,1,1,1,1,0,,strong_official_opening_auction,53.4,t_opening_auction,53.4,46164300.0,,0,pfill_truth_v7_public_buyable_explicit,manual_guidance_0925_public_market_fillability_proxy,09:20:00,09:24:50,31009218894,1,ae5a233ecdf60fbd6a3cc866c135efd33f45e57b,2026-08-05T13:15:08Z,U,2.0,125478660.0,125478660.0,95639.0,95833.0,,,,,,,,,,,,,,,,,,,,,,,,0.9654734704239656,17780250.0,,,,,,51.63,42.25,1.0,4.0,6.0,0.0,1.0,0.0,1.710719786485436,MAIN,10.0,1,eligible_limit_le_10:10.00%:main_board_10pct,a_share_price_limit_le_10_v2,53.4,55.7,51.85,53.86,51.63,511397.18,2740716.00675,4.3192,864500.0,56.79,46.47,
20260805,20260806,20260807,002036.SZ,联创电子,52,0.1443105665321998,59.989362,0.5394931282264485,光学光电,FULLY_READY,1,1,1,1,0,,strong_official_opening_auction,7.73,t_opening_auction,7.73,28563123.0,,0,pfill_truth_v7_public_buyable_explicit,manual_guidance_0925_public_market_fillability_proxy,09:20:00,09:24:50,31009218894,1,ae5a233ecdf60fbd6a3cc866c135efd33f45e57b,2026-08-05T13:15:08Z,U,0.0,137645063.0,137645063.0,93224.0,93224.0,,,,,,,,,,,,,,,,,,,,,,,,0.9402132520944402,9984480.0,,,,,,7.8,6.38,1.0,3.0,6.0,0.0,1.0,0.0,2.3897378356564194,MAIN,10.0,1,eligible_limit_le_10:10.00%:main_board_10pct,a_share_price_limit_le_10_v2,7.73,7.79,7.33,7.45,7.8,1011464.51,761803.27557,-4.4872,3695100.0,8.58,7.02,
20260805,20260806,20260807,002552.SZ,宝鼎科技,53,0.1441586401060129,63.776596,0.328751396590983,元件,FULLY_READY,1,1,1,1,0,,strong_official_opening_auction,40.81,t_opening_auction,40.81,30427936.0,40.81,1,pfill_truth_v7_public_buyable_explicit,manual_guidance_0925_public_market_fillability_proxy,09:20:00,09:24:50,31009218894,1,ae5a233ecdf60fbd6a3cc866c135efd33f45e57b,2026-08-05T13:15:08Z,U,0.0,84879984.0,84879984.0,112421.0,112421.0,,,,,,,,,,,,,,,,,,,,,,,,0.96001523229246,15500266.0,,,,,,39.34,32.18,1.0,5.0,5.0,0.0,1.0,0.0,2.3361705098330443,MAIN,10.0,1,eligible_limit_le_10:10.00%:main_board_10pct,a_share_price_limit_le_10_v2,40.81,43.27,40.81,43.27,39.34,177286.0,750614.106,9.9898,745600.0,43.27,35.41,2.0
20260805,20260806,20260807,002674.SZ,兴业科技,54,0.1437813054760572,66.117021,0.01,纺织制造,FULLY_READY,1,1,1,1,0,,strong_official_opening_auction,27.0,t_opening_auction,27.0,25971300.0,27.0,1,pfill_truth_v7_public_buyable_explicit,manual_guidance_0925_public_market_fillability_proxy,09:20:00,09:24:50,31009218894,1,ae5a233ecdf60fbd6a3cc866c135efd33f45e57b,2026-08-05T13:15:08Z,U,0.0,70109562.0,70109562.0,103557.0,103557.0,,,,,,,,,,,,,,,,,,,,,,,,0.985021579080985,40128192.0,,,,,,26.93,22.03,0.0,,,0.0,1.0,0.0,2.0711755164999963,MAIN,10.0,1,eligible_limit_le_10:10.00%:main_board_10pct,a_share_price_limit_le_10_v2,27.0,29.4,27.0,28.65,26.93,423975.88,1202436.31214,6.3869,961900.0,29.62,24.24,
20260805,20260806,20260807,603061.SH,金海通,55,0.1417263442618943,45.861702,0.1115060031977598,半导体,FULLY_READY,1,1,1,1,0,,strong_official_opening_auction,290.0,t_opening_auction,290.0,23200000.0,,0,pfill_truth_v7_public_buyable_explicit,manual_guidance_0925_public_market_fillability_proxy,09:20:00,09:24:50,31009218894,1,ae5a233ecdf60fbd6a3cc866c135efd33f45e57b,2026-08-05T13:15:08Z,U,0.0,88231396.0,88231396.0,93641.0,93641.0,,,,,,,,,,,,,,,,,,,,,,,,0.9385630870779386,9700385.0,,,,,,292.86,239.62,1.0,8.0,4.0,0.0,1.0,0.0,2.3395728771178987,MAIN,10.0,1,eligible_limit_le_10:10.00%:main_board_10pct,a_share_price_limit_le_10_v2,290.0,314.98,288.88,307.73,292.86,53621.25,1642091.492,5.0775,80000.0,322.15,263.57,
20260805,20260806,20260807,605178.SH,时空科技,56,0.1402150195366457,41.851064,0.01,专业工程,FULLY_READY,1,1,1,1,0,,strong_official_opening_auction,64.37,t_opening_auction,64.37,6848968.0,,0,pfill_truth_v7_public_buyable_explicit,manual_guidance_0925_public_market_fillability_proxy,09:20:00,09:24:50,31009218894,1,ae5a233ecdf60fbd6a3cc866c135efd33f45e57b,2026-08-05T13:15:08Z,U,1.0,49458376.0,49458376.0,93650.0,93750.0,,,,,,,,,,,,,,,,,,,,,,,,0.8607514597613608,3203157.0,,,,,,64.24,52.56,0.0,,,0.0,1.0,0.0,1.5502103472997169,MAIN,10.0,1,eligible_limit_le_10:10.00%:main_board_10pct,a_share_price_limit_le_10_v2,64.37,66.78,62.8,65.17,64.24,77010.0,497595.956,1.4477,106400.0,70.66,57.82,
20260805,20260806,20260807,001359.SZ,平安电工,57,0.1394855214001907,54.117021,0.01,塑料,FULLY_READY,1,1,1,1,0,,strong_official_opening_auction,87.2,t_opening_auction,87.2,4386160.0,,0,pfill_truth_v7_public_buyable_explicit,manual_guidance_0925_public_market_fillability_proxy,09:20:00,09:24:50,31009218894,1,ae5a233ecdf60fbd6a3cc866c135efd33f45e57b,2026-08-05T13:15:08Z,U,0.0,82553445.0,82553445.0,111427.0,111427.0,,,,,,,,,,,,,,,,,,,,,,,,0.85008885503935,2880073.0,,,,,,86.17,70.51,0.0,,,0.0,1.0,0.0,2.0838085978447425,MAIN,10.0,1,eligible_limit_le_10:10.00%:main_board_10pct,a_share_price_limit_le_10_v2,87.2,89.33,83.33,86.06,86.17,74912.18,646643.94128,-0.1277,50300.0,94.79,77.55,
20260805,20260806,20260807,002214.SZ,大立科技,58,0.1383584164089082,47.882979,0.01,军工电子,FULLY_READY,1,1,0,0,0,,strong_opening_auction_limit_up_unconfirmed,,,16.34,9951060.0,,0,pfill_truth_v7_public_buyable_explicit,manual_guidance_0925_public_market_fillability_proxy,09:20:00,09:24:50,31009218894,1,ae5a233ecdf60fbd6a3cc866c135efd33f45e57b,2026-08-05T13:15:08Z,U,0.0,139008280.0,139008280.0,92500.0,92500.0,,,,,,,,,,,,,,,,,,,,,,,,0.9328509774054328,8667054.0,,,,,,14.85,12.15,0.0,,,1.0,1.0,0.0,2.1411217791772272,MAIN,10.0,1,eligible_limit_le_10:10.00%:main_board_10pct,a_share_price_limit_le_10_v2,16.34,16.34,16.34,16.34,14.85,14778.0,24147.252,10.0337,609000.0,16.34,13.37,0.0
20260805,20260806,20260807,002425.SZ,凯撒文化,59,0.1373480300324097,58.010638,0.01,游戏Ⅱ,FULLY_READY,1,1,0,0,0,,strong_opening_auction_limit_up_unconfirmed,,,3.82,25425920.0,3.82,1,pfill_truth_v7_public_buyable_explicit,manual_guidance_0925_public_market_fillability_proxy,09:20:00,09:24:50,31009218894,1,ae5a233ecdf60fbd6a3cc866c135efd33f45e57b,2026-08-05T13:15:08Z,U,0.0,110992461.0,110992461.0,92500.0,92500.0,,,,,,,,,,,,,,,,,,,,,,,,0.9586189388169586,14654851.0,,,,,,3.47,2.84,0.0,,,0.0,1.0,0.0,2.112680004180895,MAIN,10.0,1,eligible_limit_le_10:10.00%:main_board_10pct,a_share_price_limit_le_10_v2,3.82,3.82,3.66,3.82,3.47,1100810.94,418956.36868,10.0865,6656000.0,3.82,3.12,3.0
20260805,20260806,20260807,603268.SH,松发股份,60,0.1364910350210128,52.276596,0.01,航海装备,FULLY_READY,1,1,1,1,0,,strong_official_opening_auction,176.1,t_opening_auction,176.1,24847710.0,,0,pfill_truth_v7_public_buyable_explicit,manual_guidance_0925_public_market_fillability_proxy,09:20:00,09:24:50,31009218894,1,ae5a233ecdf60fbd6a3cc866c135efd33f45e57b,2026-08-05T13:15:08Z,U,1.0,51647505.0,51647505.0,131021.0,131115.0,,,,,,,,,,,,,,,,,,,,,,,,0.8578319370398578,3123846.0,,,,,,172.87,141.44,0.0,,,0.0,1.0,0.0,1.552432760089289,MAIN,10.0,1,eligible_limit_le_10:10.00%:main_board_10pct,a_share_price_limit_le_10_v2,176.1,184.37,171.53,180.0,172.87,133199.88,2397942.283,4.1245,141100.0,190.16,155.58,
20260805,20260806,20260807,002080.SZ,中材科技,61,0.1361313656815674,47.170213,0.0164,玻璃玻纤,FULLY_READY,1,1,1,1,0,,strong_official_opening_auction,48.76,t_opening_auction,48.76,55125910.56,,0,pfill_truth_v7_public_buyable_explicit,manual_guidance_0925_public_market_fillability_proxy,09:20:00,09:24:50,31009218894,1,ae5a233ecdf60fbd6a3cc866c135efd33f45e57b,2026-08-05T13:15:08Z,U,6.0,34690243.0,34690243.0,130209.0,142703.0,,,,,,,,,,,,,,,,,,,,,,,,0.9746128458999748,25583140.0,,,,,,48.81,39.93,0.0,,,0.0,1.0,0.0,1.1780748206260525,MAIN,10.0,1,eligible_limit_le_10:10.00%:main_board_10pct,a_share_price_limit_le_10_v2,48.76,52.11,47.68,51.52,48.81,774664.49,3905074.29576,5.5521,1130556.0,53.69,43.93,
20260805,20260806,20260807,003018.SZ,金富科技,62,0.1354998255695481,56.62766,0.01,包装印刷,FULLY_READY,1,1,1,1,0,,strong_official_opening_auction,38.48,t_opening_auction,38.48,9154392.0,38.48,1,pfill_truth_v7_public_buyable_explicit,manual_guidance_0925_public_market_fillability_proxy,09:20:00,09:24:50,31009218894,1,ae5a233ecdf60fbd6a3cc866c135efd33f45e57b,2026-08-05T13:15:08Z,U,0.0,55835524.0,55835524.0,105324.0,105324.0,,,,,,,,,,,,,,,,,,,,,,,,0.8998476770753998,5052960.0,,,,,,38.24,31.28,0.0,,,0.0,1.0,0.0,2.0566844542510188,MAIN,10.0,1,eligible_limit_le_10:10.00%:main_board_10pct,a_share_price_limit_le_10_v2,38.48,39.51,37.7,39.4,38.24,216276.45,836638.30742,3.0335,237900.0,42.06,34.42,
20260805,20260806,20260807,603078.SH,江化微,63,0.13470604577422,57.117021,0.01,电子化学,FULLY_READY,1,1,1,1,0,,strong_official_opening_auction,31.48,t_opening_auction,31.48,21862860.0,,0,pfill_truth_v7_public_buyable_explicit,manual_guidance_0925_public_market_fillability_proxy,09:20:00,09:24:50,31009218894,1,ae5a233ecdf60fbd6a3cc866c135efd33f45e57b,2026-08-05T13:15:08Z,U,0.0,83111587.0,83111587.0,94101.0,94101.0,,,,,,,,,,,,,,,,,,,,,,,,0.9014978420919016,5229908.0,,,,,,31.08,25.43,0.0,,,0.0,1.0,0.0,2.0843752259051254,MAIN,10.0,1,eligible_limit_le_10:10.00%:main_board_10pct,a_share_price_limit_le_10_v2,31.48,34.19,31.4,34.19,31.08,327063.77,1082564.805,10.0064,694500.0,34.19,27.97,1.0
20260805,20260806,20260807,603826.SH,坤彩科技,64,0.1339744783501634,50.223404,0.01,非金属材,FULLY_READY,1,1,1,1,0,,strong_official_opening_auction,17.93,t_opening_auction,17.93,12724921.0,,0,pfill_truth_v7_public_buyable_explicit,manual_guidance_0925_public_market_fillability_proxy,09:20:00,09:24:50,31009218894,1,ae5a233ecdf60fbd6a3cc866c135efd33f45e57b,2026-08-05T13:15:08Z,U,0.0,58405636.0,58405636.0,94252.0,94252.0,,,,,,,,,,,,,,,,,,,,,,,,0.6788525006346788,698168.0,,,,,,17.36,14.2,0.0,,,0.0,1.0,0.0,2.059293642553505,MAIN,10.0,1,eligible_limit_le_10:10.00%:main_board_10pct,a_share_price_limit_le_10_v2,17.93,18.0,17.17,17.22,17.36,250843.89,438261.526,-0.8065,709700.0,19.1,15.62,
20260805,20260806,20260807,600078.SH,澄星股份,65,0.1334501809140655,40.723404,0.01,农化制品,FULLY_READY,1,1,1,1,0,,strong_official_opening_auction,10.71,t_opening_auction,10.71,7019334.0,,0,pfill_truth_v7_public_buyable_explicit,manual_guidance_0925_public_market_fillability_proxy,09:20:00,09:24:50,31009218894,1,ae5a233ecdf60fbd6a3cc866c135efd33f45e57b,2026-08-05T13:15:08Z,U,1.0,8162828.0,8162828.0,145157.0,150000.0,,,,,,,,,,,,,,,,,,,,,,,,0.7048743335872049,839839.0,,,,,,11.03,9.03,0.0,,,0.0,1.0,0.0,1.508286936652102,MAIN,10.0,1,eligible_limit_le_10:10.00%:main_board_10pct,a_share_price_limit_le_10_v2,10.71,11.07,10.62,10.82,11.03,330799.62,358406.758,-1.9039,655400.0,12.13,9.93,
20260805,20260806,20260807,002963.SZ,豪尔赛,66,0.1327909807698352,46.287234,0.01,装修装饰,FULLY_READY,1,1,0,0,0,,strong_opening_auction_limit_up_unconfirmed,,,19.34,14860856.0,19.34,1,pfill_truth_v7_public_buyable_explicit,manual_guidance_0925_public_market_fillability_proxy,09:20:00,09:24:50,31009218894,1,ae5a233ecdf60fbd6a3cc866c135efd33f45e57b,2026-08-05T13:15:08Z,U,0.0,24495834.0,24495834.0,93121.0,93121.0,,,,,,,,,,,,,,,,,,,,,,,,0.9221883726834222,7402080.0,,,,,,17.59,14.39,0.0,,,0.0,1.0,0.0,2.0248682717066204,MAIN,10.0,1,eligible_limit_le_10:10.00%:main_board_10pct,a_share_price_limit_le_10_v2,19.34,19.35,18.52,19.35,17.59,137339.0,262601.60164,10.0057,768400.0,19.35,15.83,4.0
20260805,20260806,20260807,600172.SH,黄河旋风,67,0.1326372570131832,67.861702,0.01,通用设备,FULLY_READY,1,1,1,1,0,,strong_official_opening_auction,11.21,t_opening_auction,11.21,35811466.0,,0,pfill_truth_v7_public_buyable_explicit,manual_guidance_0925_public_market_fillability_proxy,09:20:00,09:24:50,31009218894,1,ae5a233ecdf60fbd6a3cc866c135efd33f45e57b,2026-08-05T13:15:08Z,U,0.0,109362035.0,109362035.0,110914.0,110914.0,,,,,,,,,,,,,,,,,,,,,,,,0.9636963696369636,17120108.0,,,,,,11.22,9.18,1.0,10.0,4.0,0.0,1.0,0.0,2.3610247889812186,MAIN,10.0,1,eligible_limit_le_10:10.00%:main_board_10pct,a_share_price_limit_le_10_v2,11.21,11.96,11.05,11.74,11.22,2329150.47,2696940.895,4.6346,3194600.0,12.34,10.1,
20260805,20260806,20260807,603045.SH,福达合金,68,0.1314013726523595,52.159574,0.01,金属新材,FULLY_READY,1,1,1,1,0,,strong_official_opening_auction,54.26,t_opening_auction,54.26,7487880.0,,0,pfill_truth_v7_public_buyable_explicit,manual_guidance_0925_public_market_fillability_proxy,09:20:00,09:24:50,31009218894,1,ae5a233ecdf60fbd6a3cc866c135efd33f45e57b,2026-08-05T13:15:08Z,U,0.0,45627764.0,45627764.0,105810.0,105810.0,,,,,,,,,,,,,,,,,,,,,,,,0.8022340695608022,1787657.0,,,,,,53.56,43.82,0.0,,,0.0,1.0,0.0,2.046321494198465,MAIN,10.0,1,eligible_limit_le_10:10.00%:main_board_10pct,a_share_price_limit_le_10_v2,54.26,55.33,53.05,54.2,53.56,120105.66,650306.113,1.1949,138000.0,58.92,48.2,
20260805,20260806,20260807,002348.SZ,高乐股份,69,0.1307860031189732,51.148936,0.01,文娱用品,FULLY_READY,1,1,1,1,0,,strong_official_opening_auction,11.74,t_opening_auction,11.74,42231128.0,11.74,1,pfill_truth_v7_public_buyable_explicit,manual_guidance_0925_public_market_fillability_proxy,09:20:00,09:24:50,31009218894,1,ae5a233ecdf60fbd6a3cc866c135efd33f45e57b,2026-08-05T13:15:08Z,U,10.0,32458572.0,32458572.0,92500.0,130009.0,,,,,,,,,,,,,,,,,,,,,,,,0.9936532114749936,94960200.0,,,,,,12.12,9.92,0.0,,,0.0,1.0,0.0,1.123861167074569,MAIN,10.0,1,eligible_limit_le_10:10.00%:main_board_10pct,a_share_price_limit_le_10_v2,11.74,12.13,11.65,11.85,12.12,742832.56,880158.54843,-2.2277,3597200.0,13.33,10.91,
20260805,20260806,20260807,603626.SH,科森科技,70,0.1306075617852569,50.159574,0.6729057079444091,消费电子,FULLY_READY,1,1,1,1,0,,strong_official_opening_auction,15.24,t_opening_auction,15.24,11391900.0,,0,pfill_truth_v7_public_buyable_explicit,manual_guidance_0925_public_market_fillability_proxy,09:20:00,09:24:50,31009218894,1,ae5a233ecdf60fbd6a3cc866c135efd33f45e57b,2026-08-05T13:15:08Z,U,3.0,62901419.0,62901419.0,130025.0,144701.0,,,,,,,,,,,,,,,,,,,,,,,,0.7355927900482356,1039830.0,,,,,,15.11,12.37,1.0,2.0,7.0,0.0,1.0,0.0,1.563857779997366,MAIN,10.0,1,eligible_limit_le_10:10.00%:main_board_10pct,a_share_price_limit_le_10_v2,15.24,15.78,15.0,15.68,15.11,492494.5,758012.155,3.7723,747500.0,16.62,13.6,
20260805,20260806,20260807,601208.SH,东材科技,71,0.1290363069094881,63.053191,0.01,塑料,FULLY_READY,1,1,1,1,0,,strong_official_opening_auction,39.33,t_opening_auction,39.33,32765823.0,,0,pfill_truth_v7_public_buyable_explicit,manual_guidance_0925_public_market_fillability_proxy,09:20:00,09:24:50,31009218894,1,ae5a233ecdf60fbd6a3cc866c135efd33f45e57b,2026-08-05T13:15:08Z,U,0.0,81818199.0,81818199.0,105003.0,105003.0,,,,,,,,,,,,,,,,,,,,,,,,0.9842599644579842,37435020.0,,,,,,39.33,32.18,0.0,,,0.0,1.0,0.0,2.0830621730731176,MAIN,10.0,1,eligible_limit_le_10:10.00%:main_board_10pct,a_share_price_limit_le_10_v2,39.33,43.1,39.33,41.76,39.33,965356.19,3980342.361,6.1785,833100.0,43.26,35.4,
20260805,20260806,20260807,000712.SZ,锦龙股份,72,0.1285804525635556,51.095745,0.01,证券Ⅱ,FULLY_READY,1,1,1,1,0,,strong_official_opening_auction,9.63,t_opening_auction,9.63,13415553.0,,0,pfill_truth_v7_public_buyable_explicit,manual_guidance_0925_public_market_fillability_proxy,09:20:00,09:24:50,31009218894,1,ae5a233ecdf60fbd6a3cc866c135efd33f45e57b,2026-08-05T13:15:08Z,U,0.0,56286248.0,56286248.0,102106.0,102106.0,,,,,,,,,,,,,,,,,,,,,,,,0.7944909875602945,1667385.0,,,,,,9.81,8.03,0.0,,,0.0,1.0,0.0,2.05714203111477,MAIN,10.0,1,eligible_limit_le_10:10.00%:main_board_10pct,a_share_price_limit_le_10_v2,9.63,9.75,9.43,9.51,9.81,579301.91,553159.04193,-3.0581,1393100.0,10.79,8.83,
20260805,20260806,20260807,603115.SH,海星股份,73,0.1266939220337716,41.06383,0.328751396590983,元件,FULLY_READY,1,1,1,1,0,,strong_official_opening_auction,77.58,t_opening_auction,77.58,9813870.0,77.58,1,pfill_truth_v7_public_buyable_explicit,manual_guidance_0925_public_market_fillability_proxy,09:20:00,09:24:50,31009218894,1,ae5a233ecdf60fbd6a3cc866c135efd33f45e57b,2026-08-05T13:15:08Z,U,1.0,43142238.0,43142238.0,94654.0,103315.0,,,,,,,,,,,,,,,,,,,,,,,,0.912033511043412,6220800.0,,,,,,77.58,63.48,1.0,5.0,5.0,0.0,1.0,0.0,1.7937981779520429,MAIN,10.0,1,eligible_limit_le_10:10.00%:main_board_10pct,a_share_price_limit_le_10_v2,77.58,81.18,76.17,79.93,77.58,128452.0,1014503.186,3.0291,126500.0,85.34,69.82,
20260805,20260806,20260807,002346.SZ,柘中股份,74,0.126377961214115,47.606383,0.0573942950693908,电网设备,FULLY_READY,1,1,1,1,0,,strong_official_opening_auction,20.03,t_opening_auction,20.03,1774658.0,,0,pfill_truth_v7_public_buyable_explicit,manual_guidance_0925_public_market_fillability_proxy,09:20:00,09:24:50,31009218894,1,ae5a233ecdf60fbd6a3cc866c135efd33f45e57b,2026-08-05T13:15:08Z,U,0.0,40761960.0,40761960.0,103612.0,103612.0,,,,,,,,,,,,,,,,,,,,,,,,0.4656004061944656,192814.0,,,,,,20.0,16.36,1.0,9.0,4.0,0.0,1.0,0.0,2.291381709909301,MAIN,10.0,1,eligible_limit_le_10:10.00%:main_board_10pct,a_share_price_limit_le_10_v2,20.03,20.39,19.23,20.19,20.0,101064.29,201299.61777,0.95,88600.0,22.0,18.0,
20260805,20260806,20260807,001225.SZ,和泰机电,75,0.1237576785427486,53.287234,0.01,专用设备,FULLY_READY,1,1,1,1,0,,strong_official_opening_auction,44.32,t_opening_auction,44.32,5163280.0,,0,pfill_truth_v7_public_buyable_explicit,manual_guidance_0925_public_market_fillability_proxy,09:20:00,09:24:50,31009218894,1,ae5a233ecdf60fbd6a3cc866c135efd33f45e57b,2026-08-05T13:15:08Z,U,0.0,8496838.0,8496838.0,93551.0,93551.0,,,,,,,,,,,,,,,,,,,,,,,,0.6205889819751206,473915.0,,,,,,45.22,37.0,0.0,,,0.0,1.0,0.0,2.008626024981682,MAIN,10.0,1,eligible_limit_le_10:10.00%:main_board_10pct,a_share_price_limit_le_10_v2,44.32,45.87,43.88,44.66,45.22,33616.0,150584.461,-1.2384,116500.0,49.74,40.7,
20260805,20260806,20260807,002975.SZ,博杰股份,76,0.1230415515374437,49.56383,0.01,自动化设,FULLY_READY,1,1,1,1,0,,strong_official_opening_auction,87.57,t_opening_auction,87.57,33075189.0,87.57,1,pfill_truth_v7_public_buyable_explicit,manual_guidance_0925_public_market_fillability_proxy,09:20:00,09:24:50,31009218894,1,ae5a233ecdf60fbd6a3cc866c135efd33f45e57b,2026-08-05T13:15:08Z,U,0.0,145439174.0,145439174.0,93106.0,93106.0,,,,,,,,,,,,,,,,,,,,,,,,0.9713125158669712,22637028.0,,,,,,84.61,69.23,0.0,,,0.0,1.0,0.0,2.1476504492893973,MAIN,10.0,1,eligible_limit_le_10:10.00%:main_board_10pct,a_share_price_limit_le_10_v2,87.57,93.07,87.16,93.07,84.61,157363.5,1433678.55285,9.9988,377700.0,93.07,76.15,3.0
20260805,20260806,20260807,600629.SH,华建集团,77,0.1229775632802216,55.43617,0.0164,工程咨询,FULLY_READY,1,1,1,1,0,,strong_official_opening_auction,15.5,t_opening_auction,15.5,9960564.0,,0,pfill_truth_v7_public_buyable_explicit,manual_guidance_0925_public_market_fillability_proxy,09:20:00,09:24:50,31009218894,1,ae5a233ecdf60fbd6a3cc866c135efd33f45e57b,2026-08-05T13:15:08Z,U,0.0,23659595.0,23659595.0,104140.0,104140.0,,,,,,,,,,,,,,,,,,,,,,,,0.7740543285097741,1415640.0,,,,,,15.57,12.74,0.0,,,0.0,1.0,0.0,2.024019318424864,MAIN,10.0,1,eligible_limit_le_10:10.00%:main_board_10pct,a_share_price_limit_le_10_v2,15.5,16.24,15.32,15.59,15.57,606811.26,954993.02,0.1285,642617.0,17.13,14.01,
20260805,20260806,20260807,001337.SZ,四川黄金,78,0.1225213493459298,45.021277,0.01,贵金属,FULLY_READY,1,1,1,1,0,,strong_official_opening_auction,46.0,t_opening_auction,46.0,36864400.0,,0,pfill_truth_v7_public_buyable_explicit,manual_guidance_0925_public_market_fillability_proxy,09:20:00,09:24:50,31009218894,1,ae5a233ecdf60fbd6a3cc866c135efd33f45e57b,2026-08-05T13:15:08Z,U,1.0,40262735.0,40262735.0,102503.0,133554.0,,,,,,,,,,,,,,,,,,,,,,,,0.914064483371414,6466545.0,,,,,,43.27,35.41,0.0,,,0.0,1.0,0.0,1.5408748946303144,MAIN,10.0,1,eligible_limit_le_10:10.00%:main_board_10pct,a_share_price_limit_le_10_v2,46.0,46.87,43.97,45.01,43.27,333040.53,1507054.13194,4.0213,801400.0,47.6,38.94,
20260805,20260806,20260807,603663.SH,三祥新材,79,0.1216137507649622,51.43617,0.01,化学原料,FULLY_READY,1,1,1,1,0,,strong_official_opening_auction,37.27,t_opening_auction,37.27,18673015.0,,0,pfill_truth_v7_public_buyable_explicit,manual_guidance_0925_public_market_fillability_proxy,09:20:00,09:24:50,31009218894,1,ae5a233ecdf60fbd6a3cc866c135efd33f45e57b,2026-08-05T13:15:08Z,U,0.0,55391684.0,55391684.0,110020.0,110020.0,,,,,,,,,,,,,,,,,,,,,,,,0.8918507235338918,4575160.0,,,,,,37.26,30.48,0.0,,,0.0,1.0,0.0,2.0562338660524597,MAIN,10.0,1,eligible_limit_le_10:10.00%:main_board_10pct,a_share_price_limit_le_10_v2,37.27,39.63,37.0,39.31,37.26,437937.16,1689129.981,5.5019,501020.0,40.99,33.53,
20260805,20260806,20260807,002734.SZ,利民股份,80,0.1204025155659031,57.925532,0.01,农化制品,FULLY_READY,1,1,1,1,0,,strong_official_opening_auction,15.47,t_opening_auction,15.47,8681764.0,,0,pfill_truth_v7_public_buyable_explicit,manual_guidance_0925_public_market_fillability_proxy,09:20:00,09:24:50,31009218894,1,ae5a233ecdf60fbd6a3cc866c135efd33f45e57b,2026-08-05T13:15:08Z,U,9.0,10760568.0,10760568.0,103254.0,142024.0,,,,,,,,,,,,,,,,,,,,,,,,0.564991114496065,331440.0,,,,,,15.16,12.4,0.0,,,0.0,1.0,0.0,1.1109241730141366,MAIN,10.0,1,eligible_limit_le_10:10.00%:main_board_10pct,a_share_price_limit_le_10_v2,15.47,16.4,15.2,16.15,15.16,441878.76,701576.198,6.5303,561200.0,16.68,13.64,
20260805,20260806,20260807,002908.SZ,德生科技,81,0.1187562766742009,56.744681,0.01,IT服务Ⅱ,FULLY_READY,1,1,1,1,0,,strong_official_opening_auction,7.53,t_opening_auction,7.53,7691142.0,,0,pfill_truth_v7_public_buyable_explicit,manual_guidance_0925_public_market_fillability_proxy,09:20:00,09:24:50,31009218894,1,ae5a233ecdf60fbd6a3cc866c135efd33f45e57b,2026-08-05T13:15:08Z,U,0.0,39433828.0,39433828.0,100312.0,100312.0,,,,,,,,,,,,,,,,,,,,,,,,0.7350850469662351,1029627.0,,,,,,7.58,6.2,0.0,,,0.0,1.0,0.0,2.040033384825197,MAIN,10.0,1,eligible_limit_le_10:10.00%:main_board_10pct,a_share_price_limit_le_10_v2,7.53,7.68,7.21,7.35,7.58,279548.65,206022.10708,-3.0343,1021400.0,8.34,6.82,
20260805,20260806,20260807,603256.SH,宏和科技,82,0.117846335810675,42.702128,0.01,玻璃玻纤,FULLY_READY,1,1,1,1,0,,strong_official_opening_auction,138.0,t_opening_auction,138.0,43221600.0,,0,pfill_truth_v7_public_buyable_explicit,manual_guidance_0925_public_market_fillability_proxy,09:20:00,09:24:50,31009218894,1,ae5a233ecdf60fbd6a3cc866c135efd33f45e57b,2026-08-05T13:15:08Z,U,6.0,28430219.0,28430219.0,131134.0,144555.0,,,,,,,,,,,,,,,,,,,,,,,,0.9824828636709824,34564308.0,,,,,,138.11,113.0,0.0,,,0.0,1.0,0.0,1.171719618442613,MAIN,10.0,1,eligible_limit_le_10:10.00%:main_board_10pct,a_share_price_limit_le_10_v2,138.0,150.98,137.02,148.74,138.11,316550.89,4579470.197,7.6968,313200.0,151.92,124.3,
20260805,20260806,20260807,603125.SH,常青科技,83,0.1175671994010564,51.797872,0.1736599148755986,化学制品,FULLY_READY,1,1,1,1,0,,strong_official_opening_auction,22.59,t_opening_auction,22.59,2482641.0,,0,pfill_truth_v7_public_buyable_explicit,manual_guidance_0925_public_market_fillability_proxy,09:20:00,09:24:50,31009218894,1,ae5a233ecdf60fbd6a3cc866c135efd33f45e57b,2026-08-05T13:15:08Z,U,0.0,27042690.0,27042690.0,130034.0,130034.0,,,,,,,,,,,,,,,,,,,,,,,,0.5096471185580096,244664.0,,,,,,22.61,18.5,1.0,7.0,4.0,0.0,1.0,0.0,2.277453850421991,MAIN,10.0,1,eligible_limit_le_10:10.00%:main_board_10pct,a_share_price_limit_le_10_v2,22.59,23.18,22.21,23.0,22.61,91063.64,207502.283,1.7249,109900.0,24.87,20.35,
20260805,20260806,20260807,603206.SH,嘉环科技,84,0.1168399162931198,42.968085,0.01,通信服务,FULLY_READY,1,1,1,1,0,,strong_official_opening_auction,15.54,t_opening_auction,15.54,6983676.0,,0,pfill_truth_v7_public_buyable_explicit,manual_guidance_0925_public_market_fillability_proxy,09:20:00,09:24:50,31009218894,1,ae5a233ecdf60fbd6a3cc866c135efd33f45e57b,2026-08-05T13:15:08Z,U,0.0,40388460.0,40388460.0,94240.0,94240.0,,,,,,,,,,,,,,,,,,,,,,,,0.6756791063721757,683892.0,,,,,,15.54,12.72,0.0,,,0.0,1.0,0.0,2.04100253116885,MAIN,10.0,1,eligible_limit_le_10:10.00%:main_board_10pct,a_share_price_limit_le_10_v2,15.54,16.0,14.73,15.04,15.54,146230.76,221806.784,-3.2175,449400.0,17.09,13.99,
20260805,20260806,20260807,002182.SZ,宝武镁业,85,0.1132221702303326,42.180851,0.4258611773793213,小金属,FULLY_READY,1,1,1,1,0,,strong_official_opening_auction,13.0,t_opening_auction,13.0,20377500.0,,0,pfill_truth_v7_public_buyable_explicit,manual_guidance_0925_public_market_fillability_proxy,09:20:00,09:24:50,31009218894,1,ae5a233ecdf60fbd6a3cc866c135efd33f45e57b,2026-08-05T13:15:08Z,U,3.0,38622682.0,38622682.0,95318.0,95615.0,,,,,,,,,,,,,,,,,,,,,,,,0.5858085808580858,375287.0,,,,,,13.12,10.74,1.0,4.0,6.0,0.0,1.0,0.0,1.5392099060605329,MAIN,10.0,1,eligible_limit_le_10:10.00%:main_board_10pct,a_share_price_limit_le_10_v2,13.0,13.15,12.51,12.77,13.12,442765.31,567758.08933,-2.6677,1567500.0,14.43,11.81,
20260805,20260806,20260807,002222.SZ,福晶科技,86,0.1114909287957253,46.010638,0.5394931282264485,光学光电,FULLY_READY,1,1,1,1,0,,strong_official_opening_auction,58.21,t_opening_auction,58.21,22824490.26,,0,pfill_truth_v7_public_buyable_explicit,manual_guidance_0925_public_market_fillability_proxy,09:20:00,09:24:50,31009218894,1,ae5a233ecdf60fbd6a3cc866c135efd33f45e57b,2026-08-05T13:15:08Z,U,11.0,6449668.0,6449668.0,130503.0,145403.0,,,,,,,,,,,,,,,,,,,,,,,,0.9626808834729628,16946488.0,,,,,,58.21,47.63,1.0,3.0,6.0,0.0,1.0,0.0,1.3398810628877342,MAIN,10.0,1,eligible_limit_le_10:10.00%:main_board_10pct,a_share_price_limit_le_10_v2,58.21,60.68,57.07,59.55,58.21,380521.61,2245019.26941,2.302,392106.0,64.03,52.39,
20260805,20260806,20260807,002957.SZ,科瑞技术,87,0.1089500416941966,53.329787,0.01,自动化设,FULLY_READY,1,1,1,1,0,,strong_official_opening_auction,38.14,t_opening_auction,38.14,17258350.0,,0,pfill_truth_v7_public_buyable_explicit,manual_guidance_0925_public_market_fillability_proxy,09:20:00,09:24:50,31009218894,1,ae5a233ecdf60fbd6a3cc866c135efd33f45e57b,2026-08-05T13:15:08Z,U,0.0,88552323.0,88552323.0,93521.0,93521.0,,,,,,,,,,,,,,,,,,,,,,,,0.9605229753744604,15897945.0,,,,,,38.47,31.47,0.0,,,0.0,1.0,0.0,2.08989868353192,MAIN,10.0,1,eligible_limit_le_10:10.00%:main_board_10pct,a_share_price_limit_le_10_v2,38.14,39.5,37.84,38.64,38.47,314540.49,1217258.91463,0.4419,452500.0,42.32,34.62,
20260805,20260806,20260807,002355.SZ,兴民智通,88,0.1044326819543518,51.840426,0.83,汽车零部件,FULLY_READY,1,1,1,1,0,,strong_official_opening_auction,5.27,t_opening_auction,5.27,32595477.0,,0,pfill_truth_v7_public_buyable_explicit,manual_guidance_0925_public_market_fillability_proxy,09:20:00,09:24:50,31009218894,1,ae5a233ecdf60fbd6a3cc866c135efd33f45e57b,2026-08-05T13:15:08Z,U,0.0,27245572.0,27245572.0,93003.0,93003.0,,,,,,,,,,,,,,,,,,,,,,,,0.8771261741558771,3901872.0,,,,,,4.94,4.04,1.0,1.0,7.0,0.0,1.0,0.0,2.2776598170651505,MAIN,10.0,1,eligible_limit_le_10:10.00%:main_board_10pct,a_share_price_limit_le_10_v2,5.27,5.43,4.98,5.04,4.94,1061678.7,555099.3757,2.0243,6185100.0,5.43,4.45,
20260805,20260806,20260807,601138.SH,工业富联,89,0.102860109078024,34.968085,0.6729057079444091,消费电子,FULLY_READY,1,1,1,1,0,,strong_official_opening_auction,65.55,t_opening_auction,65.55,202260883.0,,0,pfill_truth_v7_public_buyable_explicit,manual_guidance_0925_public_market_fillability_proxy,09:20:00,09:24:50,31009218894,1,ae5a233ecdf60fbd6a3cc866c135efd33f45e57b,2026-08-05T13:15:08Z,U,11.0,,,130352.0,,,,,,,,,,,,,,,,,,,,,,,,,0.996953541507997,156898700.0,,,,,,65.92,53.94,1.0,2.0,7.0,0.0,1.0,0.0,1.3333333333333333,MAIN,10.0,1,eligible_limit_le_10:10.00%:main_board_10pct,a_share_price_limit_le_10_v2,65.55,69.8,64.87,68.27,65.92,2466615.13,16718421.116,3.5649,3085597.0,72.51,59.33,
20260805,20260806,20260807,600130.SH,波导股份,90,0.1010660009470398,43.404255,0.6729057079444091,消费电子,FULLY_READY,1,1,1,1,0,,strong_official_opening_auction,4.3,t_opening_auction,4.3,9110410.0,,0,pfill_truth_v7_public_buyable_explicit,manual_guidance_0925_public_market_fillability_proxy,09:20:00,09:24:50,31009218894,1,ae5a233ecdf60fbd6a3cc866c135efd33f45e57b,2026-08-05T13:15:08Z,U,2.0,20839248.0,20839248.0,94717.0,142929.0,,,,,,,,,,,,,,,,,,,,,,,,0.6204620462046204,472800.0,,,,,,4.32,3.54,1.0,2.0,7.0,0.0,1.0,0.0,1.6044894238516498,MAIN,10.0,1,eligible_limit_le_10:10.00%:main_board_10pct,a_share_price_limit_le_10_v2,4.3,4.39,4.2,4.29,4.32,666870.13,286260.163,-0.6944,2118700.0,4.75,3.89,
20260805,20260806,20260807,603979.SH,金诚信,91,0.0959231108408891,37.691489,0.01,工业金属,FULLY_READY,1,1,1,1,0,,strong_official_opening_auction,81.04,t_opening_auction,81.04,10729696.0,,0,pfill_truth_v7_public_buyable_explicit,manual_guidance_0925_public_market_fillability_proxy,09:20:00,09:24:50,31009218894,1,ae5a233ecdf60fbd6a3cc866c135efd33f45e57b,2026-08-05T13:15:08Z,U,2.0,16195805.0,16195805.0,135438.0,135659.0,,,,,,,,,,,,,,,,,,,,,,,,0.8485656257933486,2837100.0,,,,,,78.68,64.38,0.0,,,0.0,1.0,0.0,1.3497753813667843,MAIN,10.0,1,eligible_limit_le_10:10.00%:main_board_10pct,a_share_price_limit_le_10_v2,81.04,81.13,77.22,78.4,78.68,113513.32,894551.713,-0.3559,132400.0,86.55,70.81,
20260805,20260806,20260807,603995.SH,甬金股份,92,0.0957826136577558,38.425532,0.01,特钢Ⅱ,FULLY_READY,1,1,1,1,0,,strong_official_opening_auction,22.9,t_opening_auction,22.9,3741860.0,,0,pfill_truth_v7_public_buyable_explicit,manual_guidance_0925_public_market_fillability_proxy,09:20:00,09:24:50,31009218894,1,ae5a233ecdf60fbd6a3cc866c135efd33f45e57b,2026-08-05T13:15:08Z,U,2.0,10675497.0,10675497.0,130047.0,130223.0,,,,,,,,,,,,,,,,,,,,,,,,0.1995430312261995,16352.0,,,,,,22.47,18.39,0.0,,,0.0,1.0,0.0,1.3441711419174058,MAIN,10.0,1,eligible_limit_le_10:10.00%:main_board_10pct,a_share_price_limit_le_10_v2,22.9,23.18,22.5,22.84,22.47,94317.43,215210.275,1.6466,163400.0,24.72,20.22,
20260805,20260806,20260807,002721.SZ,金一文化,93,0.0951605340563643,35.638298,0.01,饰品,FULLY_READY,1,1,0,0,0,,strong_opening_auction_limit_up_unconfirmed,,,2.94,41748588.0,,0,pfill_truth_v7_public_buyable_explicit,manual_guidance_0925_public_market_fillability_proxy,09:20:00,09:24:50,31009218894,1,ae5a233ecdf60fbd6a3cc866c135efd33f45e57b,2026-08-05T13:15:08Z,U,1.0,30472977.0,30472977.0,102833.0,102839.0,,,,,,,,,,,,,,,,,,,,,,,,0.3188626554963188,76230.0,,,,,,2.67,2.19,0.0,,,0.0,1.0,0.0,1.530936291932155,MAIN,10.0,1,eligible_limit_le_10:10.00%:main_board_10pct,a_share_price_limit_le_10_v2,2.94,2.94,2.94,2.94,2.67,265598.0,78085.812,10.1124,14200200.0,2.94,2.4,0.0
20260805,20260806,20260807,603335.SH,迪生力,94,0.0736123244663282,56.744681,0.83,汽车零部件,FULLY_READY,1,1,1,1,0,,strong_official_opening_auction,6.7,t_opening_auction,6.7,4625680.0,,0,pfill_truth_v7_public_buyable_explicit,manual_guidance_0925_public_market_fillability_proxy,09:20:00,09:24:50,31009218894,1,ae5a233ecdf60fbd6a3cc866c135efd33f45e57b,2026-08-05T13:15:08Z,U,5.0,1584861.0,1584861.0,130535.0,132753.0,,,,,,,,,,,,,,,,,,,,,,,,0.5713379030210713,343785.0,,,,,,6.69,5.47,1.0,1.0,7.0,0.0,1.0,0.0,1.4182756240904155,MAIN,10.0,1,eligible_limit_le_10:10.00%:main_board_10pct,a_share_price_limit_le_10_v2,6.7,6.9,6.52,6.84,6.69,321943.91,216065.727,2.2422,690400.0,7.36,6.02,
