trade_date,exec_date,target_date,ts_code,name,rank,sample_maturity,label_ready_fill,label_ready_ret,y_fill,fill_label_quality,entry_price_proxy_t1,entry_price_proxy_mode,dataset_split,sample_weight,is_cold_start,feature_coverage_score,label_version,execution_contract,buy_window_start,buy_window_end,auction_price_t1,auction_amount_t1,auction_vol_t1,minute_open_t1,minute_open_available_t1,open_t1,high_t1,low_t1,close_t1,up_limit_t1,down_limit_t1,open_times_t1,symbol,board,area,market,list_date,open,high,low,close,pct_chg,pre_close_est,returns_1d,high_low_range,candle_body,gap_open,vol,amount,turnover_rate,turnover_rate_f,volume_ratio,amihud_illiquidity,volatility_5d,volatility_10d,volatility_20d,atr,downside_vol,max_drawdown_20d,tail_risk_score,ret_2d,ret_5d,ret_10d,bid_ask_proxy,spread_proxy,total_mv,float_mv,pe_ttm,pb,north_money_market,south_money_market,hgt_market,sgt_market,market_regime,hot_boards_score,board_crowding_rank,is_hot_board,board_rank,board_limit_up_count,is_st_like,top_list_net_buy,top_net_rate,amount_rate,float_values,abnormal_volume,has_namechange_record,latest_change_reason,auction_vol,auction_price,auction_amount,auction_strength_score,limit_type,open_times,fd_amount,seal_amount,first_seal_time,last_seal_time,intraday_available,intraday_status,intraday_missing_reason,minute_freq,minute_rows,first_limit_time,last_limit_time,limit_touch_count,open_board_count,max_drawdown_after_limit,reseal_count,reseal_minutes_avg,late_volume_ratio,late_price_weakness,late_limit_hold_minutes,late_withdraw_score,reseal_score,intraday_quality_score,intraday_confidence_score,intraday_risk_score,intraday_soft_risk_score,intraday_hard_risk_flag,intraday_tag,open_times_break,fd_amount_break,seal_amount_break,first_time_break,last_time_break,up_limit,down_limit,is_limit_up,break_count_proxy,limit_up_strength,prior_prob_prior,prior_strength_score,prior_theme_boost,prior_board,open_times_t1__is_missing,prior_prob_prior__is_missing,prior_strength_score__is_missing,prior_theme_boost__is_missing
20260807,20260810,20260811,600721.SH,百花医药,1,FULLY_READY,1,1,0,strong_opening_auction_limit_up_unconfirmed,,,raw_train_pool,1.75,0,1.0,pfill_truth_v7_public_buyable_explicit,manual_guidance_0925_public_market_fillability_proxy,09:20:00,09:24:50,11.59,20437284.0,1763355.0,11.59,1,11.59,11.59,11.59,11.59,11.59,9.49,0.0,600721,医疗服务,新疆,主板,19960626,10.25,10.54,10.1,10.54,10.0209,9.579997982201563,10.0209,0.045929028462998,0.0302714051233395,0.0699375948766603,600682.52,628410.38,15.6205,19.6931,1.46,1.5946426601037366e-05,0.0303116894352356,0.0468169672404135,0.059747961159655,0.0704984013492392,0.0307575873212008,-0.2057761732851986,0.2962817217660545,0.2101033295063143,0.4992887624466571,0.5969696969696969,0.0417457305502845,0.045929028462998,405313.1704,,,,345150.1,54765.11,157452.06,187698.04,,8.0,2.0,1.0,2.0,8.0,0.0,-63890335.98,-10.17,22.82,4053132072.9,22.82,0.0,,6493900,10.25,66562475.0,0.9935320228281548,U,1.0,159984499.0,159984499.0,93100.0,93203.0,,,,,,,,,,,,,,,,,,,,,,,,,,,,,10.54,8.62,1.0,0.0,1.9956825138427177,0.3334136955551623,73.813559,0.679305707944409,医疗服务,0,0,0,0
20260807,20260810,20260811,603228.SH,景旺电子,2,FULLY_READY,1,1,1,strong_official_opening_auction,99.0,t_opening_auction,raw_train_pool,1.75,0,0.8,pfill_truth_v7_public_buyable_explicit,manual_guidance_0925_public_market_fillability_proxy,09:20:00,09:24:50,99.0,242785521.0,2452379.0,99.0,1,99.0,99.99,91.22,96.0,104.45,85.46,,603228,元件,深圳,主板,20170106,93.66,94.95,92.8,94.95,9.9977,86.31998669063081,9.9977,0.0249073254344392,0.0149443952606635,0.0850326047393363,341447.16,3228832.137,3.4774,8.0919,0.68,3.096382709225989e-06,0.0458095148184045,0.0737325532690627,0.061096439793592,0.1045950265483906,0.0310239682383773,-0.1738971484279794,0.2660175564599488,0.2100165668408309,0.3060522696011003,0.2727882037533513,0.0226434965771459,0.0249073254344392,9506356.9695,,,,345150.1,54765.11,157452.06,187698.04,,11.0,1.0,1.0,1.0,11.0,0.0,,,,,,0.0,,2992544,93.66,280281671.0,0.9992390615091948,U,1.0,651183906.0,651183906.0,93107.0,94737.0,,,,,,,,,,,,,,,,,,,,,,,,,,,,,94.95,77.69,1.0,0.0,2.75,0.2670737776277739,50.322034,0.83,元件,1,0,0,0
20260807,20260810,20260811,000831.SZ,中国稀土,3,FULLY_READY,1,1,1,strong_official_opening_auction,57.22,t_opening_auction,raw_train_pool,1.75,0,0.8,pfill_truth_v7_public_buyable_explicit,manual_guidance_0925_public_market_fillability_proxy,09:20:00,09:24:50,57.22,95523068.0,1669400.0,,0,57.22,58.58,55.8,58.36,62.91,51.47,,831,小金属,江西,主板,19980911,51.55,57.19,51.5,57.19,10.0019,51.99001108162677,10.0019,0.1094441005420527,0.1084823773386955,-0.0084633773386955,608092.42,3390463.97526,5.7301,9.2475,2.13,2.950009223806307e-06,0.0350357692579666,0.0333522467781458,0.0364698081836269,0.0429989990405982,0.0167084047627652,-0.0621491579791499,0.1153273709255422,0.1083333333333331,0.1959431200334587,0.201470588235294,0.0994929183423675,0.1094441005420527,6069121.7552,,,,345150.1,54765.11,157452.06,187698.04,,,,0.0,,,0.0,631735592.39,18.63,29.17,60691217952.33,29.17,0.0,,187152,51.55,9647685.6,0.9499048826886494,U,0.0,233131889.0,233131889.0,95539.0,95539.0,,,,,,,,,,,,,,,,,,,,,,,,,,,,,57.19,46.79,1.0,0.0,2.358012363100386,0.2636456259980443,63.728814,0.0164,小金属,1,0,0,0
20260807,20260810,20260811,600744.SH,华银电力,4,FULLY_READY,1,1,1,strong_official_opening_auction,7.88,t_opening_auction,raw_train_pool,1.5,0,0.8,pfill_truth_v7_public_buyable_explicit,manual_guidance_0925_public_market_fillability_proxy,09:20:00,09:24:50,7.88,35366228.0,4488100.0,,0,7.88,8.2,7.54,7.73,8.67,7.09,,600744,电力,湖南,主板,19960905,7.16,7.88,7.02,7.88,10.0559,7.159997782944848,10.0559,0.120111769035533,0.1005586903553299,3.096446701688451e-07,2029877.58,1491023.167,9.9939,21.7918,1.22,6.744294939583592e-06,0.0463561120099121,0.049427809678019,0.0557048363512268,0.0951577582161113,0.0198659152484962,-0.1700251889168766,0.2455959405165997,0.0691994572591587,0.1370851370851371,0.046480743691899,0.1091370558375634,0.120111769035533,1600525.9484,,,,345150.1,54765.11,157452.06,187698.04,,,,0.0,,,0.0,130730919.85,8.77,28.99,16005259279.12,28.99,0.0,,372300,7.16,2665668.0,0.8653138871274572,U,0.0,77765411.0,77765411.0,144715.0,144715.0,,,,,,,,,,,,,,,,,,,,,,,,,,,,,7.88,6.44,1.0,0.0,2.1194215801150342,0.248618787702846,67.220339,0.0164,电力,1,0,0,0
20260807,20260810,20260811,600272.SH,开开实业,5,FULLY_READY,1,1,0,strong_opening_auction_limit_up_unconfirmed,,,raw_train_pool,1.5,0,1.0,pfill_truth_v7_public_buyable_explicit,manual_guidance_0925_public_market_fillability_proxy,09:20:00,09:24:50,14.27,31285791.0,2192417.0,14.27,1,14.27,14.27,14.27,14.27,14.27,11.67,0.0,600272,医药商业,上海,主板,20010228,11.9,12.97,11.6,12.97,10.0085,11.789998045605568,10.0085,0.1162001888974557,0.0907548920585967,0.0093301079414031,157224.74,195787.168,9.8265,16.4478,3.31,5.1119284793986086e-05,0.0467397319214213,0.0386017387435167,0.0378297481939481,0.0441390266965985,0.0141254916870938,-0.1345987920621225,0.1865540319431645,0.2098880597014925,0.2387774594078318,0.2931206380857429,0.1056283731688512,0.1162001888974557,340659.5143,,,,345150.1,54765.11,157452.06,187698.04,,2.0,10.0,1.0,10.0,2.0,0.0,,,,,,0.0,,533200,11.9,6345080.0,0.9270767279644896,U,1.0,52439007.0,52439007.0,93916.0,93952.0,,,,,,,,,,,,,,,,,,,,,,,,,,,,,12.97,10.61,1.0,0.0,1.830528720867988,0.2346229775721546,61.101695,0.01,医药商业,0,0,0,0
20260807,20260810,20260811,002194.SZ,武汉凡谷,6,FULLY_READY,1,1,1,strong_official_opening_auction,10.55,t_opening_auction,raw_train_pool,1.5,0,0.8,pfill_truth_v7_public_buyable_explicit,manual_guidance_0925_public_market_fillability_proxy,09:20:00,09:24:50,10.55,58333060.0,5529200.0,10.55,1,10.55,10.77,9.99,10.0,12.21,9.99,,2194,通信设备,湖北,主板,20071207,10.49,11.1,10.46,11.1,10.0099,10.090000990819917,10.0099,0.0634291315315314,0.0604558909909909,0.039643109009009,615479.52,674562.12315,12.0475,15.2561,3.14,1.4839107706280352e-05,0.0420805255470563,0.0361026547192442,0.0388074169489823,0.0456738526257144,0.0208160715543966,-0.0495283018867924,0.1091517903901714,0.2104689203925844,0.2656784492588369,0.3686806411837238,0.0576576576576575,0.0634291315315314,758447.349,,,,345150.1,54765.11,157452.06,187698.04,,4.0,6.0,1.0,6.0,4.0,0.0,,,,,,0.0,,4032500,10.49,42300925.0,0.9889663918833228,U,1.0,68393249.0,68393249.0,93206.0,93409.0,,,,,,,,,,,,,,,,,,,,,,,,,,,,,11.1,9.08,1.0,0.0,1.855029083750113,0.2158631118639174,67.135593,0.2454420922806225,通信设备,1,0,0,0
20260807,20260810,20260811,603011.SH,合锻智能,7,FULLY_READY,1,1,1,strong_official_opening_auction,23.46,t_opening_auction,raw_train_pool,1.5,0,0.8,pfill_truth_v7_public_buyable_explicit,manual_guidance_0925_public_market_fillability_proxy,09:20:00,09:24:50,23.46,33796054.0,1440582.0,,0,23.46,24.84,22.71,23.95,24.95,20.41,,603011,专用设备,安徽,主板,20141107,20.62,22.68,19.82,22.68,9.9903,20.62000012728395,9.9903,0.1387002901234567,0.0999030061728394,-6.172839461928265e-09,1044633.46,2248253.731,21.1287,30.1938,1.56,4.443582084285664e-06,0.0334079168139938,0.0512503990562633,0.0578223610904337,0.080727912753229,0.0360334036667083,-0.2705570291777188,0.364412793934861,0.1177920157713159,0.3412182140745121,0.2879045996592846,0.1261022927689594,0.1387002901234567,1121331.8592,,,,345150.1,54765.11,157452.06,187698.04,,,,0.0,,,0.0,,,,,,0.0,,312700,20.62,6447874.0,0.9284717818642994,U,2.0,140355180.0,140355180.0,130345.0,142745.0,,,,,,,,,,,,,,,,,,,,,,,,,,,,,22.68,18.56,1.0,0.0,1.54887179905211,0.2151047877415488,60.220339,0.01,专用设备,1,0,0,0
20260807,20260810,20260811,000603.SZ,盛达资源,8,FULLY_READY,1,1,1,strong_official_opening_auction,34.52,t_opening_auction,raw_train_pool,1.5,0,0.8,pfill_truth_v7_public_buyable_explicit,manual_guidance_0925_public_market_fillability_proxy,09:20:00,09:24:50,34.52,74617051.2,2161560.0,,0,34.52,37.78,34.38,37.12,37.87,30.99,,603,贵金属,北京,主板,19960823,31.38,34.43,30.2,34.43,10.0,31.3,10.0,0.1351437699680511,0.097444089456869,0.002555910543131,1127804.9,3615996.16855,16.9158,28.5532,1.67,2.765489655927916e-06,0.0359471989874478,0.0467161089860441,0.0577329515614276,0.0859970998197429,0.0235097105033467,-0.1417395306028532,0.2229821926676277,0.181132075471698,0.3555118110236221,0.3883064516129031,0.1228579726982283,0.1351437699680511,2375564.6442,,,,345150.1,54765.11,157452.06,187698.04,,,,0.0,,,0.0,113039557.06,1.27,28.26,22955044240.37,28.26,0.0,,2835000,31.38,88962300.0,0.9961953075459734,U,0.0,76119049.0,76119049.0,145506.0,145506.0,,,,,,,,,,,,,,,,,,,,,,,,,,,,,34.43,28.17,1.0,0.0,2.1168933204562337,0.2128997982844793,64.59322,0.0164,贵金属,1,0,0,0
20260807,20260810,20260811,600206.SH,有研新材,9,FULLY_READY,1,1,1,strong_official_opening_auction,50.0,t_opening_auction,raw_train_pool,1.5,0,0.8,pfill_truth_v7_public_buyable_explicit,manual_guidance_0925_public_market_fillability_proxy,09:20:00,09:24:50,50.0,88047500.0,1760950.0,50.0,1,50.0,52.99,50.0,52.03,52.99,43.35,,600206,半导体,北京,主板,19990319,46.0,48.17,44.8,48.17,10.0023,43.78999348195447,10.0023,0.076958221091966,0.0495547002283579,0.0504682997716421,917104.93,4287778.276,10.8334,16.1903,0.95,2.332746554546889e-06,0.0645710062436547,0.0827973995353814,0.0800030833053439,0.1056982929322607,0.0285900952182773,-0.3861111111111112,0.4947042896347324,0.2099974880683244,0.3611189601582367,0.0947727272727272,0.0699605563628815,0.076958221091966,4077847.2461,,,,345150.1,54765.11,157452.06,187698.04,,4.0,5.0,1.0,5.0,4.0,0.0,,,,,,0.0,,2617850,46.0,120421100.0,0.9972098922003804,U,0.0,254260528.0,254260528.0,100037.0,100037.0,,,,,,,,,,,,,,,,,,,,,,,,,,,,,48.17,39.41,1.0,0.0,2.640458863705394,0.2098028301318281,66.542373,0.328751396590983,半导体,1,0,0,0
20260807,20260810,20260811,603459.SH,红板科技,10,FULLY_READY,1,1,1,strong_official_opening_auction,106.78,t_opening_auction,raw_train_pool,1.5,0,0.8,pfill_truth_v7_public_buyable_explicit,manual_guidance_0925_public_market_fillability_proxy,09:20:00,09:24:50,106.78,36305200.0,340000.0,,0,106.78,107.69,99.09,102.66,116.14,95.02,,603459,元件,江西,主板,20260408,95.2,105.58,95.15,105.58,10.0021,95.97998583663404,10.0021,0.1086684886342109,0.1081475466944496,-0.0081265466944496,190708.79,1981697.461,24.1245,24.1245,1.07,5.0472386410349245e-06,0.0610063504720111,0.0698571065814691,0.0748868285075984,0.1059485696842352,0.0263891477489702,-0.2160846560846561,0.3173606323412248,0.1532495903877662,0.2364445485419837,0.2555595195623736,0.0987876491759802,0.1086684886342109,7958130.5088,,,,345150.1,54765.11,157452.06,187698.04,,11.0,1.0,1.0,1.0,11.0,0.0,263798858.52,13.31,39.15,8346295167.64,39.15,0.0,,92000,95.2,8758400.0,0.9448319594166138,U,1.0,100096491.0,100096491.0,93918.0,95145.0,,,,,,,,,,,,,,,,,,,,,,,,,,,,,105.58,86.38,1.0,0.0,1.903714626663393,0.2096149355655806,63.033898,0.8363999999999999,元件,1,0,0,0
20260807,20260810,20260811,603137.SH,恒尚节能,11,FULLY_READY,1,1,1,strong_official_opening_auction,28.34,t_opening_auction,raw_train_pool,1.25,0,0.8,pfill_truth_v7_public_buyable_explicit,manual_guidance_0925_public_market_fillability_proxy,09:20:00,09:24:50,28.34,34954556.0,1233400.0,28.34,1,28.34,28.52,25.34,27.58,30.25,24.75,,603137,装修装饰,江苏,主板,20230419,24.5,27.5,24.28,27.5,10.0,25.0,10.0,0.1287999999999999,0.12,-0.0199999999999998,248016.27,666293.546,13.5577,29.7906,0.71,1.500839991627354e-05,0.0464531267574762,0.0659558269549898,0.0771419370896664,0.1136059249278143,0.0237898877461154,-0.3428812131423757,0.4438130379781576,0.0508215513947267,0.1,0.0373443983402488,0.117090909090909,0.1287999999999999,503066.575,,,,345150.1,54765.11,157452.06,187698.04,,,,0.0,,,0.0,,,,,,0.0,,390374,24.5,9564163.0,0.9493975903614458,U,2.0,65894180.0,65894180.0,93601.0,94322.0,,,,,,,,,,,,,,,,,,,,,,,,,,,,,27.5,22.5,1.0,0.0,1.4345246855655551,0.2048878193436962,53.661017,0.01,装修装饰,1,0,0,0
20260807,20260810,20260811,603936.SH,博敏电子,12,FULLY_READY,1,1,1,strong_official_opening_auction,16.48,t_opening_auction,raw_train_pool,1.25,0,0.8,pfill_truth_v7_public_buyable_explicit,manual_guidance_0925_public_market_fillability_proxy,09:20:00,09:24:50,16.48,17257856.0,1047200.0,,0,16.48,16.57,15.01,15.36,17.52,14.34,,603936,元件,广东,主板,20151209,14.49,15.93,14.49,15.93,10.0138,14.480001599799296,10.0138,0.0994475028248587,0.0994475028248587,0.0006904971751413,434369.81,663102.985,6.8904,8.346,0.95,1.5101425007157826e-05,0.0422628687380344,0.0587512543694825,0.0646871587086172,0.0864499718512674,0.0351746340012831,-0.3261851015801355,0.4260468942900359,0.1460431654676257,0.2898785425101216,0.1593886462882094,0.0903954802259886,0.0994475028248587,1028039.364,,,,345150.1,54765.11,157452.06,187698.04,,11.0,1.0,1.0,1.0,11.0,0.0,32845205.25,4.95,56.94,10042240203.72,56.94,0.0,,153300,14.49,2221317.0,0.8469245402663285,U,0.0,55108242.0,55108242.0,101605.0,101605.0,,,,,,,,,,,,,,,,,,,,,,,,,,,,,15.93,13.03,1.0,0.0,2.3346277702692486,0.2042141283626772,56.474576,0.8363999999999999,元件,1,0,0,0
20260807,20260810,20260811,603757.SH,大元泵业,13,FULLY_READY,1,1,1,strong_official_opening_auction,65.05,t_opening_auction,raw_train_pool,1.25,0,0.8,pfill_truth_v7_public_buyable_explicit,manual_guidance_0925_public_market_fillability_proxy,09:20:00,09:24:50,65.05,8144260.0,125200.0,,0,65.05,66.3,61.69,62.7,71.51,58.51,,603757,通用设备,浙江,主板,20170711,59.7,65.01,59.7,65.01,10.0,59.1,10.0,0.0898477157360406,0.0898477157360406,0.0101522842639594,56375.34,361318.954,3.022,5.9725,0.57,2.7676378139852574e-05,0.0500189464694678,0.0689454529359962,0.0597750666738923,0.0948501484041023,0.0318079535161709,-0.3640251572327043,0.4556081774227677,0.1131849315068493,0.2473138910207215,0.1044852191641183,0.0816797415782187,0.0898477157360406,1212743.9973,,,,345150.1,54765.11,157452.06,187698.04,,,,0.0,,,0.0,,,,,,0.0,,10400,59.7,620880.0,0.6941027266962587,U,1.0,80746385.0,80746385.0,93543.0,93701.0,,,,,,,,,,,,,,,,,,,,,,,,,,,,,65.01,53.19,1.0,0.0,1.6239993560283108,0.2018619515194914,43.355932,0.01,通用设备,1,0,0,0
20260807,20260810,20260811,002281.SZ,光迅科技,14,FULLY_READY,1,1,1,strong_official_opening_auction,190.93,t_opening_auction,raw_train_pool,1.25,0,0.8,pfill_truth_v7_public_buyable_explicit,manual_guidance_0925_public_market_fillability_proxy,09:20:00,09:24:50,190.93,158510086.0,830200.0,,0,190.93,194.72,173.74,178.3,212.34,173.74,,2281,通信设备,湖北,主板,20090821,182.0,193.04,181.11,193.04,10.0006,175.48995187298976,10.0006,0.0679811001864897,0.0629095847492747,0.0370964152507253,699830.44,13289069.1789,8.9,14.6441,1.46,7.525433019702135e-07,0.0538006715955251,0.0682661455476196,0.0687430908018252,0.0978606173213122,0.0384383760473977,-0.3460828503970808,0.4532643172463038,0.1252696006995044,0.1941849675224249,0.0334047109207706,0.0618006630750102,0.0679811001864897,15980795.1656,,,,345150.1,54765.11,157452.06,187698.04,,4.0,6.0,1.0,6.0,4.0,0.0,69192622.39,0.52,29.44,151793230454.08,29.44,0.0,,875720,182.0,159381040.0,0.9986049461001902,U,4.0,86211664.0,86211664.0,100727.0,145421.0,,,,,,,,,,,,,,,,,,,,,,,,,,,,,193.04,157.94,1.0,0.0,1.5823921909089689,0.1957636320112895,55.254237,0.2518420922806225,通信设备,1,0,0,0
20260807,20260810,20260811,603328.SH,依顿电子,15,FULLY_READY,1,1,0,strong_opening_auction_limit_up_unconfirmed,,,raw_train_pool,1.25,0,0.8,pfill_truth_v7_public_buyable_explicit,manual_guidance_0925_public_market_fillability_proxy,09:20:00,09:24:50,11.94,30834178.0,2582427.0,,0,11.94,11.94,11.21,11.42,11.94,9.77,,603328,元件,广东,主板,20140701,10.44,10.85,10.44,10.85,10.0406,9.859997128332632,10.0406,0.0415821622119815,0.0415821622119815,0.0588238377880184,137670.86,148161.205,1.3789,3.3615,0.68,6.776807734521327e-05,0.0388172471424167,0.0313459015965841,0.04537533777509,0.0508888478953595,0.0277088432957837,-0.1835748792270531,0.2566590602979269,0.0926485397784491,0.146934460887949,0.2749706227967097,0.0377880184331797,0.0415821622119815,1083310.221,,,,345150.1,54765.11,157452.06,187698.04,,11.0,1.0,1.0,1.0,11.0,0.0,62642412.1,42.28,59.44,10833102329.35,59.44,0.0,,1437400,10.44,15006456.0,0.9656309448319594,U,0.0,126633756.0,126633756.0,93050.0,93050.0,,,,,,,,,,,,,,,,,,,,,,,,,,,,,10.85,8.87,1.0,0.0,2.444466962148785,0.1944278719847436,56.508475,0.8363999999999999,元件,1,0,0,0
20260807,20260810,20260811,002589.SZ,瑞康医药,16,FULLY_READY,1,1,1,strong_official_opening_auction,3.17,t_opening_auction,raw_train_pool,1.25,0,1.0,pfill_truth_v7_public_buyable_explicit,manual_guidance_0925_public_market_fillability_proxy,09:20:00,09:24:50,3.17,29466101.0,9295300.0,,0,3.17,3.34,3.14,3.34,3.34,2.74,0.0,2589,医药商业,山东,主板,20110610,2.74,3.04,2.73,3.04,10.1449,2.760000690000173,10.1449,0.1123188125,0.1086956249999999,-0.007246625,1596280.92,476503.27303,11.6893,14.2816,6.81,2.1290304965777835e-05,0.0406838684132704,0.0323887135070416,0.0304257104948659,0.037232115717561,0.0149362426605131,-0.0842105263157895,0.1295724794711685,0.0974729241877256,0.1054545454545454,0.1647509578544062,0.1019736842105263,0.1123188125,457431.9616,,,,345150.1,54765.11,157452.06,187698.04,,2.0,10.0,1.0,10.0,2.0,0.0,,,,,,0.0,,39200,2.74,107408.0,0.3996195307545973,U,2.0,64612032.0,64612032.0,95130.0,110503.0,,,,,,,,,,,,,,,,,,,,,,,,,,,,,3.04,2.48,1.0,0.0,1.68255573641281,0.1938670504429072,69.474576,0.01,医药商业,0,0,0,0
20260807,20260810,20260811,603186.SH,华正新材,17,FULLY_READY,1,1,1,strong_official_opening_auction,150.0,t_opening_auction,raw_train_pool,1.25,0,0.8,pfill_truth_v7_public_buyable_explicit,manual_guidance_0925_public_market_fillability_proxy,09:20:00,09:24:50,150.0,72360000.0,482400.0,,0,150.0,154.8,141.08,152.0,157.3,128.7,,603186,元件,浙江,主板,20170103,132.3,143.0,132.3,143.0,10.0,130.0,10.0,0.0823076923076922,0.0823076923076922,0.0176923076923077,170182.57,2343854.878,10.8541,17.1426,1.04,4.266475750637323e-06,0.0738547504133498,0.0884120810504977,0.0812728755245734,0.1090195666859347,0.0258139177882233,-0.4429693237670188,0.5500561170798156,0.1985583773363506,0.3241966848782296,0.1485943775100402,0.0748251748251747,0.0823076923076922,2242104.15,,,,345150.1,54765.11,157452.06,187698.04,,11.0,1.0,1.0,1.0,11.0,0.0,,,,,,0.0,,360100,132.3,47641230.0,0.9902346227013316,U,1.0,88367422.0,88367422.0,101613.0,101734.0,,,,,,,,,,,,,,,,,,,,,,,,,,,,,143.0,117.0,1.0,0.0,1.8857027119156105,0.1937605942806678,57.389831,0.83,元件,1,0,0,0
20260807,20260810,20260811,002971.SZ,和远气体,18,FULLY_READY,1,1,1,strong_official_opening_auction,44.93,t_opening_auction,raw_train_pool,1.25,0,0.8,pfill_truth_v7_public_buyable_explicit,manual_guidance_0925_public_market_fillability_proxy,09:20:00,09:24:50,44.93,28139659.0,626300.0,44.93,1,44.93,46.25,42.3,44.38,49.92,40.84,,2971,化学制品,湖北,主板,20200113,43.99,45.38,43.42,45.38,10.0121,41.25000795367056,10.0121,0.0475151423534596,0.0336969631996474,0.0664240368003525,149310.67,672232.16666,9.2737,12.3156,0.98,1.489381272804206e-05,0.0500546921516802,0.0692762153706407,0.0632393137304299,0.0864757802133157,0.0363821866116878,-0.3427640952574802,0.442385595599598,0.2101333333333335,0.365222623345367,0.2123964734170451,0.0431908329660643,0.0475151423534596,955816.25,,,,345150.1,54765.11,157452.06,187698.04,,4.0,4.0,1.0,4.0,4.0,0.0,,,,,,0.0,,820000,43.99,36071800.0,0.9860494610019024,U,1.0,87996358.0,87996358.0,93103.0,134306.0,,,,,,,,,,,,,,,,,,,,,,,,,,,,,45.38,37.13,1.0,0.0,1.885132882107808,0.1902471458938691,60.983051,0.4258611773793213,化学制品,1,0,0,0
20260807,20260810,20260811,600601.SH,方正科技,19,FULLY_READY,1,1,1,strong_official_opening_auction,13.03,t_opening_auction,raw_train_pool,1.25,0,0.8,pfill_truth_v7_public_buyable_explicit,manual_guidance_0925_public_market_fillability_proxy,09:20:00,09:24:50,13.03,87991590.0,6753000.0,13.03,1,13.03,13.36,12.78,13.22,14.16,11.58,,600601,元件,上海,主板,19901219,11.93,12.87,11.73,12.87,10.0,11.699999999999998,10.0,0.0974358974358973,0.0803418803418803,0.0196581196581198,4213320.13,5294323.951,10.1032,14.4532,1.69,1.8888152845484991e-06,0.0430680423272209,0.0676202377541163,0.0667075186947051,0.0887408034818039,0.0348958983714354,-0.3127474267616786,0.4143508438278193,0.2095864661654134,0.4004352557127313,0.2679802955665022,0.0885780885780884,0.0974358974358973,5500307.1123,,,,345150.1,54765.11,157452.06,187698.04,,11.0,1.0,1.0,1.0,11.0,0.0,,,,,,0.0,,6309900,11.93,75277107.0,0.994546607482562,U,13.0,87007377.0,87007377.0,102022.0,142034.0,,,,,,,,,,,,,,,,,,,,,,,,,,,,,12.87,10.53,1.0,0.0,1.4550427105347674,0.1888966481091611,56.627119,0.83,元件,1,0,0,0
20260807,20260810,20260811,000506.SZ,招金黄金,20,FULLY_READY,1,1,1,strong_official_opening_auction,18.27,t_opening_auction,raw_train_pool,1.25,0,1.0,pfill_truth_v7_public_buyable_explicit,manual_guidance_0925_public_market_fillability_proxy,09:20:00,09:24:50,18.27,31491999.0,1723700.0,,0,18.27,19.94,17.8,19.94,19.94,16.32,0.0,506,贵金属,山东,主板,19930312,16.33,18.13,16.2,18.13,10.0121,16.48000538122625,10.0121,0.1171116122448979,0.1092232653061224,-0.0091022653061226,955385.48,1651156.74271,10.2873,15.3544,0.92,6.063688407659835e-06,0.0335921638996425,0.036611075800664,0.0563262002473706,0.081130286713686,0.0290413036466155,-0.181951577402788,0.2673190812967742,0.1606914212548016,0.2486225895316804,0.5058139534883721,0.1064533921676778,0.1171116122448979,1684309.2714,,,,345150.1,54765.11,157452.06,187698.04,,,,0.0,,,0.0,,,,,,0.0,,1321000,16.33,21571930.0,0.9759036144578314,U,0.0,48199747.0,48199747.0,135045.0,135045.0,,,,,,,,,,,,,,,,,,,,,,,,,,,,,18.13,14.83,1.0,0.0,2.074018639827994,0.1797127304494711,60.016949,0.01,贵金属,0,0,0,0
20260807,20260810,20260811,002552.SZ,宝鼎科技,21,FULLY_READY,1,1,0,strong_opening_auction_limit_up_unconfirmed,,,raw_train_pool,1.25,0,1.0,pfill_truth_v7_public_buyable_explicit,manual_guidance_0925_public_market_fillability_proxy,09:20:00,09:24:50,52.36,63921088.0,1220800.0,52.36,1,52.36,52.36,50.53,52.36,52.36,42.84,3.0,2552,元件,浙江,主板,20110225,47.0,47.6,47.0,47.6,10.0069,43.27001306281697,10.0069,0.0138664159663865,0.0138664159663865,0.0862025840336133,44482.0,211156.983,1.2071,3.322,0.26,4.739080781429805e-05,0.0689920769436493,0.0821681084159747,0.0776212960130656,0.0977003128057744,0.0273918859054448,-0.4525773195876289,0.5575905015061394,0.2099644128113877,0.3580599144079888,0.2679808204581779,0.0126050420168067,0.0138664159663865,1846810.028,,,,345150.1,54765.11,157452.06,187698.04,,11.0,1.0,1.0,1.0,11.0,0.0,,,,,,0.0,,785400,47.0,36913800.0,0.9869372225745086,U,0.0,219731120.0,219731120.0,93000.0,93000.0,,,,,,,,,,,,,,,,,,,,,,,,,,,,,47.6,38.94,1.0,0.0,2.587433278026991,0.1740997939781368,52.135593,0.83,元件,0,0,0,0
20260807,20260810,20260811,600267.SH,海正药业,22,FULLY_READY,1,1,1,strong_official_opening_auction,13.87,t_opening_auction,raw_train_pool,1.25,0,0.8,pfill_truth_v7_public_buyable_explicit,manual_guidance_0925_public_market_fillability_proxy,09:20:00,09:24:50,13.87,76010374.0,5480200.0,,0,13.87,14.42,13.7,14.24,14.42,11.8,,600267,化学制药,浙江,主板,20000725,11.9,13.11,11.81,13.11,9.9832,11.92000232762822,9.9832,0.1090603813882531,0.1015100472921433,-0.0016780472921433,569061.5,731855.689,4.8214,7.8288,1.37,1.3640940625386053e-05,0.0469134155222422,0.0378493858322853,0.041941617587222,0.0476650557550879,0.0152814350278466,-0.0849358974358974,0.1421589500509661,0.0915903413821814,0.1321243523316062,0.1340830449826988,0.0991609458428679,0.1090603813882531,1547336.7231,,,,345150.1,54765.11,157452.06,187698.04,,6.0,3.0,1.0,3.0,6.0,0.0,,,,,,0.0,,163200,11.9,1942080.0,0.8343690551680406,U,1.0,90147676.0,90147676.0,93748.0,93857.0,,,,,,,,,,,,,,,,,,,,,,,,,,,,,13.11,10.73,1.0,0.0,1.88843658476412,0.1738346543418104,46.694915,0.5394931282264485,化学制药,1,0,0,0
20260807,20260810,20260811,002741.SZ,光华科技,23,FULLY_READY,1,1,1,strong_official_opening_auction,26.16,t_opening_auction,raw_train_pool,1.25,0,0.8,pfill_truth_v7_public_buyable_explicit,manual_guidance_0925_public_market_fillability_proxy,09:20:00,09:24:50,26.16,12219336.0,467100.0,,0,26.16,26.42,24.5,25.16,28.93,23.67,,2741,电子化学,广东,主板,20150216,24.0,26.3,23.99,26.3,9.9958,23.91000383651012,9.9958,0.0966122806083651,0.0961940456273764,0.0037639543726235,347743.01,878841.12933,8.0865,11.6933,1.33,1.1373841831481502e-05,0.0440016567849963,0.0559347963704654,0.0616306849106946,0.0772643027381886,0.0297270510334353,-0.3189830508474576,0.4103407867915876,0.1479703186381493,0.2607861936720999,0.2009132420091326,0.0878326996197719,0.0966122806083651,1232424.049,,,,345150.1,54765.11,157452.06,187698.04,,,,0.0,,,0.0,,,,,,0.0,,136300,24.0,3271200.0,0.881293595434369,U,0.0,123062697.0,123062697.0,130106.0,130106.0,,,,,,,,,,,,,,,,,,,,,,,,,,,,,26.3,21.52,1.0,0.0,2.188983013655746,0.1735711049689544,55.491525,0.01,电子化学,1,0,0,0
20260807,20260810,20260811,600651.SH,飞乐音响,24,FULLY_READY,1,1,1,strong_official_opening_auction,6.58,t_opening_auction,raw_train_pool,1.25,0,0.8,pfill_truth_v7_public_buyable_explicit,manual_guidance_0925_public_market_fillability_proxy,09:20:00,09:24:50,6.58,8266454.0,1256300.0,,0,6.58,6.67,6.29,6.34,7.04,5.76,,600651,汽车零部件,上海,主板,19901219,5.84,6.4,5.82,6.4,9.9656,5.820001891500615,9.9656,0.099656325,0.0962199,0.0034360999999999,431429.74,266221.505,1.7209,4.8308,2.25,3.7433489830207366e-05,0.0402820236455129,0.0309422327705543,0.0342206303682615,0.0422642320935792,0.0210981594563329,-0.0836363636363636,0.1389551534609581,0.0738255033557047,0.1573236889692586,0.26984126984127,0.090625,0.099656325,1604497.92,,,,345150.1,54765.11,157452.06,187698.04,,3.0,7.0,1.0,7.0,3.0,0.0,,,,,,0.0,,70900,5.84,414056.0,0.6287888395688015,U,1.0,62529990.0,62529990.0,104833.0,104915.0,,,,,,,,,,,,,,,,,,,,,,,,,,,,,6.4,5.24,1.0,0.0,1.8460250851162772,0.1706129306716846,39.135593,0.1736599148755986,汽车零部件,1,0,0,0
20260807,20260810,20260811,600500.SH,中化国际,25,FULLY_READY,1,1,1,strong_official_opening_auction,5.52,t_opening_auction,raw_train_pool,1.25,0,0.8,pfill_truth_v7_public_buyable_explicit,manual_guidance_0925_public_market_fillability_proxy,09:20:00,09:24:50,5.52,22740490.0,4119654.0,,0,5.52,5.53,5.16,5.31,6.06,4.96,,600500,化学制品,上海,主板,20000301,5.0,5.51,4.91,5.51,9.98,5.010001818512456,9.98,0.1197604355716877,0.1017963702359346,-0.0019963702359344,1529387.16,811470.636,4.2621,9.3269,1.81,1.229865821047405e-05,0.0352631215081123,0.0425732014581503,0.0540673307530159,0.0633419760606845,0.0246018065931141,-0.2815999999999999,0.3602691373461301,0.1086519114688129,0.2030567685589519,0.1698513800424628,0.1088929219600725,0.1197604355716877,1977156.7713,,,,345150.1,54765.11,157452.06,187698.04,,4.0,4.0,1.0,4.0,4.0,0.0,,,,,,0.0,,219800,5.0,1099000.0,0.7703233988585922,U,1.0,90644470.0,90644470.0,103158.0,103604.0,,,,,,,,,,,,,,,,,,,,,,,,,,,,,5.51,4.51,1.0,0.0,1.889199493668076,0.1687140518700982,48.050847,0.4258611773793213,化学制品,1,0,0,0
20260807,20260810,20260811,600664.SH,哈药股份,26,FULLY_READY,1,1,0,strong_opening_auction_limit_up_unconfirmed,,,raw_train_pool,1.25,0,1.0,pfill_truth_v7_public_buyable_explicit,manual_guidance_0925_public_market_fillability_proxy,09:20:00,09:24:50,7.52,88934227.0,11826360.0,,0,7.52,7.52,7.4,7.52,7.52,6.16,1.0,600664,化学制药,黑龙江,主板,19930629,6.65,6.84,6.45,6.84,9.9678,6.220002582574172,9.9678,0.0627009385964911,0.030546611111111,0.0691313888888889,2697082.37,1806257.753,10.709,20.0486,0.58,5.518481503232058e-06,0.0631594828155739,0.055041132203052,0.0612764219337206,0.1061323354585667,0.0361320552905692,-0.1066666666666665,0.2040751438909564,0.0103397341211226,0.1612903225806452,0.2666666666666666,0.057017543859649,0.0627009385964911,1722660.7716,,,,345150.1,54765.11,157452.06,187698.04,,6.0,3.0,1.0,3.0,6.0,0.0,,,,,,0.0,,18186100,6.65,120937565.0,0.9973367152821814,U,0.0,357324247.0,357324247.0,93328.0,93328.0,,,,,,,,,,,,,,,,,,,,,,,,,,,,,6.84,5.6,1.0,0.0,2.798730157038003,0.1665755583649987,55.627119,0.5394931282264485,化学制药,0,0,0,0
20260807,20260810,20260811,002443.SZ,金洲管道,27,FULLY_READY,1,1,1,strong_official_opening_auction,9.29,t_opening_auction,raw_train_pool,1.25,0,0.8,pfill_truth_v7_public_buyable_explicit,manual_guidance_0925_public_market_fillability_proxy,09:20:00,09:24:50,9.29,13566187.0,1460300.0,9.29,1,9.29,9.37,8.85,9.13,10.26,8.4,,2443,特钢Ⅱ,浙江,主板,20100706,8.79,9.33,8.7,9.33,10.0236,8.479998836613236,10.0236,0.0742924630225081,0.0636792540192927,0.0365567459807072,125632.0,115035.44,2.4135,3.0644,0.74,8.713488643152058e-05,0.035192201687777,0.0312528379583213,0.0362021360389942,0.0491532511991055,0.0217627071469143,-0.1510869565217391,0.2090517997076477,0.1107142857142857,0.1677096370463078,0.1946222791293215,0.0675241157556271,0.0742924630225081,485659.6215,,,,345150.1,54765.11,157452.06,187698.04,,,,0.0,,,0.0,,,,,,0.0,,460700,8.79,4049553.0,0.8991756499682942,U,0.0,69681105.0,69681105.0,93221.0,93221.0,,,,,,,,,,,,,,,,,,,,,,,,,,,,,9.33,7.63,1.0,0.0,2.1070067984757594,0.1658166192688086,52.610169,0.01,特钢Ⅱ,1,0,0,0
20260807,20260810,20260811,603773.SH,沃格光电,28,FULLY_READY,1,1,1,strong_official_opening_auction,98.82,t_opening_auction,raw_train_pool,1.25,0,0.8,pfill_truth_v7_public_buyable_explicit,manual_guidance_0925_public_market_fillability_proxy,09:20:00,09:24:50,98.82,55625778.0,562900.0,98.82,1,98.82,99.4,90.26,95.63,104.58,85.56,,603773,光学光电,江西,主板,20180417,93.06,95.07,91.78,95.07,9.9965,86.43002277345187,9.9965,0.0380654764910065,0.0232558078258124,0.0767091921741876,218904.74,2058335.11,9.743,15.7555,1.56,4.856594998275086e-06,0.0624318574046559,0.0811400749225781,0.0769327649589222,0.1013978739533643,0.0319053241509235,-0.4085610200364299,0.5173991091462758,0.2100038182512409,0.3818313953488372,0.1901602403605407,0.0346060797307246,0.0380654764910065,2136760.9962,,,,345150.1,54765.11,157452.06,187698.04,,,,0.0,,,0.0,,,,,,0.0,,694300,93.06,64611558.0,0.9928979074191504,U,3.0,109572928.0,109572928.0,93110.0,100316.0,,,,,,,,,,,,,,,,,,,,,,,,,,,,,95.07,77.79,1.0,0.0,1.4182672544428638,0.1652885251700086,55.118644,0.01,光学光电,1,0,0,0
20260807,20260810,20260811,600641.SH,先导基电,29,FULLY_READY,1,1,1,strong_official_opening_auction,33.4,t_opening_auction,raw_train_pool,1.25,0,1.0,pfill_truth_v7_public_buyable_explicit,manual_guidance_0925_public_market_fillability_proxy,09:20:00,09:24:50,33.4,78586860.0,2352900.0,,0,33.4,34.41,33.0,34.41,34.41,28.15,0.0,600641,半导体,上海,主板,19930407,28.44,31.28,28.1,31.28,9.9859,28.44000912844283,9.9859,0.1118143101023017,0.0998593209718669,-3.209718670921928e-07,798330.28,2390774.159,8.5784,11.3277,0.89,4.1768478893785805e-06,0.0727584706191986,0.071973705216088,0.0699313104951518,0.104119850568782,0.0337248354316877,-0.4167912306925759,0.5204473766194154,0.1768246802106847,0.2026143790849672,0.0249017038007863,0.1016624040920716,0.1118143101023017,2961796.5352,,,,345150.1,54765.11,157452.06,187698.04,,4.0,5.0,1.0,5.0,4.0,0.0,-40372300.47,-0.55,32.74,29110103897.6,32.74,0.0,,591400,28.44,16819416.0,0.9696892834495878,U,1.0,117433878.0,117433878.0,105032.0,112320.0,,,,,,,,,,,,,,,,,,,,,,,,,,,,,31.28,25.6,1.0,0.0,1.93033903620462,0.165118806066394,49.711864,0.3351513965909831,半导体,0,0,0,0
20260807,20260810,20260811,603124.SH,江南新材,30,FULLY_READY,1,1,1,strong_official_opening_auction,141.65,t_opening_auction,raw_train_pool,1.25,0,0.8,pfill_truth_v7_public_buyable_explicit,manual_guidance_0925_public_market_fillability_proxy,09:20:00,09:24:50,141.65,8782300.0,62000.0,,0,141.65,144.97,137.01,141.11,155.83,127.49,,603124,金属新材,江西,主板,20250320,128.8,141.66,128.18,141.66,10.0016,128.77994501898152,10.0016,0.1046746836086403,0.0998602693773823,0.0001557306226177,97131.3,1338197.849,12.5155,12.5155,1.54,7.473932204773705e-06,0.0614149119442431,0.0805538314793068,0.0759712377862476,0.0978751665416275,0.0305102764969606,-0.3143448275862068,0.4208263418694151,0.1934288121314236,0.3275231937025584,0.1707438016528926,0.0951574191726668,0.1046746836086403,2064626.5032,,,,345150.1,54765.11,157452.06,187698.04,,,,0.0,,,0.0,,,,,,0.0,,86500,128.8,11141200.0,0.9549778059606848,U,7.0,13556862.0,13556862.0,130308.0,144435.0,,,,,,,,,,,,,,,,,,,,,,,,,,,,,141.66,115.9,1.0,0.0,1.1458187915504163,0.1648762261516605,53.711864,0.01,金属新材,1,0,0,0
20260807,20260810,20260811,001267.SZ,汇绿生态,31,FULLY_READY,1,1,1,strong_official_opening_auction,45.19,t_opening_auction,raw_train_pool,1.25,0,0.8,pfill_truth_v7_public_buyable_explicit,manual_guidance_0925_public_market_fillability_proxy,09:20:00,09:24:50,45.19,39586440.0,876000.0,45.19,1,45.19,45.29,41.83,42.97,46.96,38.42,,1267,通信设备,湖北,主板,20211117,41.01,42.69,39.59,42.69,9.9974,38.81000823655832,9.9974,0.0798763035839773,0.0432878032326071,0.0566861967673928,721009.24,2972378.04959,11.8479,18.6338,1.82,3.3634348771277627e-06,0.0490168974500434,0.0815255810103179,0.0747151440361841,0.0957632371265846,0.0323113847017155,-0.3639136555607696,0.4709401842986693,0.2100340136054421,0.43158953722334,0.3770967741935482,0.0726165378308736,0.0798763035839773,3351179.9415,,,,345150.1,54765.11,157452.06,187698.04,,4.0,6.0,1.0,6.0,4.0,0.0,252748739.07,8.5,44.83,25979279461.02,44.83,0.0,,1721800,41.01,70611018.0,0.9941661382371592,U,7.0,88981755.0,88981755.0,112715.0,142851.0,,,,,,,,,,,,,,,,,,,,,,,,,,,,,42.69,34.93,1.0,0.0,1.511646121287893,0.1633610908278862,58.864407,0.2518420922806225,通信设备,1,0,0,0
20260807,20260810,20260811,601865.SH,福莱特,32,FULLY_READY,1,1,1,strong_official_opening_auction,11.47,t_opening_auction,raw_train_pool,1.25,0,0.8,pfill_truth_v7_public_buyable_explicit,manual_guidance_0925_public_market_fillability_proxy,09:20:00,09:24:50,11.47,16205963.0,1412900.0,,0,11.47,11.7,11.02,11.18,12.93,10.58,,601865,光伏设备,浙江,主板,20190215,10.8,11.75,10.8,11.75,10.0187,10.680002581379346,10.0187,0.088951289361702,0.088951289361702,0.011235710638298,490874.28,561153.802,2.5822,6.1279,1.63,1.785375054805385e-05,0.0557581256819515,0.0412906348582992,0.0369116362403661,0.0446245557784062,0.0158792962086029,-0.0387038703870387,0.0914948028360077,0.0750228728270814,0.1656746031746032,0.25,0.0808510638297871,0.088951289361702,2752884.5875,,,,345150.1,54765.11,157452.06,187698.04,,,,0.0,,,0.0,85921984.13,15.31,37.51,22337050130.25,37.51,0.0,,202000,10.8,2181600.0,0.845149017121116,U,0.0,69810122.0,69810122.0,95738.0,95738.0,,,,,,,,,,,,,,,,,,,,,,,,,,,,,11.75,9.61,1.0,0.0,2.1072049253010867,0.1627689421106174,57.050847,0.0164,光伏设备,1,0,0,0
20260807,20260810,20260811,600110.SH,诺德股份,33,FULLY_READY,1,1,1,strong_official_opening_auction,10.8,t_opening_auction,raw_train_pool,1.25,0,0.8,pfill_truth_v7_public_buyable_explicit,manual_guidance_0925_public_market_fillability_proxy,09:20:00,09:24:50,10.8,43945200.0,4069000.0,,0,10.8,10.89,10.12,10.41,11.51,9.41,,600110,电池,吉林,主板,19971007,9.51,10.46,9.35,10.46,9.9895,9.509998681692345,9.9895,0.1167192590822181,0.0998948613766731,1.3862332697844746e-07,1215130.16,1209763.718,7.0029,9.9847,0.93,8.257397582161576e-06,0.0312786980421177,0.053914210816118,0.0615685305240019,0.0784522719668215,0.0243907228368402,-0.3393739703459638,0.425333223706806,0.1175213675213677,0.2818627450980393,0.2022988505747127,0.1061185468451244,0.1167192590822181,1814999.2214,,,,345150.1,54765.11,157452.06,187698.04,,,,0.0,,,0.0,,,,,,0.0,,475200,9.51,4519152.0,0.9065313887127456,U,0.0,166127686.0,166127686.0,100911.0,100911.0,,,,,,,,,,,,,,,,,,,,,,,,,,,,,10.46,8.56,1.0,0.0,2.255116387965522,0.1579998328050946,52.813559,0.01,电池,1,0,0,0
20260807,20260810,20260811,601208.SH,东材科技,34,FULLY_READY,1,1,1,strong_official_opening_auction,47.21,t_opening_auction,raw_train_pool,1.25,0,0.8,pfill_truth_v7_public_buyable_explicit,manual_guidance_0925_public_market_fillability_proxy,09:20:00,09:24:50,47.21,118483079.0,2509703.0,,0,47.21,47.48,43.6,45.38,50.53,41.35,,601208,塑料,四川,主板,20110520,42.39,45.94,41.5,45.94,10.0096,41.75999185525627,10.0096,0.1063218598171527,0.0850095951240748,0.0150864048759251,1121555.1,4979797.228,11.1025,14.4374,1.63,2.010041682765481e-06,0.0594056577636923,0.0773086593942731,0.0747359530047063,0.095853466447634,0.0244872228795001,-0.3975903614457832,0.4968135373299897,0.1680650902618865,0.3381881736090883,0.1011505273250239,0.0966478014801915,0.1063218598171527,4640780.2426,,,,345150.1,54765.11,157452.06,187698.04,,,,0.0,,,0.0,,,,,,0.0,,375100,42.39,15900489.0,0.967406467977172,U,5.0,13060742.0,13060742.0,131746.0,150000.0,,,,,,,,,,,,,,,,,,,,,,,,,,,,,45.94,37.58,1.0,0.0,1.186723584350993,0.1564532692220227,56.745763,0.01,塑料,1,0,0,0
20260807,20260810,20260811,603127.SH,昭衍新药,35,FULLY_READY,1,1,1,strong_official_opening_auction,53.0,t_opening_auction,raw_train_pool,1.25,0,0.8,pfill_truth_v7_public_buyable_explicit,manual_guidance_0925_public_market_fillability_proxy,09:20:00,09:24:50,53.0,62646000.0,1182000.0,,0,53.0,55.45,51.21,52.8,55.98,45.8,,603127,医疗服务,北京,主板,20170825,46.2,50.89,46.2,50.89,10.0086,46.26001967118935,10.0086,0.1013834415405776,0.1013834415405776,-0.0012974415405777,595284.88,2888425.195,9.4833,14.8521,1.28,3.465071561252601e-06,0.0437775300858835,0.0660542189959413,0.0626514153705224,0.0893234447322587,0.035704201395833,-0.2478873239436619,0.3462429407100175,0.0991360691144709,0.2250842561386616,0.1243923994697304,0.092159559834938,0.1013834415405776,3813432.9898,,,,345150.1,54765.11,157452.06,187698.04,,8.0,2.0,1.0,2.0,8.0,0.0,,,,,,0.0,,147200,46.2,6800640.0,0.9316423589093216,U,0.0,79543919.0,79543919.0,140729.0,140729.0,,,,,,,,,,,,,,,,,,,,,,,,,,,,,50.89,41.63,1.0,0.0,2.3721527716933477,0.1560031082871464,62.338983,0.6729057079444091,医疗服务,1,0,0,0
20260807,20260810,20260811,600183.SH,生益科技,36,FULLY_READY,1,1,1,strong_official_opening_auction,141.98,t_opening_auction,raw_train_pool,1.25,0,0.8,pfill_truth_v7_public_buyable_explicit,manual_guidance_0925_public_market_fillability_proxy,09:20:00,09:24:50,141.98,239420874.0,1686300.0,,0,141.98,143.48,134.39,138.57,153.98,125.98,,600183,元件,广东,主板,19981028,131.0,139.98,130.98,139.98,10.0039,127.2500338624358,10.0039,0.0707268966995285,0.0705697258179739,0.029469274182026,783085.13,10729352.256,3.247,6.4328,1.09,9.323862020100686e-07,0.0525155430075366,0.0722570235326004,0.0743090845000294,0.0979396296386912,0.0293369154449222,-0.3434363314308207,0.4470823313757724,0.1399951136085999,0.3250662627792502,0.179176143543088,0.0642948992713244,0.0707268966995285,34001193.7926,,,,345150.1,54765.11,157452.06,187698.04,,11.0,1.0,1.0,1.0,11.0,0.0,,,,,,0.0,,924000,131.0,121044000.0,0.9974635383639824,U,6.0,159989721.0,159989721.0,102035.0,150000.0,,,,,,,,,,,,,,,,,,,,,,,,,,,,,139.98,114.53,1.0,0.0,1.63854767593982,0.1517944186572265,53.0,0.83,元件,1,0,0,0
20260807,20260810,20260811,000739.SZ,普洛药业,37,FULLY_READY,1,1,1,strong_official_opening_auction,24.37,t_opening_auction,raw_train_pool,1.25,0,0.8,pfill_truth_v7_public_buyable_explicit,manual_guidance_0925_public_market_fillability_proxy,09:20:00,09:24:50,24.37,23917814.65,981445.0,,0,24.37,24.85,22.92,23.25,25.75,21.07,,739,化学制药,浙江,主板,19970509,21.16,23.41,20.92,23.41,10.0094,21.279999709115767,10.0094,0.1170112797949593,0.1057330841520717,-0.0056390841520717,420446.21,946186.05195,3.6309,7.6461,1.8,1.0578680566439944e-05,0.0566042927661012,0.0497669130797932,0.0450203919065447,0.0589760795331378,0.0187535062183528,-0.069047619047619,0.1328215171725167,0.0699268738574041,0.1577645895153314,0.1895325203252031,0.1063648013669371,0.1170112797949593,2711916.4676,,,,345150.1,54765.11,157452.06,187698.04,,6.0,3.0,1.0,3.0,6.0,0.0,,,,,,0.0,,170105,21.16,3599421.8,0.8906785034876348,U,0.0,42774307.0,42774307.0,112221.0,112221.0,,,,,,,,,,,,,,,,,,,,,,,,,,,,,23.41,19.15,1.0,0.0,2.315686984284897,0.1505158232341286,55.288136,0.5394931282264485,化学制药,1,0,0,0
20260807,20260810,20260811,603567.SH,珍宝岛,38,FULLY_READY,1,1,1,strong_official_opening_auction,7.08,t_opening_auction,raw_train_pool,1.25,0,0.8,pfill_truth_v7_public_buyable_explicit,manual_guidance_0925_public_market_fillability_proxy,09:20:00,09:24:50,7.08,27954913.0,3948434.0,,0,7.08,7.4,7.0,7.06,7.79,6.37,,603567,中药Ⅱ,黑龙江,主板,20150424,6.32,7.08,6.28,7.08,9.9379,6.439999308700639,9.9379,0.124223615819209,0.1180124350282485,-0.0186334350282484,1324173.38,918982.605,14.0959,27.9369,1.82,1.0814024058703484e-05,0.057748766238529,0.0626812137864703,0.0652320910265043,0.1080262622901853,0.0284097831299895,-0.1191860465116279,0.2128279206681218,0.0727272727272727,0.147487844408428,0.2102564102564104,0.1129943502824858,0.124223615819209,665686.5924,,,,345150.1,54765.11,157452.06,187698.04,,,,0.0,,,0.0,,,,,,0.0,,620900,6.32,3924088.0,0.8967660114140774,U,1.0,94015886.0,94015886.0,94203.0,110824.0,,,,,,,,,,,,,,,,,,,,,,,,,,,,,7.08,5.8,1.0,0.0,1.644376857495615,0.1500769404848153,57.949153,0.01,中药Ⅱ,1,0,0,0
20260807,20260810,20260811,605289.SH,罗曼股份,39,FULLY_READY,1,1,1,strong_official_opening_auction,105.0,t_opening_auction,raw_train_pool,1.25,0,0.8,pfill_truth_v7_public_buyable_explicit,manual_guidance_0925_public_market_fillability_proxy,09:20:00,09:24:50,105.0,2992500.0,28500.0,,0,105.0,107.68,99.7,103.1,114.94,94.04,,605289,专业工程,上海,主板,20210426,94.96,104.49,94.23,104.49,10.0011,94.98995919131715,10.0011,0.1080114160206717,0.1003263932433725,-0.0003153932433725,49310.77,488524.439,3.2356,6.413,1.05,2.0472056670229344e-05,0.0488888333463241,0.0719262195811772,0.0615640169236911,0.0885642758674436,0.0301862931114077,-0.3438552188552188,0.4356055288903178,0.138235294117647,0.218542274052478,0.0554545454545454,0.0981912144702841,0.1080114160206717,1594627.1145,,,,345150.1,54765.11,157452.06,187698.04,,2.0,9.0,1.0,9.0,2.0,0.0,,,,,,0.0,,6500,94.96,617240.0,0.6932149651236525,U,0.0,72323589.0,72323589.0,143144.0,143144.0,,,,,,,,,,,,,,,,,,,,,,,,,,,,,104.49,85.49,1.0,0.0,2.361064767316286,0.1500665508252151,48.847458,0.0573942950693908,专业工程,1,0,0,0
20260807,20260810,20260811,002943.SZ,宇晶股份,40,FULLY_READY,1,1,1,strong_official_opening_auction,37.09,t_opening_auction,raw_train_pool,1.25,0,0.8,pfill_truth_v7_public_buyable_explicit,manual_guidance_0925_public_market_fillability_proxy,09:20:00,09:24:50,37.09,8923854.0,240600.0,37.09,1,37.09,37.66,34.45,35.19,39.56,32.36,,2943,通用设备,湖南,主板,20181129,32.91,35.96,32.02,35.96,10.0031,32.68998782761577,10.0031,0.1205261996662958,0.093300738320356,0.0067302616796439,158443.35,542657.57931,8.3898,9.6262,1.5,1.843353964155286e-05,0.0300525129844508,0.0565845715999986,0.0599586373241343,0.0871179027234533,0.0300458717176612,-0.3431789737171465,0.4331834827589421,0.1626252828968639,0.3313587560162903,0.1895468078068145,0.1095661846496106,0.1205261996662958,959542.256,,,,345150.1,54765.11,157452.06,187698.04,,,,0.0,,,0.0,-94213025.48,-7.36,40.15,6791125831.2,40.15,0.0,,58200,32.91,1915362.0,0.8322130627774255,U,0.0,62128163.0,62128163.0,133236.0,133236.0,,,,,,,,,,,,,,,,,,,,,,,,,,,,,35.96,29.42,1.0,0.0,2.095408013661812,0.1496508628657284,57.322034,0.0164,通用设备,1,0,0,0
20260807,20260810,20260811,002792.SZ,通宇通讯,41,FULLY_READY,1,1,1,strong_official_opening_auction,36.54,t_opening_auction,raw_train_pool,1.25,0,0.8,pfill_truth_v7_public_buyable_explicit,manual_guidance_0925_public_market_fillability_proxy,09:20:00,09:24:50,36.54,143172416.52,3918238.0,36.54,1,36.54,36.63,33.66,34.1,40.91,33.47,,2792,通信设备,广东,主板,20160328,37.19,37.19,37.19,37.19,9.997,33.81001300035456,9.997,0.0,0.0,0.0999699999999998,82807.38,307960.64622,2.4512,2.9921,0.27,3.246193993520319e-05,0.0122991294583503,0.0588323027097802,0.0648986988488408,0.0787411118798769,0.0272285829955686,-0.271640826873385,0.3637681087177944,0.2098243331164606,0.5652356902356901,0.5198201879852882,0.0,0.0,1948146.084,,,,345150.1,54765.11,157452.06,187698.04,,4.0,6.0,1.0,6.0,4.0,0.0,62107204.59,1.84,39.1,12563692485.58,39.1,0.0,,1790406,37.19,66585199.14,0.9936588459099556,U,0.0,305090470.0,305090470.0,92500.0,92500.0,,,,,,,,,,,,,,,,,,,,,,,,,,,,,37.19,30.43,1.0,0.0,2.718516600593013,0.1453088608729271,48.40678,0.2518420922806225,通信设备,1,0,0,0
20260807,20260810,20260811,605287.SH,德才股份,42,FULLY_READY,1,1,1,strong_official_opening_auction,39.95,t_opening_auction,raw_train_pool,1.25,0,0.8,pfill_truth_v7_public_buyable_explicit,manual_guidance_0925_public_market_fillability_proxy,09:20:00,09:24:50,39.95,4526335.0,113300.0,39.95,1,39.95,39.95,37.79,39.08,45.02,36.84,,605287,装修装饰,山东,主板,20210706,37.18,40.93,35.22,40.93,9.9973,37.21000424555875,9.9973,0.1534533552406548,0.1007793488883459,-0.0008063488883458,96598.0,367718.328,6.8999,12.5927,1.38,2.7187385666563785e-05,0.0541958263647957,0.054029882408788,0.0609011122767574,0.0902559619257647,0.030880868102434,-0.2296087957044233,0.3213907760836148,0.1092140921409214,0.1788594470046083,0.3584467308330568,0.1395064744686049,0.1534533552406548,573020.0,,,,345150.1,54765.11,157452.06,187698.04,,,,0.0,,,0.0,-1170714.2,-0.32,43.74,5730200000.0,43.74,0.0,,29500,37.18,1096810.0,0.7700697526949905,U,0.0,24864975.0,24864975.0,144239.0,144239.0,,,,,,,,,,,,,,,,,,,,,,,,,,,,,40.93,33.49,1.0,0.0,2.0381842591177306,0.1419079550098207,47.220339,0.0164,装修装饰,1,0,0,0
20260807,20260810,20260811,002913.SZ,奥士康,43,FULLY_READY,1,1,1,strong_official_opening_auction,55.43,t_opening_auction,raw_train_pool,1.25,0,0.8,pfill_truth_v7_public_buyable_explicit,manual_guidance_0925_public_market_fillability_proxy,09:20:00,09:24:50,55.43,8092780.0,146000.0,,0,55.43,55.98,54.01,55.33,60.96,49.88,,2913,元件,湖南,主板,20171201,50.1,55.42,50.05,55.42,10.004,50.37998618232065,10.004,0.1065899458679178,0.1055974882713821,-0.0055574882713822,67836.22,362154.84786,2.2209,6.5581,0.79,2.762354296543145e-05,0.0265875550229567,0.0622107453490476,0.0665124828206682,0.0913460742700232,0.0268332531895236,-0.2717370533154978,0.3650827893256897,0.1565108514190316,0.4051724137931036,0.2293700088731145,0.0968964272825695,0.1065899458679178,1758811.9132,,,,345150.1,54765.11,157452.06,187698.04,,11.0,1.0,1.0,1.0,11.0,0.0,-39650924.93,-2.81,46.57,16927425168.08,46.57,0.0,,18200,50.1,911820.0,0.7467343056436272,U,0.0,41906608.0,41906608.0,104906.0,104906.0,,,,,,,,,,,,,,,,,,,,,,,,,,,,,55.42,45.34,1.0,0.0,2.314354489743793,0.1405269706443341,45.084746,0.8363999999999999,元件,1,0,0,0
20260807,20260810,20260811,002762.SZ,金发拉比,44,FULLY_READY,1,1,1,strong_official_opening_auction,10.06,t_opening_auction,raw_train_pool,1.25,0,0.8,pfill_truth_v7_public_buyable_explicit,manual_guidance_0925_public_market_fillability_proxy,09:20:00,09:24:50,10.06,5015916.0,498600.0,,0,10.06,10.16,9.37,9.37,11.45,9.37,,2762,服装家纺,广东,主板,20150610,9.4,10.41,9.4,10.41,10.0423,9.4599985641885,10.0423,0.106765343900096,0.106765343900096,-0.0063423439000961,187663.94,191682.32779,8.8781,11.4255,2.05,5.239032787102819e-05,0.0300792200536492,0.0300086110867198,0.0427108104192842,0.0683189177446867,0.0215911996436897,-0.1219195849546044,0.1862215950175784,0.1241900647948164,0.2261484098939929,0.3045112781954886,0.0970220941402497,0.106765343900096,368540.025,,,,345150.1,54765.11,157452.06,187698.04,,,,0.0,,,0.0,,,,,,0.0,,50000,9.4,470000.0,0.6475586556753329,U,1.0,7965013.0,7965013.0,100903.0,102930.0,,,,,,,,,,,,,,,,,,,,,,,,,,,,,10.41,8.51,1.0,0.0,1.5122315876154349,0.1365097385807003,59.169492,0.01,服装家纺,1,0,0,0
20260807,20260810,20260811,002900.SZ,哈三联,45,FULLY_READY,1,1,1,strong_official_opening_auction,14.3,t_opening_auction,raw_train_pool,1.25,0,1.0,pfill_truth_v7_public_buyable_explicit,manual_guidance_0925_public_market_fillability_proxy,09:20:00,09:24:50,14.3,21307000.0,1490000.0,,0,14.3,14.83,14.27,14.83,14.83,12.13,12.0,2900,化学制药,黑龙江,主板,20170922,12.26,13.48,12.26,13.48,10.0408,12.250001817507687,10.0408,0.099591821958457,0.099591821958457,0.000816178041543,316626.9,414891.61006,19.6513,28.9246,1.29,2.4201019631483848e-05,0.0572114617750783,0.0622824993571979,0.0685720131714578,0.0990031716151615,0.0350440704165775,-0.1742361684558215,0.277852252043857,0.060582218725413,0.176265270506108,0.1824561403508771,0.0905044510385757,0.099591821958457,426446.0008,,,,345150.1,54765.11,157452.06,187698.04,,6.0,3.0,1.0,3.0,6.0,0.0,,,,,,0.0,,220600,12.26,2704556.0,0.8664552948636652,U,0.0,77829476.0,77829476.0,94854.0,94854.0,,,,,,,,,,,,,,,,,,,,,,,,,,,,,13.48,11.03,1.0,0.0,2.369519962460497,0.1347075635996904,72.305085,0.5394931282264485,化学制药,0,0,0,0
20260807,20260810,20260811,002631.SZ,德尔未来,46,FULLY_READY,1,1,1,strong_official_opening_auction,8.7,t_opening_auction,raw_train_pool,1.25,0,0.8,pfill_truth_v7_public_buyable_explicit,manual_guidance_0925_public_market_fillability_proxy,09:20:00,09:24:50,8.7,8127540.0,934200.0,8.7,1,8.7,9.2,8.6,9.16,9.55,7.81,,2631,家居用品,江苏,主板,20111111,7.93,8.68,7.89,8.68,10.0127,7.889998154758495,10.0127,0.1001267661290322,0.0950570564516129,0.0050699435483871,317301.04,261976.00541,3.9984,8.4583,1.07,3.82199124852287e-05,0.0254647743984766,0.0438394107535967,0.0568135411075414,0.0782485737623345,0.0284163041556498,-0.3205849268841395,0.4058147721473308,0.1682368775235532,0.3669291338582676,0.4370860927152318,0.0910138248847926,0.1001267661290322,692041.5572,,,,345150.1,54765.11,157452.06,187698.04,,,,0.0,,,0.0,,,,,,0.0,,240500,7.93,1907165.0,0.8319594166138237,U,0.0,82611683.0,82611683.0,111748.0,111748.0,,,,,,,,,,,,,,,,,,,,,,,,,,,,,8.68,7.1,1.0,0.0,2.12686382792759,0.1339577191063911,58.101695,0.01,家居用品,1,0,0,0
20260807,20260810,20260811,002742.SZ,冀衡医药,47,FULLY_READY,1,1,1,strong_official_opening_auction,4.17,t_opening_auction,raw_train_pool,1.25,0,0.8,pfill_truth_v7_public_buyable_explicit,manual_guidance_0925_public_market_fillability_proxy,09:20:00,09:24:50,4.17,7000596.0,1678800.0,4.17,1,4.17,4.5,4.17,4.31,4.54,3.72,,2742,化学制药,重庆,主板,20150217,3.75,4.13,3.74,4.13,10.1333,3.750001134988237,10.1333,0.1039999685230023,0.1013333026634382,-3.02663438307484e-07,180175.52,73389.971,3.4387,4.5779,1.51,0.0001380747241336,0.0357983915865504,0.0298227826560449,0.0335276798307848,0.0476336169591345,0.0150563643551752,-0.1065573770491803,0.1551414212351404,0.1042780748663101,0.1799999999999999,0.2629969418960245,0.0944309927360774,0.1039999685230023,282534.126,,,,345150.1,54765.11,157452.06,187698.04,,6.0,3.0,1.0,3.0,6.0,0.0,,,,,,0.0,,15500,3.75,58125.0,0.3218769816106531,U,1.0,19036409.0,19036409.0,93345.0,93439.0,,,,,,,,,,,,,,,,,,,,,,,,,,,,,4.13,3.38,1.0,0.0,1.779233537291998,0.1275529297615353,53.271186,0.5394931282264485,化学制药,1,0,0,0
20260807,20260810,20260811,001296.SZ,长江材料,48,FULLY_READY,1,1,1,strong_official_opening_auction,19.88,t_opening_auction,raw_train_pool,1.25,0,0.8,pfill_truth_v7_public_buyable_explicit,manual_guidance_0925_public_market_fillability_proxy,09:20:00,09:24:50,19.88,9649752.0,485400.0,,0,19.88,21.24,19.72,20.14,21.93,17.95,,1296,非金属材,重庆,主板,20211224,18.13,19.94,17.82,19.94,9.9835,18.129992226106648,9.9835,0.1169333099297894,0.099834571213641,4.2878635877606004e-07,54046.15,104254.13474,7.0102,9.9572,3.64,9.576118995086296e-05,0.0347700812476097,0.031441411169778,0.0374364876778299,0.0412301037863562,0.0168828842860513,-0.1465657111952406,0.2008850831591218,0.1083935519733185,0.1599767306573589,0.2612270714737508,0.1063189568706118,0.1169333099297894,298284.6534,,,,345150.1,54765.11,157452.06,187698.04,,,,0.0,,,0.0,,,,,,0.0,,3700,18.13,67081.0,0.3382371591629676,U,2.0,23648840.0,23648840.0,110206.0,110348.0,,,,,,,,,,,,,,,,,,,,,,,,,,,,,19.94,16.32,1.0,0.0,1.3696500171182056,0.1267524583044726,44.762712,0.01,非金属材,1,0,0,0
20260807,20260810,20260811,603655.SH,朗博科技,49,FULLY_READY,1,1,1,strong_official_opening_auction,31.21,t_opening_auction,raw_train_pool,1.25,0,0.8,pfill_truth_v7_public_buyable_explicit,manual_guidance_0925_public_market_fillability_proxy,09:20:00,09:24:50,31.21,1741518.0,55800.0,31.21,1,31.21,31.32,28.98,30.72,33.04,27.04,,603655,汽车零部件,江苏,主板,20171229,27.26,30.04,27.0,30.04,9.9963,27.310009518501985,9.9963,0.111314498002663,0.1017941790945405,-0.0018311790945405,14080.0,40859.199,1.3283,4.105,1.12,0.0002446523731412,0.0344405537095048,0.0396422304399063,0.0492789730768779,0.0569550418978017,0.034826065034211,-0.1643307638402241,0.2484358019513131,0.1344410876132931,0.2059413890004013,0.2211382113821136,0.1011984021304926,0.111314498002663,318424.0,,,,345150.1,54765.11,157452.06,187698.04,,3.0,7.0,1.0,7.0,3.0,0.0,,,,,,0.0,,6500,27.26,177190.0,0.4821813570069753,U,0.0,31761292.0,31761292.0,94314.0,94314.0,,,,,,,,,,,,,,,,,,,,,,,,,,,,,30.04,24.58,1.0,0.0,2.2987746882368434,0.125406986083172,38.40678,0.1736599148755986,汽车零部件,1,0,0,0
20260807,20260810,20260811,002428.SZ,云南锗业,50,FULLY_READY,1,1,1,strong_official_opening_auction,104.6,t_opening_auction,raw_train_pool,1.25,0,0.8,pfill_truth_v7_public_buyable_explicit,manual_guidance_0925_public_market_fillability_proxy,09:20:00,09:24:50,104.6,259742720.0,2483200.0,104.6,1,104.6,105.8,98.68,102.58,110.09,90.07,,2428,小金属,云南,主板,20100608,97.0,100.08,95.5,100.08,10.0022,90.97999858184654,10.0022,0.0503407350119903,0.0338535947242206,0.0661684052757793,1193076.96,11740853.2528,18.2697,22.8394,2.12,8.519142335430041e-07,0.0316451955371028,0.0768462411605492,0.0765767395853121,0.1007843231081444,0.0191477561610007,-0.347894903450459,0.4436193991967719,0.2100108813928183,0.4948469006721432,0.2817622950819671,0.0457633892885691,0.0503407350119903,6536424.96,,,,345150.1,54765.11,157452.06,187698.04,,,,0.0,,,0.0,-75641946.07,-0.64,35.81,65355805350.0,35.81,0.0,,4063800,97.0,394188600.0,0.9996195307545972,U,1.0,195346152.0,195346152.0,101057.0,104842.0,,,,,,,,,,,,,,,,,,,,,,,,,,,,,100.08,81.88,1.0,0.0,1.7999861486134456,0.1242365302026779,72.322034,0.0164,小金属,1,0,0,0
20260807,20260810,20260811,603102.SH,百合股份,51,FULLY_READY,1,1,1,strong_official_opening_auction,36.0,t_opening_auction,raw_train_pool,1.25,0,0.8,pfill_truth_v7_public_buyable_explicit,manual_guidance_0925_public_market_fillability_proxy,09:20:00,09:24:50,36.0,5929200.0,164700.0,36.0,1,36.0,41.26,35.18,39.75,41.26,33.76,,603102,食品加工,山东,主板,20220125,34.01,37.51,33.36,37.51,10.0,34.099999999999994,10.0,0.1217008797653958,0.1026392961876833,-0.0026392961876831,21441.84,77628.32,3.3503,5.9786,3.23,0.0001288189670986,0.0392763695100119,0.0286381893778446,0.0292062632574344,0.0365768918356113,0.0078507259025858,-0.0925214306828259,0.1295784198428462,0.1114074074074074,0.1203703703703704,0.2218241042345277,0.1106371634230871,0.1217008797653958,240064.0,,,,345150.1,54765.11,157452.06,187698.04,,,,0.0,,,0.0,,,,,,0.0,,2300,34.01,78223.0,0.357006975269499,U,1.0,17460905.0,17460905.0,134443.0,134631.0,,,,,,,,,,,,,,,,,,,,,,,,,,,,,37.51,30.69,1.0,0.0,1.5268140917475317,0.123166441046832,44.915254,0.01,食品加工,1,0,0,0
20260807,20260810,20260811,603660.SH,苏州科达,52,FULLY_READY,1,1,1,strong_official_opening_auction,12.19,t_opening_auction,raw_train_pool,1.25,0,0.8,pfill_truth_v7_public_buyable_explicit,manual_guidance_0925_public_market_fillability_proxy,09:20:00,09:24:50,12.19,7834513.0,642700.0,,0,12.19,12.33,11.71,12.25,13.19,10.79,,603660,计算机设,江苏,主板,20161201,11.0,11.99,10.97,11.99,10.0,10.9,10.0,0.0935779816513761,0.0908256880733945,0.0091743119266056,337106.42,394399.723,5.8987,7.6828,0.95,2.5354987381672173e-05,0.0291880140421088,0.0457982108995355,0.0571926200817442,0.0791735078960706,0.0326259026151125,-0.1993769470404984,0.2891954697373553,0.1462715105162524,0.285101822079314,0.5551232166018158,0.0850708924103419,0.0935779816513761,685219.7473,,,,345150.1,54765.11,157452.06,187698.04,,,,0.0,,,0.0,,,,,,0.0,,76100,11.0,837100.0,0.7370957514267596,U,0.0,41945324.0,41945324.0,101249.0,101249.0,,,,,,,,,,,,,,,,,,,,,,,,,,,,,11.99,9.81,1.0,0.0,2.064413944530134,0.1221793774002266,47.745763,0.01,计算机设,1,0,0,0
20260807,20260810,20260811,002827.SZ,高争民爆,53,FULLY_READY,1,1,1,strong_official_opening_auction,58.0,t_opening_auction,raw_train_pool,1.25,0,1.0,pfill_truth_v7_public_buyable_explicit,manual_guidance_0925_public_market_fillability_proxy,09:20:00,09:24:50,58.0,59914000.0,1033000.0,58.0,1,58.0,59.58,56.0,59.58,59.58,48.74,3.0,2827,化学制品,西藏,主板,20161209,53.26,54.16,50.2,54.16,9.9919,49.23998949013517,9.9919,0.0804224379615951,0.0182778268094534,0.0816411731905467,224850.44,1191260.69392,8.1468,19.2942,0.74,8.387668669836103e-06,0.0124022368370311,0.0244308066904593,0.0513595376782215,0.0801648771111023,0.0236435046540465,-0.0577603143418467,0.1327633566741147,0.2100089365504915,0.5653179190751443,1.258548790658882,0.0731166912850811,0.0804224379615951,1500481.136,,,,345150.1,54765.11,157452.06,187698.04,,4.0,4.0,1.0,4.0,4.0,0.0,205196331.72,5.05,31.48,14948090946.0,31.48,0.0,,1078900,53.26,57462214.0,0.9922637920101458,U,6.0,,,95421.0,,,,,,,,,,,,,,,,,,,,,,,,,,,,,,54.16,44.32,1.0,0.0,1.3928571428571428,0.1214912262553535,37.271186,0.4322611773793213,化学制品,0,0,0,0
20260807,20260810,20260811,002821.SZ,凯莱英,54,FULLY_READY,1,1,1,strong_official_opening_auction,180.0,t_opening_auction,raw_train_pool,1.25,0,0.8,pfill_truth_v7_public_buyable_explicit,manual_guidance_0925_public_market_fillability_proxy,09:20:00,09:24:50,180.0,61596000.0,342200.0,,0,180.0,188.0,171.97,176.0,189.49,155.03,,2821,医疗服务,天津,主板,20161118,156.5,172.26,156.0,172.26,10.0,156.59999999999997,10.0,0.103831417624521,0.1006385696040868,-0.0006385696040866,108450.91,1802066.69426,3.4207,5.4678,1.09,5.549184184942942e-06,0.0628786965787285,0.0548316452796563,0.05787756477733,0.0709821290031173,0.0289377857956931,-0.2544061302681992,0.3412214808412224,0.0543518178479618,0.1284638060923679,0.0887372013651877,0.0943921978404736,0.103831417624521,6214813.506,,,,345150.1,54765.11,157452.06,187698.04,,8.0,2.0,1.0,2.0,8.0,0.0,,,,,,0.0,,63600,156.5,9953400.0,0.9511731135066582,U,0.0,120568219.0,120568219.0,101806.0,101806.0,,,,,,,,,,,,,,,,,,,,,,,,,,,,,172.26,140.94,1.0,0.0,2.4351523323735216,0.1213501859950074,52.830508,0.6729057079444091,医疗服务,1,0,0,0
20260807,20260810,20260811,002037.SZ,保利联合,55,FULLY_READY,1,1,1,strong_official_opening_auction,7.31,t_opening_auction,raw_train_pool,1.25,0,0.8,pfill_truth_v7_public_buyable_explicit,manual_guidance_0925_public_market_fillability_proxy,09:20:00,09:24:50,7.31,11451846.0,1566600.0,,0,7.31,7.62,7.07,7.57,8.46,6.92,,2037,化学制品,贵州,主板,20040908,7.33,7.69,7.12,7.69,10.0143,6.990000390858279,10.0143,0.0815450598179454,0.0515021430429129,0.0486408569570871,234024.9,176362.3261,4.8364,8.7135,1.74,5.678253525824867e-05,0.0373351369514486,0.0403617049924594,0.037450971597712,0.0481271933213494,0.0100926861779069,-0.0649350649350649,0.1124787227106839,0.1275659824046922,0.1740458015267176,0.3167808219178083,0.0741222366710013,0.0815450598179454,372106.4884,,,,345150.1,54765.11,157452.06,187698.04,,4.0,4.0,1.0,4.0,4.0,0.0,,,,,,0.0,,820500,7.33,6014265.0,0.9236525047558656,U,1.0,21396340.0,21396340.0,93400.0,95130.0,,,,,,,,,,,,,,,,,,,,,,,,,,,,,7.69,6.29,1.0,0.0,1.7828575995242733,0.1110190420366357,54.288136,0.4258611773793213,化学制品,1,0,0,0
20260807,20260810,20260811,603758.SH,秦安股份,56,FULLY_READY,1,1,1,strong_official_opening_auction,11.0,t_opening_auction,raw_train_pool,1.25,0,1.0,pfill_truth_v7_public_buyable_explicit,manual_guidance_0925_public_market_fillability_proxy,09:20:00,09:24:50,11.0,5871800.0,533800.0,11.0,1,11.0,11.53,10.8,11.53,11.53,9.43,0.0,603758,汽车零部件,重庆,主板,20170517,9.45,10.48,9.45,10.48,9.9685,9.530001773235062,9.9685,0.1080797280534352,0.1080797280534352,-0.0083947280534351,84643.0,86291.752,1.9543,5.6822,2.14,0.0001155208901077,0.0391927080032131,0.0294307831231573,0.0324069166745625,0.0414575726621835,0.0165216878684078,-0.0981012658227847,0.1470298703657551,0.120855614973262,0.1341991341991342,0.2157772621809746,0.0982824427480917,0.1080797280534352,453905.568,,,,345150.1,54765.11,157452.06,187698.04,,3.0,7.0,1.0,7.0,3.0,0.0,,,,,,0.0,,31300,9.45,295785.0,0.5750158528852252,U,0.0,22947008.0,22947008.0,94514.0,94514.0,,,,,,,,,,,,,,,,,,,,,,,,,,,,,10.48,8.58,1.0,0.0,2.2852389053055004,0.1096112534001531,39.220339,0.1736599148755986,汽车零部件,0,0,0,0
20260807,20260810,20260811,002437.SZ,誉衡药业,57,FULLY_READY,1,1,1,strong_official_opening_auction,3.29,t_opening_auction,raw_train_pool,1.25,0,1.0,pfill_truth_v7_public_buyable_explicit,manual_guidance_0925_public_market_fillability_proxy,09:20:00,09:24:50,3.29,41485337.25,12609525.0,,0,3.29,3.43,3.26,3.43,3.43,2.81,15.0,2437,化学制药,黑龙江,主板,20100623,2.83,3.12,2.82,3.12,9.8592,2.839998834872273,9.8592,0.1056338461538462,0.1021127179487179,-0.003520717948718,2282902.6,703776.13443,10.8702,11.677,3.65,1.4009000188653923e-05,0.0447063235435162,0.036038906622067,0.0351916642513223,0.0455113209903405,0.0185126909978573,-0.1293375394321767,0.1830418946813563,0.0684931506849315,0.0947368421052632,0.1304347826086958,0.0961538461538462,0.1056338461538462,695718.8784,,,,345150.1,54765.11,157452.06,187698.04,,6.0,3.0,1.0,3.0,6.0,0.0,,,,,,0.0,,152200,2.83,430726.0,0.6351299936588459,U,1.0,40103359.0,40103359.0,94106.0,110009.0,,,,,,,,,,,,,,,,,,,,,,,,,,,,,3.12,2.56,1.0,0.0,1.8115853042903676,0.1092479677063407,49.881356,0.5394931282264485,化学制药,0,0,0,0
20260807,20260810,20260811,600449.SH,宁夏建材,58,FULLY_READY,1,1,1,strong_official_opening_auction,13.95,t_opening_auction,raw_train_pool,1.25,0,0.8,pfill_truth_v7_public_buyable_explicit,manual_guidance_0925_public_market_fillability_proxy,09:20:00,09:24:50,13.95,15163650.0,1087000.0,,0,13.95,13.95,13.95,13.95,17.05,13.95,,600449,水泥,宁夏,主板,20030829,14.0,15.5,13.8,15.5,10.0071,14.089999645477429,10.0071,0.1206529483870967,0.1064584838709677,-0.0063874838709677,330076.74,492007.66,6.9028,13.5441,2.03,2.033931748135791e-05,0.033253811598723,0.036654389586926,0.044053735806072,0.0608750879371387,0.0220126179214634,-0.1049633848657444,0.1710297385932798,0.1248185776487664,0.1850152905198776,0.3247863247863249,0.1096774193548386,0.1206529483870967,741180.55,,,,345150.1,54765.11,157452.06,187698.04,,,,0.0,,,0.0,,,,,,0.0,,357000,14.0,4998000.0,0.912999365884591,U,0.0,15740219.0,15740219.0,142649.0,142649.0,,,,,,,,,,,,,,,,,,,,,,,,,,,,,15.5,12.68,1.0,0.0,2.02417169536128,0.1065353133392136,55.118644,0.01,水泥,1,0,0,0
20260807,20260810,20260811,001223.SZ,欧克科技,59,FULLY_READY,1,1,1,strong_official_opening_auction,41.07,t_opening_auction,raw_train_pool,1.25,0,0.8,pfill_truth_v7_public_buyable_explicit,manual_guidance_0925_public_market_fillability_proxy,09:20:00,09:24:50,41.07,4653231.0,113300.0,41.07,1,41.07,41.27,37.57,38.95,45.29,37.05,,1223,自动化设,江西,主板,20221212,38.22,41.17,38.0,41.17,9.992,37.42999490872064,9.992,0.0846914355112946,0.0788137964537285,0.0211062035462714,32877.5,132099.59184,4.7079,10.0565,0.83,7.563990062968843e-05,0.0603687784037186,0.0594363879555142,0.0610890683156559,0.0759849805488975,0.0283137737544759,-0.1938568530860619,0.2832596951561938,0.0707412223667098,0.2521289537712894,0.4798705966930265,0.0769978139421909,0.0846914355112946,538062.2576,,,,345150.1,54765.11,157452.06,187698.04,,,,0.0,,,0.0,,,,,,0.0,,42300,38.22,1616706.0,0.8152187698161065,U,1.0,41923411.0,41923411.0,93409.0,93733.0,,,,,,,,,,,,,,,,,,,,,,,,,,,,,41.17,33.69,1.0,0.0,1.564380293514195,0.1056142938215036,39.711864,0.01,自动化设,1,0,0,0
