ts_code,time,open,close,high,low,vol,amount
600120.SH,2026-07-09 09:30:00,4.87,4.87,4.87,4.87,1916400.0,9332868.0
600120.SH,2026-07-09 09:31:00,4.89,4.85,4.9,4.84,5807800.0,28269832.0
600120.SH,2026-07-09 09:32:00,4.83,4.76,4.83,4.74,6654832.0,31839392.0
600120.SH,2026-07-09 09:33:00,4.75,4.78,4.79,4.75,4044300.0,19296706.0
600120.SH,2026-07-09 09:34:00,4.78,4.81,4.82,4.78,2797300.0,13418950.0
600120.SH,2026-07-09 09:35:00,4.84,4.8,4.84,4.8,1993100.0,9609479.0
600120.SH,2026-07-09 09:36:00,4.79,4.78,4.81,4.78,2409100.0,11539291.0
600120.SH,2026-07-09 09:37:00,4.77,4.77,4.78,4.76,1964072.0,9366237.0
600120.SH,2026-07-09 09:38:00,4.76,4.78,4.78,4.76,2283400.0,10894027.0
600120.SH,2026-07-09 09:39:00,4.77,4.8,4.8,4.77,1317501.0,6307650.0
600120.SH,2026-07-09 09:40:00,4.8,4.78,4.81,4.78,1149400.0,5509332.0
600120.SH,2026-07-09 09:41:00,4.79,4.8,4.8,4.77,1820200.0,8699524.0
600120.SH,2026-07-09 09:42:00,4.79,4.83,4.83,4.79,1558300.0,7504816.0
600120.SH,2026-07-09 09:43:00,4.82,4.82,4.83,4.82,779600.0,3763067.0
600120.SH,2026-07-09 09:44:00,4.82,4.81,4.82,4.8,862500.0,4152108.0
600120.SH,2026-07-09 09:45:00,4.81,4.81,4.82,4.8,581542.0,2799021.0
600120.SH,2026-07-09 09:46:00,4.82,4.81,4.82,4.81,580800.0,2795539.0
600120.SH,2026-07-09 09:47:00,4.81,4.78,4.82,4.78,1256352.0,6027463.0
600120.SH,2026-07-09 09:48:00,4.78,4.78,4.79,4.78,1502106.0,7182773.0
600120.SH,2026-07-09 09:49:00,4.78,4.78,4.78,4.77,887000.0,4236047.0
600120.SH,2026-07-09 09:50:00,4.77,4.78,4.78,4.77,869900.0,4152853.0
600120.SH,2026-07-09 09:51:00,4.77,4.77,4.78,4.76,2277394.0,10851609.0
600120.SH,2026-07-09 09:52:00,4.76,4.76,4.77,4.75,970700.0,4620415.0
600120.SH,2026-07-09 09:53:00,4.76,4.76,4.77,4.76,603700.0,2874776.0
600120.SH,2026-07-09 09:54:00,4.76,4.76,4.77,4.76,777800.0,3704080.0
600120.SH,2026-07-09 09:55:00,4.77,4.76,4.77,4.76,481100.0,2292505.0
600120.SH,2026-07-09 09:56:00,4.77,4.79,4.79,4.76,489482.0,2335113.0
600120.SH,2026-07-09 09:57:00,4.79,4.77,4.79,4.77,429200.0,2052782.0
600120.SH,2026-07-09 09:58:00,4.77,4.77,4.78,4.77,666600.0,3182829.0
600120.SH,2026-07-09 09:59:00,4.78,4.77,4.78,4.76,518300.0,2469310.0
600120.SH,2026-07-09 10:00:00,4.76,4.77,4.78,4.76,658100.0,3136155.0
600120.SH,2026-07-09 10:01:00,4.77,4.76,4.78,4.76,489200.0,2333856.0
600120.SH,2026-07-09 10:02:00,4.76,4.78,4.78,4.76,517999.0,2467702.0
600120.SH,2026-07-09 10:03:00,4.78,4.76,4.78,4.76,346101.0,1650617.0
600120.SH,2026-07-09 10:04:00,4.77,4.77,4.78,4.76,559100.0,2665835.0
600120.SH,2026-07-09 10:05:00,4.77,4.76,4.77,4.76,698900.0,3327856.0
600120.SH,2026-07-09 10:06:00,4.76,4.76,4.77,4.76,280600.0,1336338.0
600120.SH,2026-07-09 10:07:00,4.77,4.76,4.77,4.76,324700.0,1546944.0
600120.SH,2026-07-09 10:08:00,4.76,4.76,4.77,4.75,482900.0,2298202.0
600120.SH,2026-07-09 10:09:00,4.75,4.76,4.76,4.75,354800.0,1686173.0
600120.SH,2026-07-09 10:10:00,4.76,4.76,4.77,4.75,736000.0,3500526.0
600120.SH,2026-07-09 10:11:00,4.76,4.76,4.77,4.75,414300.0,1972153.0
600120.SH,2026-07-09 10:12:00,4.76,4.77,4.77,4.75,228600.0,1087729.0
600120.SH,2026-07-09 10:13:00,4.76,4.76,4.77,4.76,289900.0,1380716.0
600120.SH,2026-07-09 10:14:00,4.77,4.76,4.77,4.76,186300.0,887419.0
600120.SH,2026-07-09 10:15:00,4.77,4.78,4.78,4.76,316100.0,1507691.0
600120.SH,2026-07-09 10:16:00,4.78,4.77,4.79,4.77,423500.0,2024762.0
600120.SH,2026-07-09 10:17:00,4.78,4.77,4.78,4.77,189700.0,905453.0
600120.SH,2026-07-09 10:18:00,4.77,4.78,4.78,4.77,108500.0,517991.0
600120.SH,2026-07-09 10:19:00,4.78,4.77,4.78,4.77,244200.0,1165479.0
600120.SH,2026-07-09 10:20:00,4.78,4.77,4.78,4.77,212500.0,1014250.0
600120.SH,2026-07-09 10:21:00,4.77,4.76,4.77,4.76,340900.0,1625806.0
600120.SH,2026-07-09 10:22:00,4.77,4.75,4.77,4.75,786000.0,3740983.0
600120.SH,2026-07-09 10:23:00,4.75,4.76,4.76,4.75,727400.0,3457304.0
600120.SH,2026-07-09 10:24:00,4.75,4.77,4.77,4.75,531500.0,2526225.0
600120.SH,2026-07-09 10:25:00,4.76,4.75,4.77,4.75,180500.0,859156.0
600120.SH,2026-07-09 10:26:00,4.76,4.76,4.76,4.75,692000.0,3287761.0
600120.SH,2026-07-09 10:27:00,4.75,4.74,4.75,4.74,458600.0,2176358.0
600120.SH,2026-07-09 10:28:00,4.75,4.74,4.75,4.74,615700.0,2919493.0
600120.SH,2026-07-09 10:29:00,4.74,4.73,4.75,4.73,640000.0,3032998.0
600120.SH,2026-07-09 10:30:00,4.74,4.73,4.74,4.73,283200.0,1340540.0
600120.SH,2026-07-09 10:31:00,4.74,4.74,4.75,4.73,492600.0,2332566.0
600120.SH,2026-07-09 10:32:00,4.74,4.74,4.75,4.74,250400.0,1188215.0
600120.SH,2026-07-09 10:33:00,4.75,4.76,4.76,4.75,333300.0,1583973.0
600120.SH,2026-07-09 10:34:00,4.76,4.75,4.76,4.75,174500.0,830206.0
600120.SH,2026-07-09 10:35:00,4.76,4.76,4.76,4.75,262500.0,1248684.0
600120.SH,2026-07-09 10:36:00,4.75,4.76,4.76,4.75,447900.0,2128498.0
600120.SH,2026-07-09 10:37:00,4.76,4.75,4.76,4.75,285100.0,1355672.0
600120.SH,2026-07-09 10:38:00,4.75,4.74,4.76,4.74,192900.0,916411.0
600120.SH,2026-07-09 10:39:00,4.75,4.75,4.75,4.74,392300.0,1861508.0
600120.SH,2026-07-09 10:40:00,4.74,4.76,4.76,4.74,375100.0,1783079.0
600120.SH,2026-07-09 10:41:00,4.77,4.78,4.78,4.76,349400.0,1667492.0
600120.SH,2026-07-09 10:42:00,4.78,4.77,4.78,4.77,250300.0,1194629.0
600120.SH,2026-07-09 10:43:00,4.77,4.77,4.77,4.76,186600.0,889907.0
600120.SH,2026-07-09 10:44:00,4.77,4.76,4.77,4.76,246300.0,1174652.0
600120.SH,2026-07-09 10:45:00,4.77,4.78,4.78,4.76,268100.0,1278286.0
600120.SH,2026-07-09 10:46:00,4.77,4.78,4.78,4.77,111300.0,531862.0
600120.SH,2026-07-09 10:47:00,4.78,4.78,4.78,4.78,244047.0,1166526.0
600120.SH,2026-07-09 10:48:00,4.78,4.77,4.79,4.77,137200.0,655582.0
600120.SH,2026-07-09 10:49:00,4.77,4.8,4.8,4.77,281100.0,1345607.0
600120.SH,2026-07-09 10:50:00,4.8,4.79,4.81,4.79,641500.0,3077767.0
600120.SH,2026-07-09 10:51:00,4.8,4.78,4.81,4.78,462900.0,2220948.0
600120.SH,2026-07-09 10:52:00,4.79,4.8,4.8,4.78,318200.0,1524730.0
600120.SH,2026-07-09 10:53:00,4.8,4.8,4.81,4.79,260500.0,1250506.0
600120.SH,2026-07-09 10:54:00,4.8,4.8,4.8,4.79,269900.0,1295247.0
600120.SH,2026-07-09 10:55:00,4.79,4.79,4.8,4.78,299700.0,1435715.0
600120.SH,2026-07-09 10:56:00,4.79,4.78,4.79,4.77,325300.0,1555566.0
600120.SH,2026-07-09 10:57:00,4.78,4.78,4.78,4.77,59900.0,286028.0
600120.SH,2026-07-09 10:58:00,4.78,4.78,4.79,4.77,314900.0,1505208.0
600120.SH,2026-07-09 10:59:00,4.78,4.79,4.79,4.78,90600.0,433307.0
600120.SH,2026-07-09 11:00:00,4.79,4.79,4.79,4.78,141300.0,676648.0
