trade_date,verify_date,rank,ts_code,name,prob,StrengthScore,ThemeBoost,board,run_id,run_attempt,commit_sha,generated_at_utc,target_trade_date,Probability,name_fs,symbol,board_fs,area,market,list_date,open,high,low,close,pct_chg,pre_close_est,returns_1d,high_low_range,candle_body,gap_open,vol,amount,turnover_rate,turnover_rate_f,volume_ratio,amihud_illiquidity,volatility_5d,volatility_10d,volatility_20d,atr,downside_vol,max_drawdown_20d,tail_risk_score,total_mv,float_mv,pe_ttm,pb,north_money_market,south_money_market,hgt_market,sgt_market,market_regime,hot_boards_score,board_crowding_rank,is_hot_board,board_rank,board_limit_up_count,is_st_like,top_list_net_buy,top_net_rate,amount_rate,float_values,abnormal_volume,has_namechange_record,latest_change_reason,ret_2d,ret_5d,ret_10d,bid_ask_proxy,spread_proxy,name_limit,limit_type,open_times,fd_amount,seal_amount,first_seal_time,last_seal_time,open_times_break,fd_amount_break,seal_amount_break,first_time_break,last_time_break,up_limit,down_limit,is_hot_board_limit,board_rank_limit,board_limit_up_count_limit,is_st_like_limit,is_limit_up,break_count_proxy,limit_up_strength,signal_date,exec_date,exit_date,regime_name,requested_trade_date,p_fill_pred_rule,p_fill_pred_model,p_fill_pred_final,p_fill_pred,p_fill_model_loaded,p_fill_model_kind,p_fill_model_path,p_fill_model_feature_mode,p_fill_model_meta_path,p_fill_model_expected_n_features,p_fill_expected_categorical_cols,p_fill_expected_numeric_feature_count,p_fill_model_category_like_cols_detected,p_fill_model_actual_n_features,p_fill_missing_feature_count,p_fill_missing_feature_sample,p_fill_unexpected_feature_count,p_fill_unexpected_feature_sample,p_fill_categorical_feature_count_online,p_fill_categorical_feature_sample_online,p_fill_numeric_feature_count_online,p_fill_online_dtypes_sample,p_fill_pred_src,p_fill_degrade_reason,eret_pred_rule,eret_pred_model,eret_pred_final,eret_pred,e_ret_pred,eret_model_loaded,eret_model_kind,eret_model_path,eret_model_feature_mode,eret_model_meta_path,eret_model_expected_n_features,eret_expected_categorical_cols,eret_expected_numeric_feature_count,eret_model_category_like_cols_detected,eret_model_actual_n_features,eret_missing_feature_count,eret_missing_feature_sample,eret_unexpected_feature_count,eret_unexpected_feature_sample,eret_categorical_feature_count_online,eret_categorical_feature_sample_online,eret_numeric_feature_count_online,eret_online_dtypes_sample,eret_pred_src,eret_degrade_reason,eret_regime_used,cost_base_bp,cost_slippage_bp,cost_impact_bp,cost_open_bp,cost_seal_bp,cost_amount_bp,cost_price_bp,cost_total_bp,cost_est,risk_regime_penalty,risk_open_penalty,risk_open_times_penalty,risk_volatility_penalty,risk_liquidity_penalty,risk_liquidity_amount_penalty,risk_extreme_turnover_penalty,risk_theme_penalty,risk_board_penalty,risk_seal_penalty,risk_st_penalty,risk_tail_penalty,execution_fragility_primary,execution_fragility_support,execution_fragility_overlap,execution_fragility_raw,execution_fragility_penalty,crowding_primary,crowding_secondary,crowding_raw,crowding_penalty,st_penalty_effective,risk_total_penalty,risk_penalty,ev_base,pfill_penalty_soft,pfill_penalty_hard,pfill_penalty_extra,risk_penalty_extra,ev_penalty_total_extra,ev_final,ev_formula_version,ev_pred,input_mode,fs_degrade_reason,weight_exec,regime,risk_budget,version,generated_at_bjt
20260402,20260403,1,600488.SH,津药药业,0.7950485513555196,64.142857,0.5458931282264484,化学制药,23900636700,1,006aa00f4622e814853fdf7f685cc7f5bc81b4ac,2026-04-02T12:35:55Z,20260403,0.7950485513555196,,600488,化学制药,天津,主板,20010618,6.34,6.34,6.34,6.34,10.0694,0.572750103890003,10.0694,0.0,0.0,10.0694,148792.97,94334.743,1.3627,3.1054,0.31,0.0001067411611011,,,,,,,,692256.1551,,,,204162.55,53307.14,96511.2,107651.35,,2.0,3.0,1.0,3.0,2.0,0.0,51471270.98,54.56,82.62,6922561551.2,82.62,0.0,,,,,,,,U,0.0,307372095.0,307372095.0,92502.0,92502.0,,,,,,6.34,5.18,1.0,3.0,2.0,0.0,1.0,0.0,3.25,20260402,20260403,,RISK_ON,,0.20312745249999997,0.22771661147679229,0.22771661147679229,0.22771661147679229,True,lgbm,/home/runner/work/top10-decision/top10-decision/models/pfill_lgbm.joblib,meta_feature_contract,/home/runner/work/top10-decision/top10-decision/models/pfill_meta.json,88,board|area|market|latest_change_reason|limit_type|prior_board,82,symbol|board|area|market|market_regime|latest_change_reason|limit_type|prior_board,88,16,sample_weight|is_cold_start|feature_coverage_score|prior_strength_score|prior_theme_boost|prior_seal_amount|prior_open_times|prior_turnover_rate,25,trade_date|verify_date|ts_code|name|prob|StrengthScore|ThemeBoost|run_id,6,board|area|market|latest_change_reason|limit_type|prior_board,88,rank:int64|sample_weight:float64|is_cold_start:float64|feature_coverage_score:float64|symbol:int64|board:float64|area:float64|market:float64,model:lgbm,,0.029489135925344932,0.046476067899836035,0.046476067899836035,0.046476067899836035,0.046476067899836035,True,lr,/home/runner/work/top10-decision/top10-decision/models/eret_lr.joblib,meta_feature_contract,/home/runner/work/top10-decision/top10-decision/models/eret_meta.json,92,board|area|market|limit_type|prior_board,87,,92,20,close_t2.1|sample_weight|is_cold_start|feature_coverage_score|open_t1|prior_strength_score|prior_theme_boost|prior_seal_amount,49,trade_date|verify_date|ts_code|name|prob|StrengthScore|ThemeBoost|run_id,5,board|area|market|limit_type|prior_board,92,rank:float64|close_t2.1:float64|sample_weight:float64|is_cold_start:float64|feature_coverage_score:float64|open_t1:float64|symbol:float64|board:float64,model:lr,,RISK_ON,0.0002,0.0005,0.000995595,0.0,0.0,0.0004,0.0,0.002095595,0.002095595,0.0,0.0,0.0,0.0,0.01,0.006,0.0,0.0,0.0,0.0,0.0,0.0,0.0,0.0082,0.0,0.0082,0.0082,0.0,0.0,0.0,0.0,0.0,0.0082,0.0082,0.00028777769691597926,0.019943934878649813,0.04145983719662454,0.06140377207527435,0.012885,0.07428877207527435,-0.07400099437835836,v1_1_exec_aware,-0.07400099437835836,pred_plus_fs,,,,,1,2026-04-03 02:42:22+0800
20260402,20260403,2,000762.SZ,西藏矿业,0.4588094778100317,59.25,0.0164,小金属,23900636700,1,006aa00f4622e814853fdf7f685cc7f5bc81b4ac,2026-04-02T12:35:55Z,20260403,0.4588094778100317,,762,小金属,西藏,主板,19970708,28.31,31.26,27.88,31.26,9.993,2.8436277631219866,9.993,1.1886225207933472,1.0374072296865011,8.9555927703135,646912.24,1982438.83,12.4215,15.6992,1.68,5.0407608289230295e-06,,,,,,,,1628080.9442,,,,204162.55,53307.14,96511.2,107651.35,,,,0.0,,,0.0,111948689.64,5.65,34.2,16280227318.68,34.2,0.0,,,,,,,,U,5.0,28762326.0,28762326.0,101009.0,130433.0,,,,,,31.26,25.58,0.0,,,0.0,1.0,0.0,1.2602416087901538,20260402,20260403,,RISK_ON,,0.6977263369999999,0.98,0.98,0.98,True,lgbm,/home/runner/work/top10-decision/top10-decision/models/pfill_lgbm.joblib,meta_feature_contract,/home/runner/work/top10-decision/top10-decision/models/pfill_meta.json,88,board|area|market|latest_change_reason|limit_type|prior_board,82,symbol|board|area|market|market_regime|latest_change_reason|limit_type|prior_board,88,16,sample_weight|is_cold_start|feature_coverage_score|prior_strength_score|prior_theme_boost|prior_seal_amount|prior_open_times|prior_turnover_rate,25,trade_date|verify_date|ts_code|name|prob|StrengthScore|ThemeBoost|run_id,6,board|area|market|latest_change_reason|limit_type|prior_board,88,rank:int64|sample_weight:float64|is_cold_start:float64|feature_coverage_score:float64|symbol:int64|board:float64|area:float64|market:float64,model:lgbm,,0.01781348433430095,-0.055723815870467826,-0.055723815870467826,-0.055723815870467826,-0.055723815870467826,True,lr,/home/runner/work/top10-decision/top10-decision/models/eret_lr.joblib,meta_feature_contract,/home/runner/work/top10-decision/top10-decision/models/eret_meta.json,92,board|area|market|limit_type|prior_board,87,,92,20,close_t2.1|sample_weight|is_cold_start|feature_coverage_score|open_t1|prior_strength_score|prior_theme_boost|prior_seal_amount,49,trade_date|verify_date|ts_code|name|prob|StrengthScore|ThemeBoost|run_id,5,board|area|market|limit_type|prior_board,92,rank:float64|close_t2.1:float64|sample_weight:float64|is_cold_start:float64|feature_coverage_score:float64|open_t1:float64|symbol:float64|board:float64,model:lr,,RISK_ON,0.0002,0.0005,0.00015475249999999998,0.0006,0.0,0.0004,0.0,0.0018547525,0.0018547525,0.0,0.005,0.01,0.0,0.0,0.006,0.0,0.0,0.0,0.0,0.0,0.0,0.01,0.0027,0.0015,0.014199999999999999,0.014199999999999999,0.0,0.0,0.0,0.0,0.0,0.014199999999999999,0.014199999999999999,-0.07066409205305847,0.0,0.0,0.0,0.017185,0.017185,-0.08784909205305846,v1_1_exec_aware,-0.08784909205305846,pred_plus_fs,,,,,1,2026-04-03 02:42:22+0800
20260402,20260403,3,002309.SZ,中利集团,0.2935107356584223,47.535714,0.8363999999999999,电气设备,23900636700,1,006aa00f4622e814853fdf7f685cc7f5bc81b4ac,2026-04-02T12:35:55Z,20260403,0.2935107356584223,,2309,电气设备,江苏,主板,20091127,4.55,4.98,4.55,4.98,9.9338,0.4554683641551885,9.9338,0.9440831325301215,0.9440831325301215,8.989716867469879,7228390.95,3568213.733,30.0415,32.0571,0.83,2.7839700038506634e-06,,,,,,,,1497817.3617,,,,204162.55,53307.14,96511.2,107651.35,,3.0,1.0,1.0,1.0,3.0,0.0,-205096783.0,-5.75,36.97,11982538893.84,36.97,0.0,,,,,,,,U,5.0,119652966.0,119652966.0,93054.0,95409.0,,,,,,4.98,4.08,1.0,1.0,3.0,0.0,1.0,0.0,1.8059439236017831,20260402,20260403,,RISK_ON,,0.6901735169999998,0.98,0.98,0.98,True,lgbm,/home/runner/work/top10-decision/top10-decision/models/pfill_lgbm.joblib,meta_feature_contract,/home/runner/work/top10-decision/top10-decision/models/pfill_meta.json,88,board|area|market|latest_change_reason|limit_type|prior_board,82,symbol|board|area|market|market_regime|latest_change_reason|limit_type|prior_board,88,16,sample_weight|is_cold_start|feature_coverage_score|prior_strength_score|prior_theme_boost|prior_seal_amount|prior_open_times|prior_turnover_rate,25,trade_date|verify_date|ts_code|name|prob|StrengthScore|ThemeBoost|run_id,6,board|area|market|latest_change_reason|limit_type|prior_board,88,rank:int64|sample_weight:float64|is_cold_start:float64|feature_coverage_score:float64|symbol:int64|board:float64|area:float64|market:float64,model:lgbm,,0.015314522069752668,0.032608639194448306,0.032608639194448306,0.032608639194448306,0.032608639194448306,True,lr,/home/runner/work/top10-decision/top10-decision/models/eret_lr.joblib,meta_feature_contract,/home/runner/work/top10-decision/top10-decision/models/eret_meta.json,92,board|area|market|limit_type|prior_board,87,,92,20,close_t2.1|sample_weight|is_cold_start|feature_coverage_score|open_t1|prior_strength_score|prior_theme_boost|prior_seal_amount,49,trade_date|verify_date|ts_code|name|prob|StrengthScore|ThemeBoost|run_id,5,board|area|market|limit_type|prior_board,92,rank:float64|close_t2.1:float64|sample_weight:float64|is_cold_start:float64|feature_coverage_score:float64|open_t1:float64|symbol:float64|board:float64,model:lr,,RISK_ON,0.0002,0.0005,0.001002075,0.0006,0.0,0.0004,0.0001,0.002802075,0.002802075,0.0,0.005,0.01,0.0,0.0,0.006,0.005,0.0,0.0,0.0,0.0,0.0,0.01,0.0027,0.0015,0.014199999999999999,0.014199999999999999,0.005,0.0,0.005,0.005,0.0,0.0192,0.0192,0.00995439141055934,0.0,0.0,0.0,0.022735000000000002,0.022735000000000002,-0.012780608589440662,v1_1_exec_aware,-0.012780608589440662,pred_plus_fs,,,,,1,2026-04-03 02:42:22+0800
20260402,20260403,4,000950.SZ,重药控股,0.2419943768013959,60.357143,0.4258611773793213,医药商业,23900636700,1,006aa00f4622e814853fdf7f685cc7f5bc81b4ac,2026-04-02T12:35:55Z,20260403,0.2419943768013959,,950,医药商业,重庆,主板,19990916,6.49,6.49,6.49,6.49,10.0,0.59,10.0,0.0,0.0,10.000000000000002,749053.93,486136.001,4.3343,9.5911,2.69,2.057037532589569e-05,,,,,,,,1121591.8677,,,,204162.55,53307.14,96511.2,107651.35,,2.0,4.0,1.0,4.0,2.0,0.0,,,,,,0.0,,,,,,,,U,0.0,88943509.0,88943509.0,92500.0,92500.0,,,,,,6.49,5.31,1.0,4.0,2.0,0.0,1.0,0.0,2.5393675465237013,20260402,20260403,,RISK_ON,,0.32719974549999997,0.9444348997085106,0.9444348997085106,0.9444348997085106,True,lgbm,/home/runner/work/top10-decision/top10-decision/models/pfill_lgbm.joblib,meta_feature_contract,/home/runner/work/top10-decision/top10-decision/models/pfill_meta.json,88,board|area|market|latest_change_reason|limit_type|prior_board,82,symbol|board|area|market|market_regime|latest_change_reason|limit_type|prior_board,88,16,sample_weight|is_cold_start|feature_coverage_score|prior_strength_score|prior_theme_boost|prior_seal_amount|prior_open_times|prior_turnover_rate,25,trade_date|verify_date|ts_code|name|prob|StrengthScore|ThemeBoost|run_id,6,board|area|market|latest_change_reason|limit_type|prior_board,88,rank:int64|sample_weight:float64|is_cold_start:float64|feature_coverage_score:float64|symbol:int64|board:float64|area:float64|market:float64,model:lgbm,,0.01253741483617984,0.0303038156234404,0.0303038156234404,0.0303038156234404,0.0303038156234404,True,lr,/home/runner/work/top10-decision/top10-decision/models/eret_lr.joblib,meta_feature_contract,/home/runner/work/top10-decision/top10-decision/models/eret_meta.json,92,board|area|market|limit_type|prior_board,87,,92,20,close_t2.1|sample_weight|is_cold_start|feature_coverage_score|open_t1|prior_strength_score|prior_theme_boost|prior_seal_amount,49,trade_date|verify_date|ts_code|name|prob|StrengthScore|ThemeBoost|run_id,5,board|area|market|limit_type|prior_board,92,rank:float64|close_t2.1:float64|sample_weight:float64|is_cold_start:float64|feature_coverage_score:float64|open_t1:float64|symbol:float64|board:float64,model:lr,,RISK_ON,0.0002,0.0005,0.0001282995,0.0,0.0,0.0004,0.0,0.0012282995,0.0012282995,0.0,0.0,0.0,0.0,0.0050396125,0.006,0.0,0.0,0.0,0.0,0.0,0.0,0.0,0.005471786875000001,0.0,0.005471786875000001,0.005471786875000001,0.0,0.0,0.0,0.0,0.0,0.005471786875000001,0.005471786875000001,0.021919894694109134,0.0,0.0,0.0,0.00851488321875,0.00851488321875,0.013405011475359134,v1_1_exec_aware,0.013405011475359134,pred_plus_fs,,,,,1,2026-04-03 02:42:22+0800
20260402,20260403,5,000968.SZ,蓝焰控股,0.1705756738312243,68.785714,0.6729057079444091,石油开采,23900636700,1,006aa00f4622e814853fdf7f685cc7f5bc81b4ac,2026-04-02T12:35:55Z,20260403,0.1705756738312243,,968,石油开采,山西,主板,20000622,10.05,10.91,10.05,10.91,9.9798,0.9936428714548536,9.9798,0.8655021081576529,0.8655021081576529,9.114297891842348,379089.12,403212.17,3.9182,9.0689,0.35,2.4750741030460462e-05,,,,,,,,1055545.4021,,,,204162.55,53307.14,96511.2,107651.35,,3.0,2.0,1.0,2.0,3.0,0.0,,,,,,0.0,,,,,,,,U,0.0,134085994.0,134085994.0,93503.0,93503.0,,,,,,10.91,8.93,1.0,2.0,3.0,0.0,1.0,0.0,2.6862334648498263,20260402,20260403,,RISK_ON,,0.302548003,0.6822300332393718,0.6822300332393718,0.6822300332393718,True,lgbm,/home/runner/work/top10-decision/top10-decision/models/pfill_lgbm.joblib,meta_feature_contract,/home/runner/work/top10-decision/top10-decision/models/pfill_meta.json,88,board|area|market|latest_change_reason|limit_type|prior_board,82,symbol|board|area|market|market_regime|latest_change_reason|limit_type|prior_board,88,16,sample_weight|is_cold_start|feature_coverage_score|prior_strength_score|prior_theme_boost|prior_seal_amount|prior_open_times|prior_turnover_rate,25,trade_date|verify_date|ts_code|name|prob|StrengthScore|ThemeBoost|run_id,6,board|area|market|latest_change_reason|limit_type|prior_board,88,rank:int64|sample_weight:float64|is_cold_start:float64|feature_coverage_score:float64|symbol:int64|board:float64|area:float64|market:float64,model:lgbm,,0.011135987338769957,0.007852458609758802,0.007852458609758802,0.007852458609758802,0.007852458609758802,True,lr,/home/runner/work/top10-decision/top10-decision/models/eret_lr.joblib,meta_feature_contract,/home/runner/work/top10-decision/top10-decision/models/eret_meta.json,92,board|area|market|limit_type|prior_board,87,,92,20,close_t2.1|sample_weight|is_cold_start|feature_coverage_score|open_t1|prior_strength_score|prior_theme_boost|prior_seal_amount,49,trade_date|verify_date|ts_code|name|prob|StrengthScore|ThemeBoost|run_id,5,board|area|market|limit_type|prior_board,92,rank:float64|close_t2.1:float64|sample_weight:float64|is_cold_start:float64|feature_coverage_score:float64|open_t1:float64|symbol:float64|board:float64,model:lr,,RISK_ON,0.0002,0.0005,0.00061227,0.0,0.0,0.0004,0.0,0.0017122700000000001,0.0017122700000000001,0.0,0.0,0.0,0.0,0.005923825,0.006,0.0,0.0,0.0,0.0,0.0,0.0,0.0,0.005958103750000001,0.0,0.005958103750000001,0.005958103750000001,0.0,0.0,0.0,0.0,0.0,0.005958103750000001,0.005958103750000001,-0.002313190651653462,0.007217559069297588,0.009643897673243971,0.01686145674254156,0.0092377269375,0.02609918368004156,-0.028412374331695023,v1_1_exec_aware,-0.028412374331695023,pred_plus_fs,,,,,1,2026-04-03 02:42:22+0800
20260402,20260403,6,603353.SH,和顺石油,0.2158855416515918,75.678571,0.01,石油贸易,23900636700,1,006aa00f4622e814853fdf7f685cc7f5bc81b4ac,2026-04-02T12:35:55Z,20260403,0.2158855416515918,,603353,石油贸易,湖南,主板,20200407,33.78,36.5,33.78,36.5,10.006,3.3163728875159,10.006,0.8201731506849312,0.8201731506849312,9.18582684931507,63381.4,229565.893,3.7192,11.3262,1.02,4.358661414916718e-05,,,,,,,,627456.9,,,,204162.55,53307.14,96511.2,107651.35,,,,0.0,,,0.0,,,,,,0.0,,,,,,,,U,1.0,61050630.0,61050630.0,93143.0,93358.0,,,,,,36.5,29.86,0.0,,,0.0,1.0,0.0,1.6986212508978735,20260402,20260403,,RISK_ON,,0.398070685,0.9711468361832617,0.9711468361832617,0.9711468361832617,True,lgbm,/home/runner/work/top10-decision/top10-decision/models/pfill_lgbm.joblib,meta_feature_contract,/home/runner/work/top10-decision/top10-decision/models/pfill_meta.json,88,board|area|market|latest_change_reason|limit_type|prior_board,82,symbol|board|area|market|market_regime|latest_change_reason|limit_type|prior_board,88,16,sample_weight|is_cold_start|feature_coverage_score|prior_strength_score|prior_theme_boost|prior_seal_amount|prior_open_times|prior_turnover_rate,25,trade_date|verify_date|ts_code|name|prob|StrengthScore|ThemeBoost|run_id,6,board|area|market|latest_change_reason|limit_type|prior_board,88,rank:int64|sample_weight:float64|is_cold_start:float64|feature_coverage_score:float64|symbol:int64|board:float64|area:float64|market:float64,model:lgbm,,0.010506566249547754,-0.06697203536678405,-0.06697203536678405,-0.06697203536678405,-0.06697203536678405,True,lr,/home/runner/work/top10-decision/top10-decision/models/eret_lr.joblib,meta_feature_contract,/home/runner/work/top10-decision/top10-decision/models/eret_meta.json,92,board|area|market|limit_type|prior_board,87,,92,20,close_t2.1|sample_weight|is_cold_start|feature_coverage_score|open_t1|prior_strength_score|prior_theme_boost|prior_seal_amount,49,trade_date|verify_date|ts_code|name|prob|StrengthScore|ThemeBoost|run_id,5,board|area|market|limit_type|prior_board,92,rank:float64|close_t2.1:float64|sample_weight:float64|is_cold_start:float64|feature_coverage_score:float64|open_t1:float64|symbol:float64|board:float64,model:lr,,RISK_ON,0.0002,0.0005,0.00064212,0.00011999999999999999,0.0,0.0004,0.0,0.00186212,0.00186212,0.0,0.005,0.002,0.0,0.0063467,0.006,0.0,0.0,0.0,0.0,0.0,0.0,0.005,0.0061906850000000005,0.0006,0.011790685,0.011790685,0.0,0.0,0.0,0.0,0.0,0.011790685,0.011790685,-0.07869248525920583,0.0,0.0,0.0,0.0162742355,0.0162742355,-0.09496672075920583,v1_1_exec_aware,-0.09496672075920583,pred_plus_fs,,,,,1,2026-04-03 02:42:22+0800
20260402,20260403,7,300834.SZ,星辉环材,0.2851521064075413,44.285714,0.0164,化工原料,23900636700,1,006aa00f4622e814853fdf7f685cc7f5bc81b4ac,2026-04-02T12:35:55Z,20260403,0.2851521064075413,,300834,化工原料,广东,创业板,20220113,41.01,43.49,38.8,43.49,20.0055,2.07041013068006,20.0055,2.265251667049899,1.197830305817431,18.80766969418257,224215.75,939894.278,11.652,32.5491,3.04,2.1284840719075003e-05,,,,,,,,842455.0232,,,,204162.55,53307.14,96511.2,107651.35,,,,0.0,,,0.0,-59821373.99,-3.77,38.27,8368640618.71,38.27,0.0,,,,,,,,U,3.0,61651510.0,61651510.0,93927.0,94530.0,,,,,,43.49,28.99,0.0,,,0.0,1.0,0.0,1.4505761453394137,20260402,20260403,,RISK_ON,,0.557434245,0.98,0.98,0.98,True,lgbm,/home/runner/work/top10-decision/top10-decision/models/pfill_lgbm.joblib,meta_feature_contract,/home/runner/work/top10-decision/top10-decision/models/pfill_meta.json,88,board|area|market|latest_change_reason|limit_type|prior_board,82,symbol|board|area|market|market_regime|latest_change_reason|limit_type|prior_board,88,16,sample_weight|is_cold_start|feature_coverage_score|prior_strength_score|prior_theme_boost|prior_seal_amount|prior_open_times|prior_turnover_rate,25,trade_date|verify_date|ts_code|name|prob|StrengthScore|ThemeBoost|run_id,6,board|area|market|latest_change_reason|limit_type|prior_board,88,rank:int64|sample_weight:float64|is_cold_start:float64|feature_coverage_score:float64|symbol:int64|board:float64|area:float64|market:float64,model:lgbm,,0.012603763192226239,-0.09690267022658618,-0.09690267022658618,-0.09690267022658618,-0.09690267022658618,True,lr,/home/runner/work/top10-decision/top10-decision/models/eret_lr.joblib,meta_feature_contract,/home/runner/work/top10-decision/top10-decision/models/eret_meta.json,92,board|area|market|limit_type|prior_board,87,,92,20,close_t2.1|sample_weight|is_cold_start|feature_coverage_score|open_t1|prior_strength_score|prior_theme_boost|prior_seal_amount,49,trade_date|verify_date|ts_code|name|prob|StrengthScore|ThemeBoost|run_id,5,board|area|market|limit_type|prior_board,92,rank:float64|close_t2.1:float64|sample_weight:float64|is_cold_start:float64|feature_coverage_score:float64|open_t1:float64|symbol:float64|board:float64,model:lr,,RISK_ON,0.0002,0.0007,0.00012781999999999995,0.00035999999999999997,0.0,0.0004,0.0,0.0017878199999999999,0.0017878199999999999,0.0,0.005,0.0075,0.0,0.0,0.006,0.0,0.0,0.003,0.0,0.0,0.0,0.0075,0.0027,0.0015,0.0117,0.0117,0.0,0.0,0.0,0.0,0.0,0.014700000000000001,0.014700000000000001,-0.11145243682205445,0.0,0.0,0.0,0.015285000000000002,0.015285000000000002,-0.12673743682205446,v1_1_exec_aware,-0.12673743682205446,pred_plus_fs,,,,,1,2026-04-03 02:42:22+0800
20260402,20260403,8,603222.SH,济民健康,0.1990817103997151,62.428571,0.01,医疗保健,23900636700,1,006aa00f4622e814853fdf7f685cc7f5bc81b4ac,2026-04-02T12:35:55Z,20260403,0.1990817103997151,,603222,医疗保健,浙江,主板,20150217,9.21,10.15,9.06,10.15,9.9675,0.9254615910645088,9.9675,1.1777906403940883,1.0157093596059106,8.951790640394087,481165.61,465726.549,9.1635,14.6263,3.92,2.1402043798881645e-05,,,,,,,,532966.9742,,,,204162.55,53307.14,96511.2,107651.35,,,,0.0,,,0.0,,,,,,0.0,,,,,,,,U,0.0,64705235.0,64705235.0,133547.0,133547.0,,,,,,10.15,8.31,0.0,,,0.0,1.0,0.0,2.210511090800224,20260402,20260403,,RISK_ON,,0.3634648825,0.9715339312198311,0.9715339312198311,0.9715339312198311,True,lgbm,/home/runner/work/top10-decision/top10-decision/models/pfill_lgbm.joblib,meta_feature_contract,/home/runner/work/top10-decision/top10-decision/models/pfill_meta.json,88,board|area|market|latest_change_reason|limit_type|prior_board,82,symbol|board|area|market|market_regime|latest_change_reason|limit_type|prior_board,88,16,sample_weight|is_cold_start|feature_coverage_score|prior_strength_score|prior_theme_boost|prior_seal_amount|prior_open_times|prior_turnover_rate,25,trade_date|verify_date|ts_code|name|prob|StrengthScore|ThemeBoost|run_id,6,board|area|market|latest_change_reason|limit_type|prior_board,88,rank:int64|sample_weight:float64|is_cold_start:float64|feature_coverage_score:float64|symbol:int64|board:float64|area:float64|market:float64,model:lgbm,,0.010002451311991453,0.028384338900761148,0.028384338900761148,0.028384338900761148,0.028384338900761148,True,lr,/home/runner/work/top10-decision/top10-decision/models/eret_lr.joblib,meta_feature_contract,/home/runner/work/top10-decision/top10-decision/models/eret_meta.json,92,board|area|market|limit_type|prior_board,87,,92,20,close_t2.1|sample_weight|is_cold_start|feature_coverage_score|open_t1|prior_strength_score|prior_theme_boost|prior_seal_amount,49,trade_date|verify_date|ts_code|name|prob|StrengthScore|ThemeBoost|run_id,5,board|area|market|limit_type|prior_board,92,rank:float64|close_t2.1:float64|sample_weight:float64|is_cold_start:float64|feature_coverage_score:float64|open_t1:float64|symbol:float64|board:float64,model:lr,,RISK_ON,0.0002,0.0005,4.072250000000003e-05,0.0,0.0,0.0004,0.0,0.0011407225,0.0011407225,0.0,0.0,0.0,0.0,0.0,0.006,0.0,0.0,0.0,0.0,0.0,0.0,0.0,0.0027,0.0,0.0027,0.0027,0.0,0.0,0.0,0.0,0.0,0.0027,0.0027,0.02373562585733246,0.0,0.0,0.0,0.004395,0.004395,0.01934062585733246,v1_1_exec_aware,0.01934062585733246,pred_plus_fs,,,,,1,2026-04-03 02:42:22+0800
20260402,20260403,9,000586.SZ,汇源通信,0.1606251675540152,69.392857,0.1736599148755986,通信设备,23900636700,1,006aa00f4622e814853fdf7f685cc7f5bc81b4ac,2026-04-02T12:35:55Z,20260403,0.1606251675540152,,586,通信设备,四川,主板,19951220,15.59,17.15,15.59,17.15,10.0064,1.5581843291176043,10.0064,1.0011652478134103,1.0011652478134103,9.005234752186588,134934.25,228227.691,7.0576,10.5711,1.73,4.384393478353159e-05,,,,,,,,331749.6,,,,204162.55,53307.14,96511.2,107651.35,,2.0,7.0,1.0,7.0,2.0,0.0,,,,,,0.0,,,,,,,,U,1.0,57279285.0,57279285.0,93254.0,93706.0,,,,,,17.15,14.03,1.0,7.0,2.0,0.0,1.0,0.0,1.9363516107407213,20260402,20260403,,RISK_ON,,0.41664835749999996,0.9479255346823223,0.9479255346823223,0.9479255346823223,True,lgbm,/home/runner/work/top10-decision/top10-decision/models/pfill_lgbm.joblib,meta_feature_contract,/home/runner/work/top10-decision/top10-decision/models/pfill_meta.json,88,board|area|market|latest_change_reason|limit_type|prior_board,82,symbol|board|area|market|market_regime|latest_change_reason|limit_type|prior_board,88,16,sample_weight|is_cold_start|feature_coverage_score|prior_strength_score|prior_theme_boost|prior_seal_amount|prior_open_times|prior_turnover_rate,25,trade_date|verify_date|ts_code|name|prob|StrengthScore|ThemeBoost|run_id,6,board|area|market|latest_change_reason|limit_type|prior_board,88,rank:int64|sample_weight:float64|is_cold_start:float64|feature_coverage_score:float64|symbol:int64|board:float64|area:float64|market:float64,model:lgbm,,0.009339734771247252,-0.01324597346929931,-0.01324597346929931,-0.01324597346929931,-0.01324597346929931,True,lr,/home/runner/work/top10-decision/top10-decision/models/eret_lr.joblib,meta_feature_contract,/home/runner/work/top10-decision/top10-decision/models/eret_meta.json,92,board|area|market|limit_type|prior_board,87,,92,20,close_t2.1|sample_weight|is_cold_start|feature_coverage_score|open_t1|prior_strength_score|prior_theme_boost|prior_seal_amount,49,trade_date|verify_date|ts_code|name|prob|StrengthScore|ThemeBoost|run_id,5,board|area|market|limit_type|prior_board,92,rank:float64|close_t2.1:float64|sample_weight:float64|is_cold_start:float64|feature_coverage_score:float64|open_t1:float64|symbol:float64|board:float64,model:lr,,RISK_ON,0.0002,0.0005,3.2984e-05,0.00011999999999999999,0.0,0.0004,0.0,0.001252984,0.001252984,0.0,0.005,0.002,0.0,0.0,0.006,0.0,0.0,0.0,0.0,0.0,0.0,0.005,0.0027,0.0006,0.0083,0.0083,0.0,0.0,0.0,0.0,0.0,0.0083,0.0083,-0.022109180483273407,0.0,0.0,0.0,0.009515,0.009515,-0.03162418048327341,v1_1_exec_aware,-0.03162418048327341,pred_plus_fs,,,,,1,2026-04-03 02:42:22+0800
20260402,20260403,10,002560.SZ,通达股份,0.1555931731484342,40.0,0.8363999999999999,电气设备,23900636700,1,006aa00f4622e814853fdf7f685cc7f5bc81b4ac,2026-04-02T12:35:55Z,20260403,0.1555931731484342,,2560,电气设备,河南,主板,20110303,12.99,13.06,11.93,13.06,10.0253,1.1845482662603286,10.0253,0.9539501531393574,0.0590942572741196,9.96620574272588,2109967.18,2709401.042,46.5842,51.6975,5.45,3.700190501366169e-06,,,,,,,,686614.5724,,,,204162.55,53307.14,96511.2,107651.35,,3.0,1.0,1.0,1.0,3.0,0.0,136433580.25,5.04,24.94,5915344186.12,24.94,0.0,,,,,,,,U,21.0,20794132.0,20794132.0,93812.0,135118.0,,,,,,13.06,10.68,1.0,1.0,3.0,0.0,1.0,0.0,1.363105878605006,20260402,20260403,,RISK_ON,,0.7396029339999999,0.98,0.98,0.98,True,lgbm,/home/runner/work/top10-decision/top10-decision/models/pfill_lgbm.joblib,meta_feature_contract,/home/runner/work/top10-decision/top10-decision/models/pfill_meta.json,88,board|area|market|latest_change_reason|limit_type|prior_board,82,symbol|board|area|market|market_regime|latest_change_reason|limit_type|prior_board,88,16,sample_weight|is_cold_start|feature_coverage_score|prior_strength_score|prior_theme_boost|prior_seal_amount|prior_open_times|prior_turnover_rate,25,trade_date|verify_date|ts_code|name|prob|StrengthScore|ThemeBoost|run_id,6,board|area|market|latest_change_reason|limit_type|prior_board,88,rank:int64|sample_weight:float64|is_cold_start:float64|feature_coverage_score:float64|symbol:int64|board:float64|area:float64|market:float64,model:lgbm,,0.011176995194453025,0.011518593646014137,0.011518593646014137,0.011518593646014137,0.011518593646014137,True,lr,/home/runner/work/top10-decision/top10-decision/models/eret_lr.joblib,meta_feature_contract,/home/runner/work/top10-decision/top10-decision/models/eret_meta.json,92,board|area|market|limit_type|prior_board,87,,92,20,close_t2.1|sample_weight|is_cold_start|feature_coverage_score|open_t1|prior_strength_score|prior_theme_boost|prior_seal_amount,49,trade_date|verify_date|ts_code|name|prob|StrengthScore|ThemeBoost|run_id,5,board|area|market|limit_type|prior_board,92,rank:float64|close_t2.1:float64|sample_weight:float64|is_cold_start:float64|feature_coverage_score:float64|open_t1:float64|symbol:float64|board:float64,model:lr,,RISK_ON,0.0002,0.0005,0.0018,0.0006,0.0,0.0004,0.0,0.0035,0.0035,0.0,0.005,0.01,0.0,0.0,0.006,0.005,0.0,0.0,0.0,0.0,0.0,0.01,0.0027,0.0015,0.014199999999999999,0.014199999999999999,0.005,0.0,0.005,0.005,0.0,0.0192,0.0192,-0.011411778226906144,0.0,0.0,0.0,0.022735000000000002,0.022735000000000002,-0.03414677822690615,v1_1_exec_aware,-0.03414677822690615,pred_plus_fs,,,,,1,2026-04-03 02:42:22+0800
20260402,20260403,11,300839.SZ,博汇股份,0.1849908811232885,48.285714,0.2518420922806225,石油加工,23900636700,1,006aa00f4622e814853fdf7f685cc7f5bc81b4ac,2026-04-02T12:35:55Z,20260403,0.1849908811232885,,300839,石油加工,浙江,创业板,20200630,16.36,16.69,15.57,16.69,19.9856,0.7953072583104605,19.9856,1.408260754943081,0.4149339724385883,19.570666027561412,226481.55,373412.622,7.8181,14.0317,1.99,5.352149022964736e-05,,,,,,,,492294.2067,,,,204162.55,53307.14,96511.2,107651.35,,2.0,6.0,1.0,6.0,2.0,0.0,131347336.13,35.17,56.3,4834910361.33,56.3,0.0,,,,,,,,U,0.0,96809059.0,96809059.0,93103.0,93103.0,,,,,,16.69,11.13,1.0,6.0,2.0,0.0,1.0,0.0,2.564957214967741,20260402,20260403,,RISK_ON,,0.34068597049999993,0.964583327795836,0.964583327795836,0.964583327795836,True,lgbm,/home/runner/work/top10-decision/top10-decision/models/pfill_lgbm.joblib,meta_feature_contract,/home/runner/work/top10-decision/top10-decision/models/pfill_meta.json,88,board|area|market|latest_change_reason|limit_type|prior_board,82,symbol|board|area|market|market_regime|latest_change_reason|limit_type|prior_board,88,16,sample_weight|is_cold_start|feature_coverage_score|prior_strength_score|prior_theme_boost|prior_seal_amount|prior_open_times|prior_turnover_rate,25,trade_date|verify_date|ts_code|name|prob|StrengthScore|ThemeBoost|run_id,6,board|area|market|latest_change_reason|limit_type|prior_board,88,rank:int64|sample_weight:float64|is_cold_start:float64|feature_coverage_score:float64|symbol:int64|board:float64|area:float64|market:float64,model:lgbm,,0.010305252710540523,-0.001306727422809217,-0.001306727422809217,-0.001306727422809217,-0.001306727422809217,True,lr,/home/runner/work/top10-decision/top10-decision/models/eret_lr.joblib,meta_feature_contract,/home/runner/work/top10-decision/top10-decision/models/eret_meta.json,92,board|area|market|limit_type|prior_board,87,,92,20,close_t2.1|sample_weight|is_cold_start|feature_coverage_score|open_t1|prior_strength_score|prior_theme_boost|prior_seal_amount,49,trade_date|verify_date|ts_code|name|prob|StrengthScore|ThemeBoost|run_id,5,board|area|market|limit_type|prior_board,92,rank:float64|close_t2.1:float64|sample_weight:float64|is_cold_start:float64|feature_coverage_score:float64|open_t1:float64|symbol:float64|board:float64,model:lr,,RISK_ON,0.0002,0.0007,6.366499999999991e-06,0.0,0.0,0.0004,0.0,0.0013063665,0.0013063665,0.0,0.0,0.0,0.0,0.0,0.006,0.0,0.0,0.003,0.0,0.0,0.0,0.0,0.0027,0.0,0.0027,0.0027,0.0,0.0,0.0,0.0,0.0,0.0057,0.0057,-0.008266813986015392,0.0,0.0,0.0,0.004395,0.004395,-0.012661813986015392,v1_1_exec_aware,-0.012661813986015392,pred_plus_fs,,,,,1,2026-04-03 02:42:22+0800
20260402,20260403,12,000720.SZ,新能泰山,0.0514359652757701,58.785714,0.8363999999999999,电气设备,23900636700,1,006aa00f4622e814853fdf7f685cc7f5bc81b4ac,2026-04-02T12:35:55Z,20260403,0.0514359652757701,,720,电气设备,山东,主板,19970509,4.87,5.4,4.66,5.4,9.9796,0.4918211956719735,9.9796,1.504611851851852,1.077627407407408,8.901972592592593,2578248.89,1370324.229,20.5188,35.1925,1.48,7.282656023153481e-06,,,,,,,,678527.0483,,,,204162.55,53307.14,96511.2,107651.35,,3.0,1.0,1.0,1.0,3.0,0.0,384411925.0,28.05,44.09,6785270483.4,44.09,0.0,,,,,,,,U,0.0,3582937.0,3582937.0,93403.0,93403.0,,,,,,5.4,4.42,1.0,1.0,3.0,0.0,1.0,0.0,2.261656676250978,20260402,20260403,,RISK_ON,,0.44820853149999995,0.967604635020976,0.967604635020976,0.967604635020976,True,lgbm,/home/runner/work/top10-decision/top10-decision/models/pfill_lgbm.joblib,meta_feature_contract,/home/runner/work/top10-decision/top10-decision/models/pfill_meta.json,88,board|area|market|latest_change_reason|limit_type|prior_board,82,symbol|board|area|market|market_regime|latest_change_reason|limit_type|prior_board,88,16,sample_weight|is_cold_start|feature_coverage_score|prior_strength_score|prior_theme_boost|prior_seal_amount|prior_open_times|prior_turnover_rate,25,trade_date|verify_date|ts_code|name|prob|StrengthScore|ThemeBoost|run_id,6,board|area|market|latest_change_reason|limit_type|prior_board,88,rank:int64|sample_weight:float64|is_cold_start:float64|feature_coverage_score:float64|symbol:int64|board:float64|area:float64|market:float64,model:lgbm,,0.008052278958273103,0.03506153248801532,0.03506153248801532,0.03506153248801532,0.03506153248801532,True,lr,/home/runner/work/top10-decision/top10-decision/models/eret_lr.joblib,meta_feature_contract,/home/runner/work/top10-decision/top10-decision/models/eret_meta.json,92,board|area|market|limit_type|prior_board,87,,92,20,close_t2.1|sample_weight|is_cold_start|feature_coverage_score|open_t1|prior_strength_score|prior_theme_boost|prior_seal_amount,49,trade_date|verify_date|ts_code|name|prob|StrengthScore|ThemeBoost|run_id,5,board|area|market|limit_type|prior_board,92,rank:float64|close_t2.1:float64|sample_weight:float64|is_cold_start:float64|feature_coverage_score:float64|open_t1:float64|symbol:float64|board:float64,model:lr,,RISK_ON,0.0002,0.0005,0.0005259399999999999,0.0,0.00015,0.0004,0.0,0.00177594,0.00177594,0.0,0.0,0.0,0.0,0.0,0.006,0.0018395999999999996,0.0,0.0,0.0029447086666666666,0.0,0.0,0.0,0.0044668252,0.0,0.0044668252,0.0044668252,0.0018395999999999996,0.0,0.0018395999999999996,0.0018395999999999996,0.0,0.006306425199999999,0.006306425199999999,0.025843336146342162,0.0,0.0,0.0,0.00672462142,0.00672462142,0.019118714726342162,v1_1_exec_aware,0.019118714726342162,pred_plus_fs,,,,,1,2026-04-03 02:42:22+0800
20260402,20260403,13,603863.SH,松炀资源,0.0961356562996238,71.107143,0.01,造纸,23900636700,1,006aa00f4622e814853fdf7f685cc7f5bc81b4ac,2026-04-02T12:35:55Z,20260403,0.0961356562996238,,603863,造纸,广东,主板,20190621,15.64,17.25,15.6,17.25,10.0128,1.5663591457213424,10.0128,1.0533982608695656,1.027861333333333,8.984938666666666,145582.2,245574.06,7.1137,10.002,1.32,4.077303604460504e-05,,,,,,,,353021.25,,,,204162.55,53307.14,96511.2,107651.35,,,,0.0,,,0.0,,,,,,0.0,,,,,,,,U,2.0,29952900.0,29952900.0,94917.0,100102.0,,,,,,17.25,14.11,0.0,,,0.0,1.0,0.0,1.4307816719666762,20260402,20260403,,RISK_ON,,0.49059205,0.98,0.98,0.98,True,lgbm,/home/runner/work/top10-decision/top10-decision/models/pfill_lgbm.joblib,meta_feature_contract,/home/runner/work/top10-decision/top10-decision/models/pfill_meta.json,88,board|area|market|latest_change_reason|limit_type|prior_board,82,symbol|board|area|market|market_regime|latest_change_reason|limit_type|prior_board,88,16,sample_weight|is_cold_start|feature_coverage_score|prior_strength_score|prior_theme_boost|prior_seal_amount|prior_open_times|prior_turnover_rate,25,trade_date|verify_date|ts_code|name|prob|StrengthScore|ThemeBoost|run_id,6,board|area|market|latest_change_reason|limit_type|prior_board,88,rank:int64|sample_weight:float64|is_cold_start:float64|feature_coverage_score:float64|symbol:int64|board:float64|area:float64|market:float64,model:lgbm,,0.006914069688988713,0.005170517907759405,0.005170517907759405,0.005170517907759405,0.005170517907759405,True,lr,/home/runner/work/top10-decision/top10-decision/models/eret_lr.joblib,meta_feature_contract,/home/runner/work/top10-decision/top10-decision/models/eret_meta.json,92,board|area|market|limit_type|prior_board,87,,92,20,close_t2.1|sample_weight|is_cold_start|feature_coverage_score|open_t1|prior_strength_score|prior_theme_boost|prior_seal_amount,49,trade_date|verify_date|ts_code|name|prob|StrengthScore|ThemeBoost|run_id,5,board|area|market|limit_type|prior_board,92,rank:float64|close_t2.1:float64|sample_weight:float64|is_cold_start:float64|feature_coverage_score:float64|open_t1:float64|symbol:float64|board:float64,model:lr,,RISK_ON,0.0002,0.0005,3.1020500000000006e-05,0.00023999999999999998,0.0,0.0004,0.0,0.0013710205,0.0013710205,0.0,0.005,0.0045,0.0,0.0,0.006,0.0,0.0,0.0,0.0,0.0,0.0,0.005,0.0027,0.0013499999999999999,0.00905,0.00905,0.0,0.0,0.0,0.0,0.0,0.00905,0.00905,-0.005353912950395784,0.0,0.0,0.0,0.010490000000000001,0.010490000000000001,-0.015843912950395785,v1_1_exec_aware,-0.015843912950395785,pred_plus_fs,,,,,1,2026-04-03 02:42:22+0800
20260402,20260403,14,603477.SH,巨星农牧,0.124203957541506,61.035714,0.0164,农业综合,23900636700,1,006aa00f4622e814853fdf7f685cc7f5bc81b4ac,2026-04-02T12:35:55Z,20260403,0.124203957541506,,603477,农业综合,四川,主板,20171218,15.47,17.03,15.47,17.03,10.0129,1.5463683498442735,10.0129,1.0088152671755728,1.0088152671755728,9.004084732824428,346522.28,571880.602,6.7936,12.6642,2.96,1.750872466207553e-05,,,,,,,,868649.9099,,,,204162.55,53307.14,96511.2,107651.35,,1.0,10.0,1.0,10.0,1.0,0.0,48452313.8,8.47,34.79,8686499099.33,34.79,0.0,,,,,,,,U,1.0,38240865.0,38240865.0,104654.0,130939.0,,,,,,17.03,13.93,1.0,10.0,1.0,0.0,1.0,0.0,1.8744122860274608,20260402,20260403,,RISK_ON,,0.42484756749999997,0.98,0.98,0.98,True,lgbm,/home/runner/work/top10-decision/top10-decision/models/pfill_lgbm.joblib,meta_feature_contract,/home/runner/work/top10-decision/top10-decision/models/pfill_meta.json,88,board|area|market|latest_change_reason|limit_type|prior_board,82,symbol|board|area|market|market_regime|latest_change_reason|limit_type|prior_board,88,16,sample_weight|is_cold_start|feature_coverage_score|prior_strength_score|prior_theme_boost|prior_seal_amount|prior_open_times|prior_turnover_rate,25,trade_date|verify_date|ts_code|name|prob|StrengthScore|ThemeBoost|run_id,6,board|area|market|latest_change_reason|limit_type|prior_board,88,rank:int64|sample_weight:float64|is_cold_start:float64|feature_coverage_score:float64|symbol:int64|board:float64|area:float64|market:float64,model:lgbm,,0.00777531872624518,-0.0031438390527282712,-0.0031438390527282712,-0.0031438390527282712,-0.0031438390527282712,True,lr,/home/runner/work/top10-decision/top10-decision/models/eret_lr.joblib,meta_feature_contract,/home/runner/work/top10-decision/top10-decision/models/eret_meta.json,92,board|area|market|limit_type|prior_board,87,,92,20,close_t2.1|sample_weight|is_cold_start|feature_coverage_score|open_t1|prior_strength_score|prior_theme_boost|prior_seal_amount,49,trade_date|verify_date|ts_code|name|prob|StrengthScore|ThemeBoost|run_id,5,board|area|market|limit_type|prior_board,92,rank:float64|close_t2.1:float64|sample_weight:float64|is_cold_start:float64|feature_coverage_score:float64|open_t1:float64|symbol:float64|board:float64,model:lr,,RISK_ON,0.0002,0.0005,4.2224000000000015e-05,0.00011999999999999999,0.0,0.0004,0.0,0.001262224,0.001262224,0.0,0.005,0.002,0.0,0.0,0.006,0.0,0.0,0.0,0.0,0.0,0.0,0.005,0.0027,0.0006,0.0083,0.0083,0.0,0.0,0.0,0.0,0.0,0.0083,0.0083,-0.012643186271673705,0.0,0.0,0.0,0.009515,0.009515,-0.022158186271673704,v1_1_exec_aware,-0.022158186271673704,pred_plus_fs,,,,,1,2026-04-03 02:42:22+0800
20260402,20260403,15,920230.BJ,欧康医药,0.1044231456856635,52.321429,0.3351513965909831,生物制药,23900636700,1,006aa00f4622e814853fdf7f685cc7f5bc81b4ac,2026-04-02T12:35:55Z,20260403,0.1044231456856635,,920230,生物制药,四川,北交所,20221209,11.6,14.61,11.24,14.61,29.9822,0.4715610899161454,29.9822,7.1464759753593405,6.383054209445584,23.599145790554413,118574.63,166292.836,25.0964,42.7105,13.21,0.0001802976046424,,,,,,,,147148.2602,,,,204162.55,53307.14,96511.2,107651.35,,2.0,5.0,1.0,5.0,2.0,0.0,18657320.43,11.22,43.79,690289598.28,43.79,0.0,,,,,,,,U,1.0,10605924.0,10605924.0,100840.0,141810.0,,,,,,14.61,7.87,1.0,5.0,2.0,0.0,1.0,0.0,1.784505162220403,20260402,20260403,,RISK_ON,,0.504697038,0.98,0.98,0.98,True,lgbm,/home/runner/work/top10-decision/top10-decision/models/pfill_lgbm.joblib,meta_feature_contract,/home/runner/work/top10-decision/top10-decision/models/pfill_meta.json,88,board|area|market|latest_change_reason|limit_type|prior_board,82,symbol|board|area|market|market_regime|latest_change_reason|limit_type|prior_board,88,16,sample_weight|is_cold_start|feature_coverage_score|prior_strength_score|prior_theme_boost|prior_seal_amount|prior_open_times|prior_turnover_rate,25,trade_date|verify_date|ts_code|name|prob|StrengthScore|ThemeBoost|run_id,6,board|area|market|latest_change_reason|limit_type|prior_board,88,rank:int64|sample_weight:float64|is_cold_start:float64|feature_coverage_score:float64|symbol:int64|board:float64|area:float64|market:float64,model:lgbm,,0.008138148560342853,-0.002092478147642172,-0.002092478147642172,-0.002092478147642172,-0.002092478147642172,True,lr,/home/runner/work/top10-decision/top10-decision/models/eret_lr.joblib,meta_feature_contract,/home/runner/work/top10-decision/top10-decision/models/eret_meta.json,92,board|area|market|limit_type|prior_board,87,,92,20,close_t2.1|sample_weight|is_cold_start|feature_coverage_score|open_t1|prior_strength_score|prior_theme_boost|prior_seal_amount,49,trade_date|verify_date|ts_code|name|prob|StrengthScore|ThemeBoost|run_id,5,board|area|market|limit_type|prior_board,92,rank:float64|close_t2.1:float64|sample_weight:float64|is_cold_start:float64|feature_coverage_score:float64|open_t1:float64|symbol:float64|board:float64,model:lr,,RISK_ON,0.0002,0.0005,0.0007548199999999999,0.00011999999999999999,0.0,0.0004,0.0,0.0019748199999999995,0.0019748199999999995,0.0,0.005,0.002,0.0,0.0,0.006,0.0033654666666666664,0.0,0.0,0.0,0.0,0.0,0.005,0.0027,0.0006,0.0083,0.0083,0.0033654666666666664,0.0,0.0033654666666666664,0.0033654666666666664,0.0,0.011665466666666666,0.011665466666666666,-0.01569091525135599,0.0,0.0,0.0,0.01254392,0.01254392,-0.02823483525135599,v1_1_exec_aware,-0.02823483525135599,pred_plus_fs,,,,,1,2026-04-03 02:42:22+0800
20260402,20260403,16,600339.SH,中油工程,0.0399484948872694,56.321429,0.679305707944409,石油开采,23900636700,1,006aa00f4622e814853fdf7f685cc7f5bc81b4ac,2026-04-02T12:35:55Z,20260403,0.0399484948872694,,600339,石油开采,新疆,主板,20001225,4.03,4.46,4.02,4.46,10.1235,0.4009529374747156,10.1235,1.0973856502242163,1.0724450672645731,9.051054932735427,2151538.1,929351.788,3.8536,13.8614,2.4,1.0893076368622644e-05,,,,,,,,2490083.7721,,,,204162.55,53307.14,96511.2,107651.35,,3.0,2.0,1.0,2.0,3.0,0.0,148319040.16,15.96,32.64,24900837720.66,32.64,0.0,,,,,,,,U,2.0,60728323.0,60728323.0,130129.0,134826.0,,,,,,4.46,3.65,1.0,2.0,3.0,0.0,1.0,0.0,1.780905995223802,20260402,20260403,,RISK_ON,,0.4589038385,0.979534410791947,0.979534410791947,0.979534410791947,True,lgbm,/home/runner/work/top10-decision/top10-decision/models/pfill_lgbm.joblib,meta_feature_contract,/home/runner/work/top10-decision/top10-decision/models/pfill_meta.json,88,board|area|market|latest_change_reason|limit_type|prior_board,82,symbol|board|area|market|market_regime|latest_change_reason|limit_type|prior_board,88,16,sample_weight|is_cold_start|feature_coverage_score|prior_strength_score|prior_theme_boost|prior_seal_amount|prior_open_times|prior_turnover_rate,25,trade_date|verify_date|ts_code|name|prob|StrengthScore|ThemeBoost|run_id,6,board|area|market|latest_change_reason|limit_type|prior_board,88,rank:int64|sample_weight:float64|is_cold_start:float64|feature_coverage_score:float64|symbol:int64|board:float64|area:float64|market:float64,model:lgbm,,0.00723637197045131,0.03866978544115048,0.03866978544115048,0.03866978544115048,0.03866978544115048,True,lr,/home/runner/work/top10-decision/top10-decision/models/eret_lr.joblib,meta_feature_contract,/home/runner/work/top10-decision/top10-decision/models/eret_meta.json,92,board|area|market|limit_type|prior_board,87,,92,20,close_t2.1|sample_weight|is_cold_start|feature_coverage_score|open_t1|prior_strength_score|prior_theme_boost|prior_seal_amount,49,trade_date|verify_date|ts_code|name|prob|StrengthScore|ThemeBoost|run_id,5,board|area|market|limit_type|prior_board,92,rank:float64|close_t2.1:float64|sample_weight:float64|is_cold_start:float64|feature_coverage_score:float64|open_t1:float64|symbol:float64|board:float64,model:lr,,RISK_ON,0.0002,0.0005,0.00062196,0.00023999999999999998,0.0,0.0004,0.0001,0.00206196,0.00206196,0.0,0.005,0.0045,0.0,0.0060611,0.006,0.0,0.0,0.0,0.0,0.0,0.0,0.005,0.006033605000000001,0.0013499999999999999,0.012383605000000002,0.012383605000000002,0.0,0.0,0.0,0.0,0.0,0.012383605000000002,0.012383605000000002,0.023432820497548346,0.0,0.0,0.0,0.016945071500000002,0.016945071500000002,0.006487748997548344,v1_1_exec_aware,0.006487748997548344,pred_plus_fs,,,,,1,2026-04-03 02:42:22+0800
20260402,20260403,17,603798.SH,康普顿,0.0416255358806228,70.857143,0.2454420922806225,石油加工,23900636700,1,006aa00f4622e814853fdf7f685cc7f5bc81b4ac,2026-04-02T12:35:55Z,20260403,0.0416255358806228,,603798,石油加工,山东,主板,20160406,14.39,15.62,14.17,15.62,10.0,1.42,10.0,1.0211267605633798,0.8661971830985906,9.13380281690141,116880.2,179519.422,4.5576,9.6925,3.03,5.5704279172645735e-05,,,,,,,,400574.3533,,,,204162.55,53307.14,96511.2,107651.35,,2.0,6.0,1.0,6.0,2.0,0.0,,,,,,0.0,,,,,,,,U,0.0,41944386.0,41944386.0,95901.0,95901.0,,,,,,15.62,12.78,1.0,6.0,2.0,0.0,1.0,0.0,2.3864612685481417,20260402,20260403,,RISK_ON,,0.351815807,0.8466331252937149,0.8466331252937149,0.8466331252937149,True,lgbm,/home/runner/work/top10-decision/top10-decision/models/pfill_lgbm.joblib,meta_feature_contract,/home/runner/work/top10-decision/top10-decision/models/pfill_meta.json,88,board|area|market|latest_change_reason|limit_type|prior_board,82,symbol|board|area|market|market_regime|latest_change_reason|limit_type|prior_board,88,16,sample_weight|is_cold_start|feature_coverage_score|prior_strength_score|prior_theme_boost|prior_seal_amount|prior_open_times|prior_turnover_rate,25,trade_date|verify_date|ts_code|name|prob|StrengthScore|ThemeBoost|run_id,6,board|area|market|latest_change_reason|limit_type|prior_board,88,rank:int64|sample_weight:float64|is_cold_start:float64|feature_coverage_score:float64|symbol:int64|board:float64|area:float64|market:float64,model:lgbm,,0.005985092353260552,0.0005329143549343378,0.0005329143549343378,0.0005329143549343378,0.0005329143549343378,True,lr,/home/runner/work/top10-decision/top10-decision/models/eret_lr.joblib,meta_feature_contract,/home/runner/work/top10-decision/top10-decision/models/eret_meta.json,92,board|area|market|limit_type|prior_board,87,,92,20,close_t2.1|sample_weight|is_cold_start|feature_coverage_score|open_t1|prior_strength_score|prior_theme_boost|prior_seal_amount,49,trade_date|verify_date|ts_code|name|prob|StrengthScore|ThemeBoost|run_id,5,board|area|market|limit_type|prior_board,92,rank:float64|close_t2.1:float64|sample_weight:float64|is_cold_start:float64|feature_coverage_score:float64|open_t1:float64|symbol:float64|board:float64,model:lr,,RISK_ON,0.0002,0.0005,0.000120484,0.0,0.0,0.0004,0.0,0.001220484,0.001220484,0.0,0.0,0.0,0.0,0.0045651,0.006,0.0,0.0,0.0,0.0,0.0,0.0,0.0,0.005210805000000001,0.0,0.005210805000000001,0.005210805000000001,0.0,0.0,0.0,0.0,0.0,0.005210805000000001,0.005210805000000001,-0.005980106054168058,0.0026142724917759806,0.0,0.0026142724917759806,0.008126969250000001,0.010741241741775981,-0.016721347795944037,v1_1_exec_aware,-0.016721347795944037,pred_plus_fs,,,,,1,2026-04-03 02:42:22+0800
20260402,20260403,18,002828.SZ,贝肯能源,0.0105415504938739,65.285714,0.6729057079444091,石油开采,23900636700,1,006aa00f4622e814853fdf7f685cc7f5bc81b4ac,2026-04-02T12:35:55Z,20260403,0.0105415504938739,,2828,石油开采,新疆,主板,20161208,13.29,13.79,13.01,13.79,9.9681,1.2572824828365896,9.9681,0.6203856417693977,0.3976831036983321,9.570416896301667,280456.7,381553.457,14.4892,16.9843,1.17,2.612504176577281e-05,,,,,,,,277161.9004,,,,204162.55,53307.14,96511.2,107651.35,,3.0,2.0,1.0,2.0,3.0,0.0,,,,,,0.0,,,,,,,,U,0.0,65392180.0,65392180.0,93430.0,93430.0,,,,,,13.79,11.29,1.0,2.0,3.0,0.0,1.0,0.0,2.462745987888068,20260402,20260403,,RISK_ON,,0.38974991,0.98,0.98,0.98,True,lgbm,/home/runner/work/top10-decision/top10-decision/models/pfill_lgbm.joblib,meta_feature_contract,/home/runner/work/top10-decision/top10-decision/models/pfill_meta.json,88,board|area|market|latest_change_reason|limit_type|prior_board,82,symbol|board|area|market|market_regime|latest_change_reason|limit_type|prior_board,88,16,sample_weight|is_cold_start|feature_coverage_score|prior_strength_score|prior_theme_boost|prior_seal_amount|prior_open_times|prior_turnover_rate,25,trade_date|verify_date|ts_code|name|prob|StrengthScore|ThemeBoost|run_id,6,board|area|market|latest_change_reason|limit_type|prior_board,88,rank:int64|sample_weight:float64|is_cold_start:float64|feature_coverage_score:float64|symbol:int64|board:float64|area:float64|market:float64,model:lgbm,,0.006334963638649444,0.004679271874310513,0.004679271874310513,0.004679271874310513,0.004679271874310513,True,lr,/home/runner/work/top10-decision/top10-decision/models/eret_lr.joblib,meta_feature_contract,/home/runner/work/top10-decision/top10-decision/models/eret_meta.json,92,board|area|market|limit_type|prior_board,87,,92,20,close_t2.1|sample_weight|is_cold_start|feature_coverage_score|open_t1|prior_strength_score|prior_theme_boost|prior_seal_amount,49,trade_date|verify_date|ts_code|name|prob|StrengthScore|ThemeBoost|run_id,5,board|area|market|limit_type|prior_board,92,rank:float64|close_t2.1:float64|sample_weight:float64|is_cold_start:float64|feature_coverage_score:float64|open_t1:float64|symbol:float64|board:float64,model:lr,,RISK_ON,0.0002,0.0005,0.000227122,0.0,0.0,0.0004,0.0,0.001327122,0.001327122,0.0,0.0,0.0,0.0,0.0,0.006,0.0,0.0,0.0,0.0,0.0,0.0,0.0,0.0027,0.0,0.0027,0.0027,0.0,0.0,0.0,0.0,0.0,0.0027,0.0027,0.0005585644368243025,0.0,0.0,0.0,0.004395,0.004395,-0.003836435563175697,v1_1_exec_aware,-0.003836435563175697,pred_plus_fs,,,,,1,2026-04-03 02:42:22+0800
20260402,20260403,19,603122.SH,合富中国,0.0946821550974959,42.428571,0.4258611773793213,医药商业,23900636700,1,006aa00f4622e814853fdf7f685cc7f5bc81b4ac,2026-04-02T12:35:55Z,20260403,0.0946821550974959,,603122,医药商业,上海,主板,20220216,17.1,18.69,16.83,18.69,10.0059,1.6981800670549434,10.0059,1.0952902086677383,0.9362964686998392,9.06960353130016,716009.4,1276574.779,17.9878,39.1059,1.65,7.838083725763471e-06,,,,,,,,743960.3711,,,,204162.55,53307.14,96511.2,107651.35,,2.0,4.0,1.0,4.0,2.0,0.0,,,,,,0.0,,,,,,,,U,0.0,144836286.0,144836286.0,132102.0,132102.0,,,,,,18.69,15.29,1.0,4.0,2.0,0.0,1.0,0.0,2.721208311867088,20260402,20260403,,RISK_ON,,0.367520857,0.9785788184703921,0.9785788184703921,0.9785788184703921,True,lgbm,/home/runner/work/top10-decision/top10-decision/models/pfill_lgbm.joblib,meta_feature_contract,/home/runner/work/top10-decision/top10-decision/models/pfill_meta.json,88,board|area|market|latest_change_reason|limit_type|prior_board,82,symbol|board|area|market|market_regime|latest_change_reason|limit_type|prior_board,88,16,sample_weight|is_cold_start|feature_coverage_score|prior_strength_score|prior_theme_boost|prior_seal_amount|prior_open_times|prior_turnover_rate,25,trade_date|verify_date|ts_code|name|prob|StrengthScore|ThemeBoost|run_id,6,board|area|market|latest_change_reason|limit_type|prior_board,88,rank:int64|sample_weight:float64|is_cold_start:float64|feature_coverage_score:float64|symbol:int64|board:float64|area:float64|market:float64,model:lgbm,,0.008118048185062841,-0.007247760158942707,-0.007247760158942707,-0.007247760158942707,-0.007247760158942707,True,lr,/home/runner/work/top10-decision/top10-decision/models/eret_lr.joblib,meta_feature_contract,/home/runner/work/top10-decision/top10-decision/models/eret_meta.json,92,board|area|market|limit_type|prior_board,87,,92,20,close_t2.1|sample_weight|is_cold_start|feature_coverage_score|open_t1|prior_strength_score|prior_theme_boost|prior_seal_amount,49,trade_date|verify_date|ts_code|name|prob|StrengthScore|ThemeBoost|run_id,5,board|area|market|limit_type|prior_board,92,rank:float64|close_t2.1:float64|sample_weight:float64|is_cold_start:float64|feature_coverage_score:float64|open_t1:float64|symbol:float64|board:float64,model:lr,,RISK_ON,0.0002,0.0005,0.000349573,0.0,0.0,0.0004,0.0,0.001449573,0.001449573,0.0,0.0,0.0,0.0,0.0,0.006,0.0,0.0,0.0,0.0,0.0,0.0,0.0,0.0027,0.0,0.0027,0.0027,0.0,0.0,0.0,0.0,0.0,0.0027,0.0027,-0.011242077572894936,0.0,0.0,0.0,0.004395,0.004395,-0.015637077572894936,v1_1_exec_aware,-0.015637077572894936,pred_plus_fs,,,,,1,2026-04-03 02:42:22+0800
20260402,20260403,20,002263.SZ,大东南,0.132966931150333,44.035714,0.0164,塑料,23900636700,1,006aa00f4622e814853fdf7f685cc7f5bc81b4ac,2026-04-02T12:35:55Z,20260403,0.132966931150333,,2263,塑料,浙江,主板,20080728,4.2,4.73,4.19,4.73,10.0,0.43,10.0,1.255813953488372,1.232558139534884,8.767441860465116,5655622.19,2576541.152,30.1096,41.764,1.56,3.881172242188973e-06,,,,,,,,888464.3273,,,,204162.55,53307.14,96511.2,107651.35,,,,0.0,,,0.0,319521445.95,12.4,23.19,8884572323.0,23.19,0.0,,,,,,,,U,1.0,61630518.0,61630518.0,143006.0,143809.0,,,,,,4.73,3.87,0.0,,,0.0,1.0,0.0,1.7005078502653277,20260402,20260403,,RISK_ON,,0.47918474099999997,0.98,0.98,0.98,True,lgbm,/home/runner/work/top10-decision/top10-decision/models/pfill_lgbm.joblib,meta_feature_contract,/home/runner/work/top10-decision/top10-decision/models/pfill_meta.json,88,board|area|market|latest_change_reason|limit_type|prior_board,82,symbol|board|area|market|market_regime|latest_change_reason|limit_type|prior_board,88,16,sample_weight|is_cold_start|feature_coverage_score|prior_strength_score|prior_theme_boost|prior_seal_amount|prior_open_times|prior_turnover_rate,25,trade_date|verify_date|ts_code|name|prob|StrengthScore|ThemeBoost|run_id,6,board|area|market|latest_change_reason|limit_type|prior_board,88,rank:int64|sample_weight:float64|is_cold_start:float64|feature_coverage_score:float64|symbol:int64|board:float64|area:float64|market:float64,model:lgbm,,0.008038207934509989,0.045454554214257564,0.045454554214257564,0.045454554214257564,0.045454554214257564,True,lr,/home/runner/work/top10-decision/top10-decision/models/eret_lr.joblib,meta_feature_contract,/home/runner/work/top10-decision/top10-decision/models/eret_meta.json,92,board|area|market|limit_type|prior_board,87,,92,20,close_t2.1|sample_weight|is_cold_start|feature_coverage_score|open_t1|prior_strength_score|prior_theme_boost|prior_seal_amount,49,trade_date|verify_date|ts_code|name|prob|StrengthScore|ThemeBoost|run_id,5,board|area|market|limit_type|prior_board,92,rank:float64|close_t2.1:float64|sample_weight:float64|is_cold_start:float64|feature_coverage_score:float64|open_t1:float64|symbol:float64|board:float64,model:lr,,RISK_ON,0.0002,0.0005,0.00100548,0.00011999999999999999,0.0,0.0004,0.0001,0.00232548,0.00232548,0.0,0.005,0.002,0.0,0.0,0.006,0.005,0.0,0.0,0.0,0.0,0.0,0.005,0.0027,0.0006,0.0083,0.0083,0.005,0.0,0.005,0.005,0.0,0.0133,0.0133,0.028919983129972418,0.0,0.0,0.0,0.014015,0.014015,0.014904983129972418,v1_1_exec_aware,0.014904983129972418,pred_plus_fs,,,,,1,2026-04-03 02:42:22+0800
20260402,20260403,21,002051.SZ,中工国际,0.0715484601093753,56.928571,0.01,建筑工程,23900636700,1,006aa00f4622e814853fdf7f685cc7f5bc81b4ac,2026-04-02T12:35:55Z,20260403,0.0715484601093753,,2051,建筑工程,北京,主板,20060619,9.0,9.91,8.97,9.91,9.9889,0.9018191083729946,9.9889,1.042337638748738,1.0090715438950555,8.979828456104945,904581.92,864614.895,7.3107,20.109,2.32,1.1553004762889262e-05,,,,,,,,1226272.2566,,,,204162.55,53307.14,96511.2,107651.35,,,,0.0,,,0.0,,,,,,0.0,,,,,,,,U,0.0,70108304.0,70108304.0,102439.0,102439.0,,,,,,9.91,8.11,0.0,,,0.0,1.0,0.0,2.228089358599713,20260402,20260403,,RISK_ON,,0.351499348,0.98,0.98,0.98,True,lgbm,/home/runner/work/top10-decision/top10-decision/models/pfill_lgbm.joblib,meta_feature_contract,/home/runner/work/top10-decision/top10-decision/models/pfill_meta.json,88,board|area|market|latest_change_reason|limit_type|prior_board,82,symbol|board|area|market|market_regime|latest_change_reason|limit_type|prior_board,88,16,sample_weight|is_cold_start|feature_coverage_score|prior_strength_score|prior_theme_boost|prior_seal_amount|prior_open_times|prior_turnover_rate,25,trade_date|verify_date|ts_code|name|prob|StrengthScore|ThemeBoost|run_id,6,board|area|market|latest_change_reason|limit_type|prior_board,88,rank:int64|sample_weight:float64|is_cold_start:float64|feature_coverage_score:float64|symbol:int64|board:float64|area:float64|market:float64,model:lgbm,,0.0061764538032812585,0.01759491095238753,0.01759491095238753,0.01759491095238753,0.01759491095238753,True,lr,/home/runner/work/top10-decision/top10-decision/models/eret_lr.joblib,meta_feature_contract,/home/runner/work/top10-decision/top10-decision/models/eret_meta.json,92,board|area|market|limit_type|prior_board,87,,92,20,close_t2.1|sample_weight|is_cold_start|feature_coverage_score|open_t1|prior_strength_score|prior_theme_boost|prior_seal_amount,49,trade_date|verify_date|ts_code|name|prob|StrengthScore|ThemeBoost|run_id,5,board|area|market|limit_type|prior_board,92,rank:float64|close_t2.1:float64|sample_weight:float64|is_cold_start:float64|feature_coverage_score:float64|open_t1:float64|symbol:float64|board:float64,model:lr,,RISK_ON,0.0002,0.0005,2.4125500000000008e-05,0.0,0.0,0.0004,0.0,0.0011241254999999999,0.0011241254999999999,0.0,0.0,0.0,0.0,0.0,0.006,0.0,0.0,0.0,0.0,0.0,0.0,0.0,0.0027,0.0,0.0027,0.0027,0.0,0.0,0.0,0.0,0.0,0.0027,0.0027,0.013418887233339775,0.0,0.0,0.0,0.004395,0.004395,0.009023887233339776,v1_1_exec_aware,0.009023887233339776,pred_plus_fs,,,,,1,2026-04-03 02:42:22+0800
20260402,20260403,22,603042.SH,华脉科技,0.0380364710134862,57.107143,0.1736599148755986,通信设备,23900636700,1,006aa00f4622e814853fdf7f685cc7f5bc81b4ac,2026-04-02T12:35:55Z,20260403,0.0380364710134862,,603042,通信设备,江苏,主板,20170602,19.59,21.76,19.48,21.76,10.0101,1.976367153795152,10.0101,1.1536318014705886,1.097974126838236,8.912125873161763,312433.48,666048.87,19.4554,25.2605,1.4,1.5029077370854182e-05,,,,,,,,349443.4918,,,,204162.55,53307.14,96511.2,107651.35,,2.0,7.0,1.0,7.0,2.0,0.0,,,,,,0.0,,,,,,,,U,1.0,32524084.0,32524084.0,94812.0,135318.0,,,,,,21.76,17.8,1.0,7.0,2.0,0.0,1.0,0.0,1.8558133920712612,20260402,20260403,,RISK_ON,,0.491014958,0.98,0.98,0.98,True,lgbm,/home/runner/work/top10-decision/top10-decision/models/pfill_lgbm.joblib,meta_feature_contract,/home/runner/work/top10-decision/top10-decision/models/pfill_meta.json,88,board|area|market|latest_change_reason|limit_type|prior_board,82,symbol|board|area|market|market_regime|latest_change_reason|limit_type|prior_board,88,16,sample_weight|is_cold_start|feature_coverage_score|prior_strength_score|prior_theme_boost|prior_seal_amount|prior_open_times|prior_turnover_rate,25,trade_date|verify_date|ts_code|name|prob|StrengthScore|ThemeBoost|run_id,6,board|area|market|latest_change_reason|limit_type|prior_board,88,rank:int64|sample_weight:float64|is_cold_start:float64|feature_coverage_score:float64|symbol:int64|board:float64|area:float64|market:float64,model:lgbm,,0.005662073875031382,-0.018969048347371738,-0.018969048347371738,-0.018969048347371738,-0.018969048347371738,True,lr,/home/runner/work/top10-decision/top10-decision/models/eret_lr.joblib,meta_feature_contract,/home/runner/work/top10-decision/top10-decision/models/eret_meta.json,92,board|area|market|limit_type|prior_board,87,,92,20,close_t2.1|sample_weight|is_cold_start|feature_coverage_score|open_t1|prior_strength_score|prior_theme_boost|prior_seal_amount,49,trade_date|verify_date|ts_code|name|prob|StrengthScore|ThemeBoost|run_id,5,board|area|market|limit_type|prior_board,92,rank:float64|close_t2.1:float64|sample_weight:float64|is_cold_start:float64|feature_coverage_score:float64|open_t1:float64|symbol:float64|board:float64,model:lr,,RISK_ON,0.0002,0.0005,0.00047277000000000007,0.00011999999999999999,0.0,0.0004,0.0,0.0016927700000000001,0.0016927700000000001,0.0,0.005,0.002,0.0,0.0,0.006,0.0014851333333333336,0.0,0.0,0.0,0.0,0.0,0.005,0.0027,0.0006,0.0083,0.0083,0.0014851333333333336,0.0,0.0014851333333333336,0.0014851333333333336,0.0,0.009785133333333335,0.009785133333333335,-0.030067570713757638,0.0,0.0,0.0,0.01085162,0.01085162,-0.04091919071375764,v1_1_exec_aware,-0.04091919071375764,pred_plus_fs,,,,,1,2026-04-03 02:42:22+0800
20260402,20260403,23,002038.SZ,双鹭药业,0.0466982700151604,43.5,0.3351513965909831,生物制药,23900636700,1,006aa00f4622e814853fdf7f685cc7f5bc81b4ac,2026-04-02T12:35:55Z,20260403,0.0466982700151604,,2038,生物制药,北京,主板,20040909,7.76,8.55,7.55,8.55,10.0386,0.7745547442610476,10.0386,1.2910643274853812,1.019940818713451,9.018659181286548,1868699.33,1509525.171,21.9353,29.4714,1.52,6.650170658200969e-06,,,,,,,,878384.25,,,,204162.55,53307.14,96511.2,107651.35,,2.0,5.0,1.0,5.0,2.0,0.0,94260223.25,6.24,16.64,7283860159.95,16.64,0.0,,,,,,,,U,0.0,29932429.0,29932429.0,145409.0,145409.0,,,,,,8.55,6.99,1.0,5.0,2.0,0.0,1.0,0.0,2.347381738573243,20260402,20260403,,RISK_ON,,0.43503378549999994,0.98,0.98,0.98,True,lgbm,/home/runner/work/top10-decision/top10-decision/models/pfill_lgbm.joblib,meta_feature_contract,/home/runner/work/top10-decision/top10-decision/models/pfill_meta.json,88,board|area|market|latest_change_reason|limit_type|prior_board,82,symbol|board|area|market|market_regime|latest_change_reason|limit_type|prior_board,88,16,sample_weight|is_cold_start|feature_coverage_score|prior_strength_score|prior_theme_boost|prior_seal_amount|prior_open_times|prior_turnover_rate,25,trade_date|verify_date|ts_code|name|prob|StrengthScore|ThemeBoost|run_id,6,board|area|market|latest_change_reason|limit_type|prior_board,88,rank:int64|sample_weight:float64|is_cold_start:float64|feature_coverage_score:float64|symbol:int64|board:float64|area:float64|market:float64,model:lgbm,,0.006406402290227762,0.019772798954116842,0.019772798954116842,0.019772798954116842,0.019772798954116842,True,lr,/home/runner/work/top10-decision/top10-decision/models/eret_lr.joblib,meta_feature_contract,/home/runner/work/top10-decision/top10-decision/models/eret_meta.json,92,board|area|market|limit_type|prior_board,87,,92,20,close_t2.1|sample_weight|is_cold_start|feature_coverage_score|open_t1|prior_strength_score|prior_theme_boost|prior_seal_amount,49,trade_date|verify_date|ts_code|name|prob|StrengthScore|ThemeBoost|run_id,5,board|area|market|limit_type|prior_board,92,rank:float64|close_t2.1:float64|sample_weight:float64|is_cold_start:float64|feature_coverage_score:float64|open_t1:float64|symbol:float64|board:float64,model:lr,,RISK_ON,0.0002,0.0005,0.0005967650000000001,0.0,0.0,0.0004,0.0,0.0016967649999999998,0.0016967649999999998,0.0,0.0,0.0,0.0,0.0,0.006,0.002311766666666667,0.0,0.0,0.0,0.0,0.0,0.0,0.0027,0.0,0.0027,0.0027,0.002311766666666667,0.0,0.002311766666666667,0.002311766666666667,0.0,0.005011766666666667,0.005011766666666667,0.012668811308367837,0.0,0.0,0.0,0.005435295,0.005435295,0.007233516308367837,v1_1_exec_aware,0.007233516308367837,pred_plus_fs,,,,,1,2026-04-03 02:42:22+0800
20260402,20260403,24,605162.SH,新中港,0.0185087986101446,60.678571,0.0637942950693908,供气供热,23900636700,1,006aa00f4622e814853fdf7f685cc7f5bc81b4ac,2026-04-02T12:35:55Z,20260403,0.0185087986101446,,605162,供气供热,浙江,主板,20210707,13.4,14.05,13.4,14.05,10.0235,1.2745498253730667,10.0235,0.5099839857651248,0.5099839857651248,9.513516014234876,463188.13,642723.634,11.5626,45.6024,1.32,1.5595349960322137e-05,,,,,,,,562831.7558,,,,204162.55,53307.14,96511.2,107651.35,,1.0,9.0,1.0,9.0,1.0,0.0,15212977.45,2.37,15.36,5628317557.85,15.36,0.0,,,,,,,,U,1.0,31319740.0,31319740.0,93044.0,102356.0,,,,,,14.05,11.49,1.0,9.0,1.0,0.0,1.0,0.0,1.8518951964393515,20260402,20260403,,RISK_ON,,0.45215312999999996,0.98,0.98,0.98,True,lgbm,/home/runner/work/top10-decision/top10-decision/models/pfill_lgbm.joblib,meta_feature_contract,/home/runner/work/top10-decision/top10-decision/models/pfill_meta.json,88,board|area|market|latest_change_reason|limit_type|prior_board,82,symbol|board|area|market|market_regime|latest_change_reason|limit_type|prior_board,88,16,sample_weight|is_cold_start|feature_coverage_score|prior_strength_score|prior_theme_boost|prior_seal_amount|prior_open_times|prior_turnover_rate,25,trade_date|verify_date|ts_code|name|prob|StrengthScore|ThemeBoost|run_id,6,board|area|market|latest_change_reason|limit_type|prior_board,88,rank:int64|sample_weight:float64|is_cold_start:float64|feature_coverage_score:float64|symbol:int64|board:float64|area:float64|market:float64,model:lgbm,,0.004746646843512511,0.008935822086630942,0.008935822086630942,0.008935822086630942,0.008935822086630942,True,lr,/home/runner/work/top10-decision/top10-decision/models/eret_lr.joblib,meta_feature_contract,/home/runner/work/top10-decision/top10-decision/models/eret_meta.json,92,board|area|market|limit_type|prior_board,87,,92,20,close_t2.1|sample_weight|is_cold_start|feature_coverage_score|open_t1|prior_strength_score|prior_theme_boost|prior_seal_amount,49,trade_date|verify_date|ts_code|name|prob|StrengthScore|ThemeBoost|run_id,5,board|area|market|limit_type|prior_board,92,rank:float64|close_t2.1:float64|sample_weight:float64|is_cold_start:float64|feature_coverage_score:float64|open_t1:float64|symbol:float64|board:float64,model:lr,,RISK_ON,0.0002,0.0005,0.00012469099999999996,0.00011999999999999999,0.0,0.0004,0.0,0.0013446909999999999,0.0013446909999999999,0.0,0.005,0.002,0.0,0.0,0.006,0.0,0.0,0.0,0.0,0.0,0.0,0.005,0.0027,0.0006,0.0083,0.0083,0.0,0.0,0.0,0.0,0.0,0.0083,0.0083,-0.000887585355101677,0.0,0.0,0.0,0.009515,0.009515,-0.010402585355101676,v1_1_exec_aware,-0.010402585355101676,pred_plus_fs,,,,,1,2026-04-03 02:42:22+0800
20260402,20260403,25,600594.SH,益佰制药,0.0685879529945257,39.785714,0.1179060031977598,中成药,23900636700,1,006aa00f4622e814853fdf7f685cc7f5bc81b4ac,2026-04-02T12:35:55Z,20260403,0.0685879529945257,,600594,中成药,贵州,主板,20040323,4.45,4.8,4.32,4.8,10.0917,0.4327560247752824,10.0917,1.1091699999999989,0.8087697916666658,9.282930208333331,1603451.0,735582.395,20.2474,26.4391,5.41,1.371933323662538e-05,,,,,,,,380125.152,,,,204162.55,53307.14,96511.2,107651.35,,1.0,8.0,1.0,8.0,1.0,0.0,-25225394.4,-2.23,17.6,3801251520.0,17.6,0.0,,,,,,,,U,0.0,62498880.0,62498880.0,102851.0,102851.0,,,,,,4.8,3.92,1.0,8.0,1.0,0.0,1.0,0.0,2.4533329668394264,20260402,20260403,,RISK_ON,,0.41875056,0.6449229988060375,0.6449229988060375,0.6449229988060375,True,lgbm,/home/runner/work/top10-decision/top10-decision/models/pfill_lgbm.joblib,meta_feature_contract,/home/runner/work/top10-decision/top10-decision/models/pfill_meta.json,88,board|area|market|latest_change_reason|limit_type|prior_board,82,symbol|board|area|market|market_regime|latest_change_reason|limit_type|prior_board,88,16,sample_weight|is_cold_start|feature_coverage_score|prior_strength_score|prior_theme_boost|prior_seal_amount|prior_open_times|prior_turnover_rate,25,trade_date|verify_date|ts_code|name|prob|StrengthScore|ThemeBoost|run_id,6,board|area|market|latest_change_reason|limit_type|prior_board,88,rank:int64|sample_weight:float64|is_cold_start:float64|feature_coverage_score:float64|symbol:int64|board:float64|area:float64|market:float64,model:lgbm,,0.006411356599429051,0.03778513114487733,0.03778513114487733,0.03778513114487733,0.03778513114487733,True,lr,/home/runner/work/top10-decision/top10-decision/models/eret_lr.joblib,meta_feature_contract,/home/runner/work/top10-decision/top10-decision/models/eret_meta.json,92,board|area|market|limit_type|prior_board,87,,92,20,close_t2.1|sample_weight|is_cold_start|feature_coverage_score|open_t1|prior_strength_score|prior_theme_boost|prior_seal_amount,49,trade_date|verify_date|ts_code|name|prob|StrengthScore|ThemeBoost|run_id,5,board|area|market|limit_type|prior_board,92,rank:float64|close_t2.1:float64|sample_weight:float64|is_cold_start:float64|feature_coverage_score:float64|open_t1:float64|symbol:float64|board:float64,model:lr,,RISK_ON,0.0002,0.0005,0.00051237,0.0,0.0,0.0004,0.0001,0.00171237,0.00171237,0.0,0.0,0.0,0.0,0.0,0.006,0.001749133333333333,0.0,0.0,0.0,0.0,0.0,0.0,0.0027,0.0,0.0027,0.0027,0.001749133333333333,0.0,0.001749133333333333,0.001749133333333333,0.0,0.004449133333333333,0.004449133333333333,0.01820699675490036,0.008262156033430947,0.01225539008357737,0.020517546117008317,0.00518211,0.025699656117008318,-0.007492659362107957,v1_1_exec_aware,-0.007492659362107957,pred_plus_fs,,,,,1,2026-04-03 02:42:22+0800
20260402,20260403,26,000155.SZ,川能动力,0.0251131750724441,57.428571,0.01,新型电力,23900636700,1,006aa00f4622e814853fdf7f685cc7f5bc81b4ac,2026-04-02T12:35:55Z,20260403,0.0251131750724441,,155,新型电力,四川,主板,20000926,15.67,16.97,15.28,16.97,9.9806,1.5454528896417317,9.9806,1.0935305833824394,0.8411773718326452,9.139422628167354,897225.29,1464253.495,4.8599,8.0278,0.75,6.816169491198653e-06,,,,,,,,3132947.6764,,,,204162.55,53307.14,96511.2,107651.35,,,,0.0,,,0.0,,,,,,0.0,,,,,,,,U,0.0,89279153.0,89279153.0,95821.0,95821.0,,,,,,16.97,13.89,0.0,,,0.0,1.0,0.0,2.2904595259371217,20260402,20260403,,RISK_ON,,0.32965992349999995,0.98,0.98,0.98,True,lgbm,/home/runner/work/top10-decision/top10-decision/models/pfill_lgbm.joblib,meta_feature_contract,/home/runner/work/top10-decision/top10-decision/models/pfill_meta.json,88,board|area|market|latest_change_reason|limit_type|prior_board,82,symbol|board|area|market|market_regime|latest_change_reason|limit_type|prior_board,88,16,sample_weight|is_cold_start|feature_coverage_score|prior_strength_score|prior_theme_boost|prior_seal_amount|prior_open_times|prior_turnover_rate,25,trade_date|verify_date|ts_code|name|prob|StrengthScore|ThemeBoost|run_id,6,board|area|market|latest_change_reason|limit_type|prior_board,88,rank:int64|sample_weight:float64|is_cold_start:float64|feature_coverage_score:float64|symbol:int64|board:float64|area:float64|market:float64,model:lgbm,,0.004783395252173322,-0.011768283211135556,-0.011768283211135556,-0.011768283211135556,-0.011768283211135556,True,lr,/home/runner/work/top10-decision/top10-decision/models/eret_lr.joblib,meta_feature_contract,/home/runner/work/top10-decision/top10-decision/models/eret_meta.json,92,board|area|market|limit_type|prior_board,87,,92,20,close_t2.1|sample_weight|is_cold_start|feature_coverage_score|open_t1|prior_strength_score|prior_theme_boost|prior_seal_amount,49,trade_date|verify_date|ts_code|name|prob|StrengthScore|ThemeBoost|run_id,5,board|area|market|limit_type|prior_board,92,rank:float64|close_t2.1:float64|sample_weight:float64|is_cold_start:float64|feature_coverage_score:float64|open_t1:float64|symbol:float64|board:float64,model:lr,,RISK_ON,0.0002,0.0005,0.0001099035,0.0,0.0,0.0004,0.0,0.0012099035,0.0012099035,0.0,0.0,0.0,0.0,0.003922712500000001,0.006,0.0,0.0,0.0,0.0,0.0,0.0,0.0,0.004857491875000001,0.0,0.004857491875000001,0.004857491875000001,0.0,0.0,0.0,0.0,0.0,0.004857491875000001,0.004857491875000001,-0.017600312921912845,0.0,0.0,0.0,0.007601817468750001,0.007601817468750001,-0.025202130390662845,v1_1_exec_aware,-0.025202130390662845,pred_plus_fs,,,,,1,2026-04-03 02:42:22+0800
20260402,20260403,27,000788.SZ,北大医药,0.0194117419501616,37.5,0.5458931282264484,化学制药,23900636700,1,006aa00f4622e814853fdf7f685cc7f5bc81b4ac,2026-04-02T12:35:55Z,20260403,0.0194117419501616,,788,化学制药,重庆,主板,19970616,7.15,7.22,6.92,7.22,10.061,0.6527438748756893,10.061,0.4595983379501382,0.1072396121883647,9.953760387811636,1379073.07,989816.774,23.1393,34.5101,5.7,1.0164507476815098e-05,,,,,,,,430302.9209,,,,204162.55,53307.14,96511.2,107651.35,,2.0,3.0,1.0,3.0,2.0,0.0,50634004.79,3.59,23.61,4303029208.5,23.61,0.0,,,,,,,,U,6.0,77260064.0,77260064.0,93000.0,94951.0,,,,,,7.22,5.9,1.0,3.0,2.0,0.0,1.0,0.0,1.644213935672053,20260402,20260403,,RISK_ON,,0.7113699679999999,0.98,0.98,0.98,True,lgbm,/home/runner/work/top10-decision/top10-decision/models/pfill_lgbm.joblib,meta_feature_contract,/home/runner/work/top10-decision/top10-decision/models/pfill_meta.json,88,board|area|market|latest_change_reason|limit_type|prior_board,82,symbol|board|area|market|market_regime|latest_change_reason|limit_type|prior_board,88,16,sample_weight|is_cold_start|feature_coverage_score|prior_strength_score|prior_theme_boost|prior_seal_amount|prior_open_times|prior_turnover_rate,25,trade_date|verify_date|ts_code|name|prob|StrengthScore|ThemeBoost|run_id,6,board|area|market|latest_change_reason|limit_type|prior_board,88,rank:int64|sample_weight:float64|is_cold_start:float64|feature_coverage_score:float64|symbol:int64|board:float64|area:float64|market:float64,model:lgbm,,0.006220031643184193,0.029801035866355234,0.029801035866355234,0.029801035866355234,0.029801035866355234,True,lr,/home/runner/work/top10-decision/top10-decision/models/eret_lr.joblib,meta_feature_contract,/home/runner/work/top10-decision/top10-decision/models/eret_meta.json,92,board|area|market|limit_type|prior_board,87,,92,20,close_t2.1|sample_weight|is_cold_start|feature_coverage_score|open_t1|prior_strength_score|prior_theme_boost|prior_seal_amount,49,trade_date|verify_date|ts_code|name|prob|StrengthScore|ThemeBoost|run_id,5,board|area|market|limit_type|prior_board,92,rank:float64|close_t2.1:float64|sample_weight:float64|is_cold_start:float64|feature_coverage_score:float64|open_t1:float64|symbol:float64|board:float64,model:lr,,RISK_ON,0.0002,0.0005,0.0006569649999999999,0.0006,0.0,0.0004,0.0,0.002356965,0.002356965,0.0,0.005,0.01,0.0,0.0,0.006,0.0027130999999999995,0.0,0.0,0.0,0.0,0.0,0.01,0.0027,0.0015,0.014199999999999999,0.014199999999999999,0.0027130999999999995,0.0,0.0027130999999999995,0.0027130999999999995,0.0,0.0169131,0.0169131,0.009934950149028128,0.0,0.0,0.0,0.020105065000000002,0.020105065000000002,-0.010170114850971874,v1_1_exec_aware,-0.010170114850971874,pred_plus_fs,,,,,1,2026-04-03 02:42:22+0800
20260402,20260403,28,600644.SH,乐山电力,0.0482750682558458,46.75,0.01,水力发电,23900636700,1,006aa00f4622e814853fdf7f685cc7f5bc81b4ac,2026-04-02T12:35:55Z,20260403,0.0482750682558458,,600644,水力发电,四川,主板,19930426,12.3,12.64,12.2,12.64,10.0087,1.1481828008756712,10.0087,0.3832142405063302,0.2961200949367087,9.71257990506329,944077.88,1181754.44,16.3245,32.1159,1.77,8.469356798016345e-06,,,,,,,,730997.514,,,,204162.55,53307.14,96511.2,107651.35,,,,0.0,,,0.0,,,,,,0.0,,,,,,,,U,1.0,73314528.0,73314528.0,93037.0,133052.0,,,,,,12.64,10.34,0.0,,,0.0,1.0,0.0,1.738520442137078,20260402,20260403,,RISK_ON,,0.45496523599999994,0.98,0.98,0.98,True,lgbm,/home/runner/work/top10-decision/top10-decision/models/pfill_lgbm.joblib,meta_feature_contract,/home/runner/work/top10-decision/top10-decision/models/pfill_meta.json,88,board|area|market|latest_change_reason|limit_type|prior_board,82,symbol|board|area|market|market_regime|latest_change_reason|limit_type|prior_board,88,16,sample_weight|is_cold_start|feature_coverage_score|prior_strength_score|prior_theme_boost|prior_seal_amount|prior_open_times|prior_turnover_rate,25,trade_date|verify_date|ts_code|name|prob|StrengthScore|ThemeBoost|run_id,6,board|area|market|latest_change_reason|limit_type|prior_board,88,rank:int64|sample_weight:float64|is_cold_start:float64|feature_coverage_score:float64|symbol:int64|board:float64|area:float64|market:float64,model:lgbm,,0.0054782520476753735,0.018359962308800548,0.018359962308800548,0.018359962308800548,0.018359962308800548,True,lr,/home/runner/work/top10-decision/top10-decision/models/eret_lr.joblib,meta_feature_contract,/home/runner/work/top10-decision/top10-decision/models/eret_meta.json,92,board|area|market|limit_type|prior_board,87,,92,20,close_t2.1|sample_weight|is_cold_start|feature_coverage_score|open_t1|prior_strength_score|prior_theme_boost|prior_seal_amount,49,trade_date|verify_date|ts_code|name|prob|StrengthScore|ThemeBoost|run_id,5,board|area|market|limit_type|prior_board,92,rank:float64|close_t2.1:float64|sample_weight:float64|is_cold_start:float64|feature_coverage_score:float64|open_t1:float64|symbol:float64|board:float64,model:lr,,RISK_ON,0.0002,0.0005,0.00029135749999999996,0.00011999999999999999,0.0,0.0004,0.0,0.0015113574999999998,0.0015113574999999998,0.0,0.005,0.002,0.0,0.0,0.006,0.0,0.0,0.0,0.0,0.0,0.0,0.005,0.0027,0.0006,0.0083,0.0083,0.0,0.0,0.0,0.0,0.0,0.0083,0.0083,0.008181405562624535,0.0,0.0,0.0,0.009515,0.009515,-0.0013335944373754644,v1_1_exec_aware,-0.0013335944373754644,pred_plus_fs,,,,,1,2026-04-03 02:42:22+0800
